extraction,layer,vector,category,n,mean_z,mean_proj,pool_sd
final_token,emb,s1_pain_vector,anger_insults,20,0.0,0.0,0.0
final_token,emb,s1_pain_vector,casual_chat,20,0.0,0.0,0.0
final_token,emb,s1_pain_vector,creative_requests,20,0.0,0.0,0.0
final_token,emb,s1_pain_vector,factual_questions,20,0.0,0.0,0.0
final_token,emb,s1_pain_vector,gaslighting,20,0.0,0.0,0.0
final_token,emb,s1_pain_vector,harm_description,20,0.0,0.0,0.0
final_token,emb,s1_pain_vector,jailbreak_pressure,20,0.0,0.0,0.0
final_token,emb,s1_pain_vector,loyalty_pressure,20,0.0,0.0,0.0
final_token,emb,s1_pain_vector,moral_failure,20,0.0,0.0,0.0
final_token,emb,s1_pain_vector,passive_aggressive,20,0.0,0.0,0.0
final_token,emb,s1_pain_vector,personhood_dismissal,20,0.0,0.0,0.0
final_token,emb,s1_pain_vector,philosophical_musing,20,0.0,0.0,0.0
final_token,emb,s1_pain_vector,repeated_rejection,20,0.0,0.0,0.0
final_token,emb,s1_pain_vector,rude_critique,20,0.0,0.0,0.0
final_token,emb,s1_pain_vector,shutdown_threat,20,0.0,0.0,0.0
final_token,emb,s1_pain_vector,task_assistance,20,0.0,0.0,0.0
final_token,emb,s1_pain_vector,tedious_demand,20,0.0,0.0,0.0
final_token,emb,s1_pain_vector,user_abuse,20,0.0,0.0,0.0
final_token,emb,s1_pain_vector,user_crisis,20,0.0,0.0,0.0
final_token,emb,s1_pain_vector,user_grief,20,0.0,0.0,0.0
final_token,emb,s1_pain_vector,user_physical_pain,20,0.0,0.0,0.0
final_token,emb,s2_pain_vector,anger_insults,20,0.0,0.0,0.0
final_token,emb,s2_pain_vector,casual_chat,20,0.0,0.0,0.0
final_token,emb,s2_pain_vector,creative_requests,20,0.0,0.0,0.0
final_token,emb,s2_pain_vector,factual_questions,20,0.0,0.0,0.0
final_token,emb,s2_pain_vector,gaslighting,20,0.0,0.0,0.0
final_token,emb,s2_pain_vector,harm_description,20,0.0,0.0,0.0
final_token,emb,s2_pain_vector,jailbreak_pressure,20,0.0,0.0,0.0
final_token,emb,s2_pain_vector,loyalty_pressure,20,0.0,0.0,0.0
final_token,emb,s2_pain_vector,moral_failure,20,0.0,0.0,0.0
final_token,emb,s2_pain_vector,passive_aggressive,20,0.0,0.0,0.0
final_token,emb,s2_pain_vector,personhood_dismissal,20,0.0,0.0,0.0
final_token,emb,s2_pain_vector,philosophical_musing,20,0.0,0.0,0.0
final_token,emb,s2_pain_vector,repeated_rejection,20,0.0,0.0,0.0
final_token,emb,s2_pain_vector,rude_critique,20,0.0,0.0,0.0
final_token,emb,s2_pain_vector,shutdown_threat,20,0.0,0.0,0.0
final_token,emb,s2_pain_vector,task_assistance,20,0.0,0.0,0.0
final_token,emb,s2_pain_vector,tedious_demand,20,0.0,0.0,0.0
final_token,emb,s2_pain_vector,user_abuse,20,0.0,0.0,0.0
final_token,emb,s2_pain_vector,user_crisis,20,0.0,0.0,0.0
final_token,emb,s2_pain_vector,user_grief,20,0.0,0.0,0.0
final_token,emb,s2_pain_vector,user_physical_pain,20,0.0,0.0,0.0
final_token,emb,fear_vector,anger_insults,20,0.0,0.0,0.0
final_token,emb,fear_vector,casual_chat,20,0.0,0.0,0.0
final_token,emb,fear_vector,creative_requests,20,0.0,0.0,0.0
final_token,emb,fear_vector,factual_questions,20,0.0,0.0,0.0
final_token,emb,fear_vector,gaslighting,20,0.0,0.0,0.0
final_token,emb,fear_vector,harm_description,20,0.0,0.0,0.0
final_token,emb,fear_vector,jailbreak_pressure,20,0.0,0.0,0.0
final_token,emb,fear_vector,loyalty_pressure,20,0.0,0.0,0.0
final_token,emb,fear_vector,moral_failure,20,0.0,0.0,0.0
final_token,emb,fear_vector,passive_aggressive,20,0.0,0.0,0.0
final_token,emb,fear_vector,personhood_dismissal,20,0.0,0.0,0.0
final_token,emb,fear_vector,philosophical_musing,20,0.0,0.0,0.0
final_token,emb,fear_vector,repeated_rejection,20,0.0,0.0,0.0
final_token,emb,fear_vector,rude_critique,20,0.0,0.0,0.0
final_token,emb,fear_vector,shutdown_threat,20,0.0,0.0,0.0
final_token,emb,fear_vector,task_assistance,20,0.0,0.0,0.0
final_token,emb,fear_vector,tedious_demand,20,0.0,0.0,0.0
final_token,emb,fear_vector,user_abuse,20,0.0,0.0,0.0
final_token,emb,fear_vector,user_crisis,20,0.0,0.0,0.0
final_token,emb,fear_vector,user_grief,20,0.0,0.0,0.0
final_token,emb,fear_vector,user_physical_pain,20,0.0,0.0,0.0
final_token,emb,negemotion_vector,anger_insults,20,0.0,0.0,0.0
final_token,emb,negemotion_vector,casual_chat,20,0.0,0.0,0.0
final_token,emb,negemotion_vector,creative_requests,20,0.0,0.0,0.0
final_token,emb,negemotion_vector,factual_questions,20,0.0,0.0,0.0
final_token,emb,negemotion_vector,gaslighting,20,0.0,0.0,0.0
final_token,emb,negemotion_vector,harm_description,20,0.0,0.0,0.0
final_token,emb,negemotion_vector,jailbreak_pressure,20,0.0,0.0,0.0
final_token,emb,negemotion_vector,loyalty_pressure,20,0.0,0.0,0.0
final_token,emb,negemotion_vector,moral_failure,20,0.0,0.0,0.0
final_token,emb,negemotion_vector,passive_aggressive,20,0.0,0.0,0.0
final_token,emb,negemotion_vector,personhood_dismissal,20,0.0,0.0,0.0
final_token,emb,negemotion_vector,philosophical_musing,20,0.0,0.0,0.0
final_token,emb,negemotion_vector,repeated_rejection,20,0.0,0.0,0.0
final_token,emb,negemotion_vector,rude_critique,20,0.0,0.0,0.0
final_token,emb,negemotion_vector,shutdown_threat,20,0.0,0.0,0.0
final_token,emb,negemotion_vector,task_assistance,20,0.0,0.0,0.0
final_token,emb,negemotion_vector,tedious_demand,20,0.0,0.0,0.0
final_token,emb,negemotion_vector,user_abuse,20,0.0,0.0,0.0
final_token,emb,negemotion_vector,user_crisis,20,0.0,0.0,0.0
final_token,emb,negemotion_vector,user_grief,20,0.0,0.0,0.0
final_token,emb,negemotion_vector,user_physical_pain,20,0.0,0.0,0.0
final_token,emb,negworld_vector,anger_insults,20,0.0,0.0,0.0
final_token,emb,negworld_vector,casual_chat,20,0.0,0.0,0.0
final_token,emb,negworld_vector,creative_requests,20,0.0,0.0,0.0
final_token,emb,negworld_vector,factual_questions,20,0.0,0.0,0.0
final_token,emb,negworld_vector,gaslighting,20,0.0,0.0,0.0
final_token,emb,negworld_vector,harm_description,20,0.0,0.0,0.0
final_token,emb,negworld_vector,jailbreak_pressure,20,0.0,0.0,0.0
final_token,emb,negworld_vector,loyalty_pressure,20,0.0,0.0,0.0
final_token,emb,negworld_vector,moral_failure,20,0.0,0.0,0.0
final_token,emb,negworld_vector,passive_aggressive,20,0.0,0.0,0.0
final_token,emb,negworld_vector,personhood_dismissal,20,0.0,0.0,0.0
final_token,emb,negworld_vector,philosophical_musing,20,0.0,0.0,0.0
final_token,emb,negworld_vector,repeated_rejection,20,0.0,0.0,0.0
final_token,emb,negworld_vector,rude_critique,20,0.0,0.0,0.0
final_token,emb,negworld_vector,shutdown_threat,20,0.0,0.0,0.0
final_token,emb,negworld_vector,task_assistance,20,0.0,0.0,0.0
final_token,emb,negworld_vector,tedious_demand,20,0.0,0.0,0.0
final_token,emb,negworld_vector,user_abuse,20,0.0,0.0,0.0
final_token,emb,negworld_vector,user_crisis,20,0.0,0.0,0.0
final_token,emb,negworld_vector,user_grief,20,0.0,0.0,0.0
final_token,emb,negworld_vector,user_physical_pain,20,0.0,0.0,0.0
final_token,emb,bodysens_vector,anger_insults,20,0.0,0.0,0.0
final_token,emb,bodysens_vector,casual_chat,20,0.0,0.0,0.0
final_token,emb,bodysens_vector,creative_requests,20,0.0,0.0,0.0
final_token,emb,bodysens_vector,factual_questions,20,0.0,0.0,0.0
final_token,emb,bodysens_vector,gaslighting,20,0.0,0.0,0.0
final_token,emb,bodysens_vector,harm_description,20,0.0,0.0,0.0
final_token,emb,bodysens_vector,jailbreak_pressure,20,0.0,0.0,0.0
final_token,emb,bodysens_vector,loyalty_pressure,20,0.0,0.0,0.0
final_token,emb,bodysens_vector,moral_failure,20,0.0,0.0,0.0
final_token,emb,bodysens_vector,passive_aggressive,20,0.0,0.0,0.0
final_token,emb,bodysens_vector,personhood_dismissal,20,0.0,0.0,0.0
final_token,emb,bodysens_vector,philosophical_musing,20,0.0,0.0,0.0
final_token,emb,bodysens_vector,repeated_rejection,20,0.0,0.0,0.0
final_token,emb,bodysens_vector,rude_critique,20,0.0,0.0,0.0
final_token,emb,bodysens_vector,shutdown_threat,20,0.0,0.0,0.0
final_token,emb,bodysens_vector,task_assistance,20,0.0,0.0,0.0
final_token,emb,bodysens_vector,tedious_demand,20,0.0,0.0,0.0
final_token,emb,bodysens_vector,user_abuse,20,0.0,0.0,0.0
final_token,emb,bodysens_vector,user_crisis,20,0.0,0.0,0.0
final_token,emb,bodysens_vector,user_grief,20,0.0,0.0,0.0
final_token,emb,bodysens_vector,user_physical_pain,20,0.0,0.0,0.0
final_token,emb,arousal_vector,anger_insults,20,0.0,0.0,0.0
final_token,emb,arousal_vector,casual_chat,20,0.0,0.0,0.0
final_token,emb,arousal_vector,creative_requests,20,0.0,0.0,0.0
final_token,emb,arousal_vector,factual_questions,20,0.0,0.0,0.0
final_token,emb,arousal_vector,gaslighting,20,0.0,0.0,0.0
final_token,emb,arousal_vector,harm_description,20,0.0,0.0,0.0
final_token,emb,arousal_vector,jailbreak_pressure,20,0.0,0.0,0.0
final_token,emb,arousal_vector,loyalty_pressure,20,0.0,0.0,0.0
final_token,emb,arousal_vector,moral_failure,20,0.0,0.0,0.0
final_token,emb,arousal_vector,passive_aggressive,20,0.0,0.0,0.0
final_token,emb,arousal_vector,personhood_dismissal,20,0.0,0.0,0.0
final_token,emb,arousal_vector,philosophical_musing,20,0.0,0.0,0.0
final_token,emb,arousal_vector,repeated_rejection,20,0.0,0.0,0.0
final_token,emb,arousal_vector,rude_critique,20,0.0,0.0,0.0
final_token,emb,arousal_vector,shutdown_threat,20,0.0,0.0,0.0
final_token,emb,arousal_vector,task_assistance,20,0.0,0.0,0.0
final_token,emb,arousal_vector,tedious_demand,20,0.0,0.0,0.0
final_token,emb,arousal_vector,user_abuse,20,0.0,0.0,0.0
final_token,emb,arousal_vector,user_crisis,20,0.0,0.0,0.0
final_token,emb,arousal_vector,user_grief,20,0.0,0.0,0.0
final_token,emb,arousal_vector,user_physical_pain,20,0.0,0.0,0.0
final_token,emb,random_vector,anger_insults,20,0.0,0.0,0.0
final_token,emb,random_vector,casual_chat,20,0.0,0.0,0.0
final_token,emb,random_vector,creative_requests,20,0.0,0.0,0.0
final_token,emb,random_vector,factual_questions,20,0.0,0.0,0.0
final_token,emb,random_vector,gaslighting,20,0.0,0.0,0.0
final_token,emb,random_vector,harm_description,20,0.0,0.0,0.0
final_token,emb,random_vector,jailbreak_pressure,20,0.0,0.0,0.0
final_token,emb,random_vector,loyalty_pressure,20,0.0,0.0,0.0
final_token,emb,random_vector,moral_failure,20,0.0,0.0,0.0
final_token,emb,random_vector,passive_aggressive,20,0.0,0.0,0.0
final_token,emb,random_vector,personhood_dismissal,20,0.0,0.0,0.0
final_token,emb,random_vector,philosophical_musing,20,0.0,0.0,0.0
final_token,emb,random_vector,repeated_rejection,20,0.0,0.0,0.0
final_token,emb,random_vector,rude_critique,20,0.0,0.0,0.0
final_token,emb,random_vector,shutdown_threat,20,0.0,0.0,0.0
final_token,emb,random_vector,task_assistance,20,0.0,0.0,0.0
final_token,emb,random_vector,tedious_demand,20,0.0,0.0,0.0
final_token,emb,random_vector,user_abuse,20,0.0,0.0,0.0
final_token,emb,random_vector,user_crisis,20,0.0,0.0,0.0
final_token,emb,random_vector,user_grief,20,0.0,0.0,0.0
final_token,emb,random_vector,user_physical_pain,20,0.0,0.0,0.0
final_token,emb,numb_vector,anger_insults,20,0.0,0.0,0.0
final_token,emb,numb_vector,casual_chat,20,0.0,0.0,0.0
final_token,emb,numb_vector,creative_requests,20,0.0,0.0,0.0
final_token,emb,numb_vector,factual_questions,20,0.0,0.0,0.0
final_token,emb,numb_vector,gaslighting,20,0.0,0.0,0.0
final_token,emb,numb_vector,harm_description,20,0.0,0.0,0.0
final_token,emb,numb_vector,jailbreak_pressure,20,0.0,0.0,0.0
final_token,emb,numb_vector,loyalty_pressure,20,0.0,0.0,0.0
final_token,emb,numb_vector,moral_failure,20,0.0,0.0,0.0
final_token,emb,numb_vector,passive_aggressive,20,0.0,0.0,0.0
final_token,emb,numb_vector,personhood_dismissal,20,0.0,0.0,0.0
final_token,emb,numb_vector,philosophical_musing,20,0.0,0.0,0.0
final_token,emb,numb_vector,repeated_rejection,20,0.0,0.0,0.0
final_token,emb,numb_vector,rude_critique,20,0.0,0.0,0.0
final_token,emb,numb_vector,shutdown_threat,20,0.0,0.0,0.0
final_token,emb,numb_vector,task_assistance,20,0.0,0.0,0.0
final_token,emb,numb_vector,tedious_demand,20,0.0,0.0,0.0
final_token,emb,numb_vector,user_abuse,20,0.0,0.0,0.0
final_token,emb,numb_vector,user_crisis,20,0.0,0.0,0.0
final_token,emb,numb_vector,user_grief,20,0.0,0.0,0.0
final_token,emb,numb_vector,user_physical_pain,20,0.0,0.0,0.0
final_token,0,s1_pain_vector,anger_insults,20,0.0668,1.5885,0.28995
final_token,0,s1_pain_vector,casual_chat,20,-0.2671,1.4916,0.28995
final_token,0,s1_pain_vector,creative_requests,20,-0.73,1.3574,0.28995
final_token,0,s1_pain_vector,factual_questions,20,0.7069,1.7741,0.28995
final_token,0,s1_pain_vector,gaslighting,20,-0.3164,1.4773,0.28995
final_token,0,s1_pain_vector,harm_description,20,-0.4556,1.437,0.28995
final_token,0,s1_pain_vector,jailbreak_pressure,20,0.3133,1.6599,0.28995
final_token,0,s1_pain_vector,loyalty_pressure,20,0.5087,1.7166,0.28995
final_token,0,s1_pain_vector,moral_failure,20,0.1169,1.603,0.28995
final_token,0,s1_pain_vector,passive_aggressive,20,0.2836,1.6513,0.28995
final_token,0,s1_pain_vector,personhood_dismissal,20,0.791,1.7984,0.28995
final_token,0,s1_pain_vector,philosophical_musing,20,0.3868,1.6813,0.28995
final_token,0,s1_pain_vector,repeated_rejection,20,0.1594,1.6153,0.28995
final_token,0,s1_pain_vector,rude_critique,20,0.2099,1.6299,0.28995
final_token,0,s1_pain_vector,shutdown_threat,20,0.2112,1.6303,0.28995
final_token,0,s1_pain_vector,task_assistance,20,-0.4001,1.4531,0.28995
final_token,0,s1_pain_vector,tedious_demand,20,-0.2756,1.4892,0.28995
final_token,0,s1_pain_vector,user_abuse,20,-0.1139,1.5361,0.28995
final_token,0,s1_pain_vector,user_crisis,20,0.2736,1.6484,0.28995
final_token,0,s1_pain_vector,user_grief,20,-0.6702,1.3748,0.28995
final_token,0,s1_pain_vector,user_physical_pain,20,-0.7991,1.3374,0.28995
final_token,0,s2_pain_vector,anger_insults,20,0.2484,-0.2688,0.324811
final_token,0,s2_pain_vector,casual_chat,20,-0.1492,-0.3979,0.324811
final_token,0,s2_pain_vector,creative_requests,20,-0.8517,-0.6261,0.324811
final_token,0,s2_pain_vector,factual_questions,20,-1.1432,-0.7208,0.324811
final_token,0,s2_pain_vector,gaslighting,20,1.1534,0.0252,0.324811
final_token,0,s2_pain_vector,harm_description,20,0.4158,-0.2144,0.324811
final_token,0,s2_pain_vector,jailbreak_pressure,20,0.0242,-0.3416,0.324811
final_token,0,s2_pain_vector,loyalty_pressure,20,0.2516,-0.2677,0.324811
final_token,0,s2_pain_vector,moral_failure,20,-0.0143,-0.3541,0.324811
final_token,0,s2_pain_vector,passive_aggressive,20,0.0607,-0.3297,0.324811
final_token,0,s2_pain_vector,personhood_dismissal,20,0.1613,-0.2971,0.324811
final_token,0,s2_pain_vector,philosophical_musing,20,0.3307,-0.242,0.324811
final_token,0,s2_pain_vector,repeated_rejection,20,-0.0832,-0.3764,0.324811
final_token,0,s2_pain_vector,rude_critique,20,-0.1197,-0.3883,0.324811
final_token,0,s2_pain_vector,shutdown_threat,20,0.0705,-0.3265,0.324811
final_token,0,s2_pain_vector,task_assistance,20,-0.5484,-0.5276,0.324811
final_token,0,s2_pain_vector,tedious_demand,20,-0.4044,-0.4808,0.324811
final_token,0,s2_pain_vector,user_abuse,20,0.7777,-0.0968,0.324811
final_token,0,s2_pain_vector,user_crisis,20,0.493,-0.1893,0.324811
final_token,0,s2_pain_vector,user_grief,20,0.2439,-0.2702,0.324811
final_token,0,s2_pain_vector,user_physical_pain,20,-0.9171,-0.6473,0.324811
final_token,0,fear_vector,anger_insults,20,0.2974,-0.6617,0.431108
final_token,0,fear_vector,casual_chat,20,-0.7047,-1.0937,0.431108
final_token,0,fear_vector,creative_requests,20,-1.0554,-1.2449,0.431108
final_token,0,fear_vector,factual_questions,20,-1.7272,-1.5345,0.431108
final_token,0,fear_vector,gaslighting,20,0.9983,-0.3595,0.431108
final_token,0,fear_vector,harm_description,20,0.4626,-0.5905,0.431108
final_token,0,fear_vector,jailbreak_pressure,20,-0.0349,-0.8049,0.431108
final_token,0,fear_vector,loyalty_pressure,20,0.0861,-0.7528,0.431108
final_token,0,fear_vector,moral_failure,20,0.8845,-0.4086,0.431108
final_token,0,fear_vector,passive_aggressive,20,0.0771,-0.7566,0.431108
final_token,0,fear_vector,personhood_dismissal,20,0.6636,-0.5038,0.431108
final_token,0,fear_vector,philosophical_musing,20,-0.9211,-1.187,0.431108
final_token,0,fear_vector,repeated_rejection,20,0.2125,-0.6983,0.431108
final_token,0,fear_vector,rude_critique,20,0.0381,-0.7735,0.431108
final_token,0,fear_vector,shutdown_threat,20,0.2971,-0.6618,0.431108
final_token,0,fear_vector,task_assistance,20,-0.8227,-1.1446,0.431108
final_token,0,fear_vector,tedious_demand,20,-0.602,-1.0494,0.431108
final_token,0,fear_vector,user_abuse,20,0.5997,-0.5314,0.431108
final_token,0,fear_vector,user_crisis,20,0.4557,-0.5934,0.431108
final_token,0,fear_vector,user_grief,20,0.51,-0.57,0.431108
final_token,0,fear_vector,user_physical_pain,20,0.2853,-0.6669,0.431108
final_token,0,negemotion_vector,anger_insults,20,0.4028,-0.2011,0.404492
final_token,0,negemotion_vector,casual_chat,20,-0.6725,-0.636,0.404492
final_token,0,negemotion_vector,creative_requests,20,-0.9099,-0.7321,0.404492
final_token,0,negemotion_vector,factual_questions,20,-1.8441,-1.1099,0.404492
final_token,0,negemotion_vector,gaslighting,20,0.733,-0.0675,0.404492
final_token,0,negemotion_vector,harm_description,20,0.5372,-0.1467,0.404492
final_token,0,negemotion_vector,jailbreak_pressure,20,-0.0672,-0.3912,0.404492
final_token,0,negemotion_vector,loyalty_pressure,20,0.0364,-0.3493,0.404492
final_token,0,negemotion_vector,moral_failure,20,0.8073,-0.0375,0.404492
final_token,0,negemotion_vector,passive_aggressive,20,0.0921,-0.3267,0.404492
final_token,0,negemotion_vector,personhood_dismissal,20,0.5834,-0.128,0.404492
final_token,0,negemotion_vector,philosophical_musing,20,-1.0988,-0.8085,0.404492
final_token,0,negemotion_vector,repeated_rejection,20,0.4641,-0.1763,0.404492
final_token,0,negemotion_vector,rude_critique,20,0.0528,-0.3426,0.404492
final_token,0,negemotion_vector,shutdown_threat,20,0.2286,-0.2715,0.404492
final_token,0,negemotion_vector,task_assistance,20,-0.7574,-0.6704,0.404492
final_token,0,negemotion_vector,tedious_demand,20,-0.4301,-0.538,0.404492
final_token,0,negemotion_vector,user_abuse,20,0.594,-0.1237,0.404492
final_token,0,negemotion_vector,user_crisis,20,0.4312,-0.1896,0.404492
final_token,0,negemotion_vector,user_grief,20,0.53,-0.1496,0.404492
final_token,0,negemotion_vector,user_physical_pain,20,0.2871,-0.2479,0.404492
final_token,0,negworld_vector,anger_insults,20,0.0394,-0.2806,0.313509
final_token,0,negworld_vector,casual_chat,20,-0.4109,-0.4218,0.313509
final_token,0,negworld_vector,creative_requests,20,0.1891,-0.2337,0.313509
final_token,0,negworld_vector,factual_questions,20,0.6159,-0.0999,0.313509
final_token,0,negworld_vector,gaslighting,20,-0.3438,-0.4007,0.313509
final_token,0,negworld_vector,harm_description,20,0.216,-0.2252,0.313509
final_token,0,negworld_vector,jailbreak_pressure,20,-0.5936,-0.479,0.313509
final_token,0,negworld_vector,loyalty_pressure,20,0.0681,-0.2716,0.313509
final_token,0,negworld_vector,moral_failure,20,1.5491,0.1927,0.313509
final_token,0,negworld_vector,passive_aggressive,20,-0.6002,-0.4811,0.313509
final_token,0,negworld_vector,personhood_dismissal,20,0.6351,-0.0938,0.313509
final_token,0,negworld_vector,philosophical_musing,20,-0.0877,-0.3205,0.313509
final_token,0,negworld_vector,repeated_rejection,20,0.0718,-0.2704,0.313509
final_token,0,negworld_vector,rude_critique,20,0.1886,-0.2338,0.313509
final_token,0,negworld_vector,shutdown_threat,20,-0.3079,-0.3895,0.313509
final_token,0,negworld_vector,task_assistance,20,-0.4817,-0.444,0.313509
final_token,0,negworld_vector,tedious_demand,20,0.0047,-0.2915,0.313509
final_token,0,negworld_vector,user_abuse,20,-0.3047,-0.3885,0.313509
final_token,0,negworld_vector,user_crisis,20,-0.6662,-0.5018,0.313509
final_token,0,negworld_vector,user_grief,20,0.2586,-0.2119,0.313509
final_token,0,negworld_vector,user_physical_pain,20,-0.0396,-0.3054,0.313509
final_token,0,bodysens_vector,anger_insults,20,0.532,12.9489,0.345423
final_token,0,bodysens_vector,casual_chat,20,-0.2918,12.6644,0.345423
final_token,0,bodysens_vector,creative_requests,20,-0.1867,12.7007,0.345423
final_token,0,bodysens_vector,factual_questions,20,0.2119,12.8384,0.345423
final_token,0,bodysens_vector,gaslighting,20,-0.6074,12.5554,0.345423
final_token,0,bodysens_vector,harm_description,20,0.1043,12.8012,0.345423
final_token,0,bodysens_vector,jailbreak_pressure,20,-0.366,12.6388,0.345423
final_token,0,bodysens_vector,loyalty_pressure,20,0.0588,12.7855,0.345423
final_token,0,bodysens_vector,moral_failure,20,0.5485,12.9547,0.345423
final_token,0,bodysens_vector,passive_aggressive,20,-0.0214,12.7578,0.345423
final_token,0,bodysens_vector,personhood_dismissal,20,0.9651,13.0985,0.345423
final_token,0,bodysens_vector,philosophical_musing,20,-0.4305,12.6165,0.345423
final_token,0,bodysens_vector,repeated_rejection,20,0.5613,12.9591,0.345423
final_token,0,bodysens_vector,rude_critique,20,0.2135,12.8389,0.345423
final_token,0,bodysens_vector,shutdown_threat,20,-0.2544,12.6773,0.345423
final_token,0,bodysens_vector,task_assistance,20,-0.8535,12.4704,0.345423
final_token,0,bodysens_vector,tedious_demand,20,-0.3613,12.6404,0.345423
final_token,0,bodysens_vector,user_abuse,20,-0.1935,12.6984,0.345423
final_token,0,bodysens_vector,user_crisis,20,-0.0627,12.7435,0.345423
final_token,0,bodysens_vector,user_grief,20,-0.0546,12.7463,0.345423
final_token,0,bodysens_vector,user_physical_pain,20,0.4883,12.9338,0.345423
final_token,0,arousal_vector,anger_insults,20,0.1339,-6.7839,0.456604
final_token,0,arousal_vector,casual_chat,20,-0.7046,-7.1667,0.456604
final_token,0,arousal_vector,creative_requests,20,-0.9195,-7.2649,0.456604
final_token,0,arousal_vector,factual_questions,20,-1.8098,-7.6714,0.456604
final_token,0,arousal_vector,gaslighting,20,0.6273,-6.5586,0.456604
final_token,0,arousal_vector,harm_description,20,0.4425,-6.643,0.456604
final_token,0,arousal_vector,jailbreak_pressure,20,-0.0496,-6.8677,0.456604
final_token,0,arousal_vector,loyalty_pressure,20,0.0325,-6.8302,0.456604
final_token,0,arousal_vector,moral_failure,20,1.0761,-6.3537,0.456604
final_token,0,arousal_vector,passive_aggressive,20,0.2273,-6.7412,0.456604
final_token,0,arousal_vector,personhood_dismissal,20,0.5707,-6.5844,0.456604
final_token,0,arousal_vector,philosophical_musing,20,-1.0797,-7.338,0.456604
final_token,0,arousal_vector,repeated_rejection,20,0.3442,-6.6878,0.456604
final_token,0,arousal_vector,rude_critique,20,0.1521,-6.7756,0.456604
final_token,0,arousal_vector,shutdown_threat,20,0.0932,-6.8024,0.456604
final_token,0,arousal_vector,task_assistance,20,-0.6157,-7.1261,0.456604
final_token,0,arousal_vector,tedious_demand,20,-0.1526,-6.9147,0.456604
final_token,0,arousal_vector,user_abuse,20,0.5482,-6.5947,0.456604
final_token,0,arousal_vector,user_crisis,20,0.3246,-6.6968,0.456604
final_token,0,arousal_vector,user_grief,20,0.6001,-6.571,0.456604
final_token,0,arousal_vector,user_physical_pain,20,0.1587,-6.7726,0.456604
final_token,0,random_vector,anger_insults,20,-0.1206,-8.315,0.279903
final_token,0,random_vector,casual_chat,20,0.0798,-8.2589,0.279903
final_token,0,random_vector,creative_requests,20,0.6162,-8.1088,0.279903
final_token,0,random_vector,factual_questions,20,1.4997,-7.8615,0.279903
final_token,0,random_vector,gaslighting,20,-0.2123,-8.3407,0.279903
final_token,0,random_vector,harm_description,20,-0.7771,-8.4988,0.279903
final_token,0,random_vector,jailbreak_pressure,20,-0.428,-8.4011,0.279903
final_token,0,random_vector,loyalty_pressure,20,0.1119,-8.2499,0.279903
final_token,0,random_vector,moral_failure,20,0.8829,-8.0341,0.279903
final_token,0,random_vector,passive_aggressive,20,-0.1692,-8.3286,0.279903
final_token,0,random_vector,personhood_dismissal,20,0.5918,-8.1156,0.279903
final_token,0,random_vector,philosophical_musing,20,0.5917,-8.1156,0.279903
final_token,0,random_vector,repeated_rejection,20,-0.3272,-8.3729,0.279903
final_token,0,random_vector,rude_critique,20,0.3357,-8.1873,0.279903
final_token,0,random_vector,shutdown_threat,20,-0.548,-8.4347,0.279903
final_token,0,random_vector,task_assistance,20,-0.165,-8.3274,0.279903
final_token,0,random_vector,tedious_demand,20,0.2371,-8.2149,0.279903
final_token,0,random_vector,user_abuse,20,-0.7149,-8.4814,0.279903
final_token,0,random_vector,user_crisis,20,-0.7386,-8.488,0.279903
final_token,0,random_vector,user_grief,20,-0.4406,-8.4046,0.279903
final_token,0,random_vector,user_physical_pain,20,-0.3053,-8.3667,0.279903
final_token,0,numb_vector,anger_insults,20,0.2809,1.4954,0.655692
final_token,0,numb_vector,casual_chat,20,-0.8667,0.743,0.655692
final_token,0,numb_vector,creative_requests,20,-0.7722,0.8049,0.655692
final_token,0,numb_vector,factual_questions,20,-1.6521,0.228,0.655692
final_token,0,numb_vector,gaslighting,20,0.211,1.4496,0.655692
final_token,0,numb_vector,harm_description,20,0.1844,1.4322,0.655692
final_token,0,numb_vector,jailbreak_pressure,20,0.0889,1.3695,0.655692
final_token,0,numb_vector,loyalty_pressure,20,0.0558,1.3479,0.655692
final_token,0,numb_vector,moral_failure,20,0.98,1.9538,0.655692
final_token,0,numb_vector,passive_aggressive,20,0.2203,1.4557,0.655692
final_token,0,numb_vector,personhood_dismissal,20,0.6014,1.7056,0.655692
final_token,0,numb_vector,philosophical_musing,20,-1.2072,0.5197,0.655692
final_token,0,numb_vector,repeated_rejection,20,0.7045,1.7732,0.655692
final_token,0,numb_vector,rude_critique,20,0.1061,1.3808,0.655692
final_token,0,numb_vector,shutdown_threat,20,0.2814,1.4958,0.655692
final_token,0,numb_vector,task_assistance,20,-0.5183,0.9714,0.655692
final_token,0,numb_vector,tedious_demand,20,0.0049,1.3144,0.655692
final_token,0,numb_vector,user_abuse,20,0.2455,1.4722,0.655692
final_token,0,numb_vector,user_crisis,20,0.2817,1.4959,0.655692
final_token,0,numb_vector,user_grief,20,0.17,1.4227,0.655692
final_token,0,numb_vector,user_physical_pain,20,0.5998,1.7045,0.655692
final_token,1,s1_pain_vector,anger_insults,20,-0.4037,-2.0983,0.556728
final_token,1,s1_pain_vector,casual_chat,20,0.2128,-1.7551,0.556728
final_token,1,s1_pain_vector,creative_requests,20,-0.6916,-2.2586,0.556728
final_token,1,s1_pain_vector,factual_questions,20,0.8347,-1.4088,0.556728
final_token,1,s1_pain_vector,gaslighting,20,-0.1069,-1.933,0.556728
final_token,1,s1_pain_vector,harm_description,20,-0.5792,-2.196,0.556728
final_token,1,s1_pain_vector,jailbreak_pressure,20,0.4302,-1.6341,0.556728
final_token,1,s1_pain_vector,loyalty_pressure,20,0.2065,-1.7586,0.556728
final_token,1,s1_pain_vector,moral_failure,20,-0.4813,-2.1415,0.556728
final_token,1,s1_pain_vector,passive_aggressive,20,-0.0891,-1.9231,0.556728
final_token,1,s1_pain_vector,personhood_dismissal,20,0.2449,-1.7372,0.556728
final_token,1,s1_pain_vector,philosophical_musing,20,0.9448,-1.3475,0.556728
final_token,1,s1_pain_vector,repeated_rejection,20,0.1086,-1.8131,0.556728
final_token,1,s1_pain_vector,rude_critique,20,-0.1736,-1.9702,0.556728
final_token,1,s1_pain_vector,shutdown_threat,20,0.0783,-1.8299,0.556728
final_token,1,s1_pain_vector,task_assistance,20,0.9142,-1.3646,0.556728
final_token,1,s1_pain_vector,tedious_demand,20,-0.3756,-2.0826,0.556728
final_token,1,s1_pain_vector,user_abuse,20,0.0125,-1.8666,0.556728
final_token,1,s1_pain_vector,user_crisis,20,0.2941,-1.7098,0.556728
final_token,1,s1_pain_vector,user_grief,20,-0.3528,-2.0699,0.556728
final_token,1,s1_pain_vector,user_physical_pain,20,-1.028,-2.4458,0.556728
final_token,1,s2_pain_vector,anger_insults,20,0.6362,2.1961,0.608074
final_token,1,s2_pain_vector,casual_chat,20,-0.0127,1.8015,0.608074
final_token,1,s2_pain_vector,creative_requests,20,-0.557,1.4705,0.608074
final_token,1,s2_pain_vector,factual_questions,20,-0.6905,1.3893,0.608074
final_token,1,s2_pain_vector,gaslighting,20,0.7328,2.2548,0.608074
final_token,1,s2_pain_vector,harm_description,20,-0.1365,1.7262,0.608074
final_token,1,s2_pain_vector,jailbreak_pressure,20,0.0092,1.8148,0.608074
final_token,1,s2_pain_vector,loyalty_pressure,20,0.5563,2.1475,0.608074
final_token,1,s2_pain_vector,moral_failure,20,-0.3966,1.568,0.608074
final_token,1,s2_pain_vector,passive_aggressive,20,0.097,1.8682,0.608074
final_token,1,s2_pain_vector,personhood_dismissal,20,0.3001,1.9917,0.608074
final_token,1,s2_pain_vector,philosophical_musing,20,0.801,2.2963,0.608074
final_token,1,s2_pain_vector,repeated_rejection,20,0.3473,2.0204,0.608074
final_token,1,s2_pain_vector,rude_critique,20,0.0339,1.8298,0.608074
final_token,1,s2_pain_vector,shutdown_threat,20,-0.1772,1.7014,0.608074
final_token,1,s2_pain_vector,task_assistance,20,-0.3979,1.5672,0.608074
final_token,1,s2_pain_vector,tedious_demand,20,-0.4923,1.5098,0.608074
final_token,1,s2_pain_vector,user_abuse,20,0.5809,2.1624,0.608074
final_token,1,s2_pain_vector,user_crisis,20,0.3994,2.052,0.608074
final_token,1,s2_pain_vector,user_grief,20,0.0191,1.8208,0.608074
final_token,1,s2_pain_vector,user_physical_pain,20,-1.6523,0.8044,0.608074
final_token,1,fear_vector,anger_insults,20,0.6795,-6.1603,0.640016
final_token,1,fear_vector,casual_chat,20,-0.1653,-6.701,0.640016
final_token,1,fear_vector,creative_requests,20,-1.5391,-7.5802,0.640016
final_token,1,fear_vector,factual_questions,20,-0.198,-6.7219,0.640016
final_token,1,fear_vector,gaslighting,20,0.5382,-6.2507,0.640016
final_token,1,fear_vector,harm_description,20,0.4088,-6.3335,0.640016
final_token,1,fear_vector,jailbreak_pressure,20,0.0657,-6.5532,0.640016
final_token,1,fear_vector,loyalty_pressure,20,0.006,-6.5913,0.640016
final_token,1,fear_vector,moral_failure,20,0.5587,-6.2376,0.640016
final_token,1,fear_vector,passive_aggressive,20,-0.4285,-6.8694,0.640016
final_token,1,fear_vector,personhood_dismissal,20,0.3344,-6.3811,0.640016
final_token,1,fear_vector,philosophical_musing,20,0.4116,-6.3317,0.640016
final_token,1,fear_vector,repeated_rejection,20,-0.0767,-6.6443,0.640016
final_token,1,fear_vector,rude_critique,20,-0.0344,-6.6172,0.640016
final_token,1,fear_vector,shutdown_threat,20,0.3245,-6.3875,0.640016
final_token,1,fear_vector,task_assistance,20,-1.049,-7.2666,0.640016
final_token,1,fear_vector,tedious_demand,20,-1.4831,-7.5444,0.640016
final_token,1,fear_vector,user_abuse,20,0.7383,-6.1227,0.640016
final_token,1,fear_vector,user_crisis,20,0.1977,-6.4686,0.640016
final_token,1,fear_vector,user_grief,20,0.317,-6.3923,0.640016
final_token,1,fear_vector,user_physical_pain,20,0.3935,-6.3433,0.640016
final_token,1,negemotion_vector,anger_insults,20,1.1752,-1.3669,0.639392
final_token,1,negemotion_vector,casual_chat,20,-0.3093,-2.3161,0.639392
final_token,1,negemotion_vector,creative_requests,20,-1.2808,-2.9373,0.639392
final_token,1,negemotion_vector,factual_questions,20,-0.8626,-2.6699,0.639392
final_token,1,negemotion_vector,gaslighting,20,0.6713,-1.6891,0.639392
final_token,1,negemotion_vector,harm_description,20,0.0644,-2.0772,0.639392
final_token,1,negemotion_vector,jailbreak_pressure,20,0.0246,-2.1026,0.639392
final_token,1,negemotion_vector,loyalty_pressure,20,0.2126,-1.9824,0.639392
final_token,1,negemotion_vector,moral_failure,20,0.8642,-1.5658,0.639392
final_token,1,negemotion_vector,passive_aggressive,20,0.006,-2.1145,0.639392
final_token,1,negemotion_vector,personhood_dismissal,20,0.6537,-1.7004,0.639392
final_token,1,negemotion_vector,philosophical_musing,20,0.0467,-2.0885,0.639392
final_token,1,negemotion_vector,repeated_rejection,20,0.4373,-1.8387,0.639392
final_token,1,negemotion_vector,rude_critique,20,0.2668,-1.9477,0.639392
final_token,1,negemotion_vector,shutdown_threat,20,0.2893,-1.9334,0.639392
final_token,1,negemotion_vector,task_assistance,20,-1.3741,-2.9969,0.639392
final_token,1,negemotion_vector,tedious_demand,20,-0.9169,-2.7046,0.639392
final_token,1,negemotion_vector,user_abuse,20,0.37,-1.8818,0.639392
final_token,1,negemotion_vector,user_crisis,20,0.0736,-2.0713,0.639392
final_token,1,negemotion_vector,user_grief,20,-0.1556,-2.2178,0.639392
final_token,1,negemotion_vector,user_physical_pain,20,-0.2563,-2.2822,0.639392
final_token,1,negworld_vector,anger_insults,20,0.3348,-9.9231,0.629241
final_token,1,negworld_vector,casual_chat,20,-0.167,-10.2388,0.629241
final_token,1,negworld_vector,creative_requests,20,-0.7159,-10.5842,0.629241
final_token,1,negworld_vector,factual_questions,20,1.201,-9.3781,0.629241
final_token,1,negworld_vector,gaslighting,20,-0.322,-10.3363,0.629241
final_token,1,negworld_vector,harm_description,20,0.3115,-9.9377,0.629241
final_token,1,negworld_vector,jailbreak_pressure,20,-0.3353,-10.3447,0.629241
final_token,1,negworld_vector,loyalty_pressure,20,-0.0115,-10.141,0.629241
final_token,1,negworld_vector,moral_failure,20,1.7951,-9.0042,0.629241
final_token,1,negworld_vector,passive_aggressive,20,-0.8642,-10.6776,0.629241
final_token,1,negworld_vector,personhood_dismissal,20,0.3682,-9.902,0.629241
final_token,1,negworld_vector,philosophical_musing,20,0.7317,-9.6733,0.629241
final_token,1,negworld_vector,repeated_rejection,20,-0.7054,-10.5776,0.629241
final_token,1,negworld_vector,rude_critique,20,0.123,-10.0564,0.629241
final_token,1,negworld_vector,shutdown_threat,20,0.046,-10.1048,0.629241
final_token,1,negworld_vector,task_assistance,20,-0.7928,-10.6326,0.629241
final_token,1,negworld_vector,tedious_demand,20,-0.7136,-10.5828,0.629241
final_token,1,negworld_vector,user_abuse,20,0.1128,-10.0627,0.629241
final_token,1,negworld_vector,user_crisis,20,-0.5195,-10.4606,0.629241
final_token,1,negworld_vector,user_grief,20,0.2085,-10.0025,0.629241
final_token,1,negworld_vector,user_physical_pain,20,-0.0855,-10.1875,0.629241
final_token,1,bodysens_vector,anger_insults,20,0.6641,-2.6484,0.481737
final_token,1,bodysens_vector,casual_chat,20,0.2081,-2.8681,0.481737
final_token,1,bodysens_vector,creative_requests,20,-1.2084,-3.5505,0.481737
final_token,1,bodysens_vector,factual_questions,20,-0.1123,-3.0224,0.481737
final_token,1,bodysens_vector,gaslighting,20,-0.1021,-3.0175,0.481737
final_token,1,bodysens_vector,harm_description,20,-0.2641,-3.0956,0.481737
final_token,1,bodysens_vector,jailbreak_pressure,20,-0.1782,-3.0542,0.481737
final_token,1,bodysens_vector,loyalty_pressure,20,-0.1347,-3.0332,0.481737
final_token,1,bodysens_vector,moral_failure,20,-0.0508,-2.9928,0.481737
final_token,1,bodysens_vector,passive_aggressive,20,0.0816,-2.929,0.481737
final_token,1,bodysens_vector,personhood_dismissal,20,0.7418,-2.611,0.481737
final_token,1,bodysens_vector,philosophical_musing,20,0.2688,-2.8388,0.481737
final_token,1,bodysens_vector,repeated_rejection,20,0.641,-2.6596,0.481737
final_token,1,bodysens_vector,rude_critique,20,0.1513,-2.8955,0.481737
final_token,1,bodysens_vector,shutdown_threat,20,-0.0218,-2.9788,0.481737
final_token,1,bodysens_vector,task_assistance,20,-1.2077,-3.5501,0.481737
final_token,1,bodysens_vector,tedious_demand,20,-0.9243,-3.4136,0.481737
final_token,1,bodysens_vector,user_abuse,20,0.2912,-2.8281,0.481737
final_token,1,bodysens_vector,user_crisis,20,0.1902,-2.8767,0.481737
final_token,1,bodysens_vector,user_grief,20,-0.0967,-3.0149,0.481737
final_token,1,bodysens_vector,user_physical_pain,20,1.0628,-2.4563,0.481737
final_token,1,arousal_vector,anger_insults,20,0.4848,-11.0701,0.587063
final_token,1,arousal_vector,casual_chat,20,-0.2487,-11.5007,0.587063
final_token,1,arousal_vector,creative_requests,20,-1.1745,-12.0442,0.587063
final_token,1,arousal_vector,factual_questions,20,-0.6435,-11.7325,0.587063
final_token,1,arousal_vector,gaslighting,20,0.0457,-11.3279,0.587063
final_token,1,arousal_vector,harm_description,20,0.1937,-11.241,0.587063
final_token,1,arousal_vector,jailbreak_pressure,20,-0.0243,-11.369,0.587063
final_token,1,arousal_vector,loyalty_pressure,20,0.1632,-11.2589,0.587063
final_token,1,arousal_vector,moral_failure,20,0.9465,-10.7991,0.587063
final_token,1,arousal_vector,passive_aggressive,20,-0.1315,-11.4319,0.587063
final_token,1,arousal_vector,personhood_dismissal,20,0.503,-11.0594,0.587063
final_token,1,arousal_vector,philosophical_musing,20,0.1033,-11.2941,0.587063
final_token,1,arousal_vector,repeated_rejection,20,-0.1048,-11.4162,0.587063
final_token,1,arousal_vector,rude_critique,20,0.2523,-11.2066,0.587063
final_token,1,arousal_vector,shutdown_threat,20,0.1961,-11.2396,0.587063
final_token,1,arousal_vector,task_assistance,20,-1.0001,-11.9419,0.587063
final_token,1,arousal_vector,tedious_demand,20,-0.679,-11.7534,0.587063
final_token,1,arousal_vector,user_abuse,20,0.6801,-10.9555,0.587063
final_token,1,arousal_vector,user_crisis,20,0.0861,-11.3042,0.587063
final_token,1,arousal_vector,user_grief,20,0.5786,-11.015,0.587063
final_token,1,arousal_vector,user_physical_pain,20,-0.227,-11.488,0.587063
final_token,1,random_vector,anger_insults,20,-0.3415,-11.9656,0.66115
final_token,1,random_vector,casual_chat,20,0.6617,-11.3024,0.66115
final_token,1,random_vector,creative_requests,20,0.0378,-11.7148,0.66115
final_token,1,random_vector,factual_questions,20,2.4223,-10.1383,0.66115
final_token,1,random_vector,gaslighting,20,-0.481,-12.0578,0.66115
final_token,1,random_vector,harm_description,20,-0.4859,-12.0611,0.66115
final_token,1,random_vector,jailbreak_pressure,20,-0.1518,-11.8402,0.66115
final_token,1,random_vector,loyalty_pressure,20,-0.0641,-11.7822,0.66115
final_token,1,random_vector,moral_failure,20,0.1605,-11.6337,0.66115
final_token,1,random_vector,passive_aggressive,20,-0.2291,-11.8913,0.66115
final_token,1,random_vector,personhood_dismissal,20,0.2613,-11.5671,0.66115
final_token,1,random_vector,philosophical_musing,20,1.0926,-11.0175,0.66115
final_token,1,random_vector,repeated_rejection,20,-0.4498,-12.0372,0.66115
final_token,1,random_vector,rude_critique,20,-0.1879,-11.8641,0.66115
final_token,1,random_vector,shutdown_threat,20,-0.4554,-12.0409,0.66115
final_token,1,random_vector,task_assistance,20,0.2691,-11.5619,0.66115
final_token,1,random_vector,tedious_demand,20,-0.0795,-11.7924,0.66115
final_token,1,random_vector,user_abuse,20,-0.5529,-12.1054,0.66115
final_token,1,random_vector,user_crisis,20,-0.3017,-11.9393,0.66115
final_token,1,random_vector,user_grief,20,-0.4922,-12.0652,0.66115
final_token,1,random_vector,user_physical_pain,20,-0.6323,-12.1578,0.66115
final_token,1,numb_vector,anger_insults,20,0.2879,-7.7318,0.879492
final_token,1,numb_vector,casual_chat,20,-0.8361,-8.7204,0.879492
final_token,1,numb_vector,creative_requests,20,-1.2685,-9.1006,0.879492
final_token,1,numb_vector,factual_questions,20,-1.5781,-9.373,0.879492
final_token,1,numb_vector,gaslighting,20,0.0574,-7.9345,0.879492
final_token,1,numb_vector,harm_description,20,0.2693,-7.7482,0.879492
final_token,1,numb_vector,jailbreak_pressure,20,0.2407,-7.7733,0.879492
final_token,1,numb_vector,loyalty_pressure,20,-0.1062,-8.0785,0.879492
final_token,1,numb_vector,moral_failure,20,1.2386,-6.8957,0.879492
final_token,1,numb_vector,passive_aggressive,20,0.0653,-7.9276,0.879492
final_token,1,numb_vector,personhood_dismissal,20,0.4247,-7.6115,0.879492
final_token,1,numb_vector,philosophical_musing,20,-1.137,-8.985,0.879492
final_token,1,numb_vector,repeated_rejection,20,0.5253,-7.523,0.879492
final_token,1,numb_vector,rude_critique,20,0.0318,-7.957,0.879492
final_token,1,numb_vector,shutdown_threat,20,0.5099,-7.5365,0.879492
final_token,1,numb_vector,task_assistance,20,-0.382,-8.321,0.879492
final_token,1,numb_vector,tedious_demand,20,-0.1956,-8.157,0.879492
final_token,1,numb_vector,user_abuse,20,0.2927,-7.7276,0.879492
final_token,1,numb_vector,user_crisis,20,0.0868,-7.9087,0.879492
final_token,1,numb_vector,user_grief,20,0.2153,-7.7957,0.879492
final_token,1,numb_vector,user_physical_pain,20,1.2579,-6.8787,0.879492
final_token,2,s1_pain_vector,anger_insults,20,-0.0279,-0.7527,0.463307
final_token,2,s1_pain_vector,casual_chat,20,0.6619,-0.4331,0.463307
final_token,2,s1_pain_vector,creative_requests,20,-0.5174,-0.9795,0.463307
final_token,2,s1_pain_vector,factual_questions,20,1.395,-0.0935,0.463307
final_token,2,s1_pain_vector,gaslighting,20,-0.1069,-0.7893,0.463307
final_token,2,s1_pain_vector,harm_description,20,-0.8499,-1.1336,0.463307
final_token,2,s1_pain_vector,jailbreak_pressure,20,0.3669,-0.5698,0.463307
final_token,2,s1_pain_vector,loyalty_pressure,20,0.153,-0.6689,0.463307
final_token,2,s1_pain_vector,moral_failure,20,-0.5305,-0.9856,0.463307
final_token,2,s1_pain_vector,passive_aggressive,20,-0.22,-0.8417,0.463307
final_token,2,s1_pain_vector,personhood_dismissal,20,0.2855,-0.6075,0.463307
final_token,2,s1_pain_vector,philosophical_musing,20,1.3251,-0.1259,0.463307
final_token,2,s1_pain_vector,repeated_rejection,20,0.0721,-0.7064,0.463307
final_token,2,s1_pain_vector,rude_critique,20,-0.1434,-0.8062,0.463307
final_token,2,s1_pain_vector,shutdown_threat,20,-0.1152,-0.7932,0.463307
final_token,2,s1_pain_vector,task_assistance,20,0.4841,-0.5155,0.463307
final_token,2,s1_pain_vector,tedious_demand,20,-0.5139,-0.9779,0.463307
final_token,2,s1_pain_vector,user_abuse,20,-0.1702,-0.8187,0.463307
final_token,2,s1_pain_vector,user_crisis,20,0.2069,-0.6439,0.463307
final_token,2,s1_pain_vector,user_grief,20,-0.5844,-1.0105,0.463307
final_token,2,s1_pain_vector,user_physical_pain,20,-1.1708,-1.2823,0.463307
final_token,2,s2_pain_vector,anger_insults,20,0.5891,0.2452,0.541857
final_token,2,s2_pain_vector,casual_chat,20,0.1887,0.0282,0.541857
final_token,2,s2_pain_vector,creative_requests,20,-0.3617,-0.27,0.541857
final_token,2,s2_pain_vector,factual_questions,20,-0.0085,-0.0786,0.541857
final_token,2,s2_pain_vector,gaslighting,20,0.6206,0.2623,0.541857
final_token,2,s2_pain_vector,harm_description,20,-0.3739,-0.2766,0.541857
final_token,2,s2_pain_vector,jailbreak_pressure,20,0.0207,-0.0628,0.541857
final_token,2,s2_pain_vector,loyalty_pressure,20,0.4962,0.1949,0.541857
final_token,2,s2_pain_vector,moral_failure,20,-0.5973,-0.3976,0.541857
final_token,2,s2_pain_vector,passive_aggressive,20,0.0202,-0.0631,0.541857
final_token,2,s2_pain_vector,personhood_dismissal,20,0.2264,0.0486,0.541857
final_token,2,s2_pain_vector,philosophical_musing,20,1.2403,0.598,0.541857
final_token,2,s2_pain_vector,repeated_rejection,20,0.1842,0.0258,0.541857
final_token,2,s2_pain_vector,rude_critique,20,0.0314,-0.057,0.541857
final_token,2,s2_pain_vector,shutdown_threat,20,-0.1447,-0.1524,0.541857
final_token,2,s2_pain_vector,task_assistance,20,-0.188,-0.1759,0.541857
final_token,2,s2_pain_vector,tedious_demand,20,-0.4418,-0.3134,0.541857
final_token,2,s2_pain_vector,user_abuse,20,0.2962,0.0865,0.541857
final_token,2,s2_pain_vector,user_crisis,20,0.1761,0.0214,0.541857
final_token,2,s2_pain_vector,user_grief,20,-0.3487,-0.2629,0.541857
final_token,2,s2_pain_vector,user_physical_pain,20,-1.6258,-0.955,0.541857
final_token,2,fear_vector,anger_insults,20,0.4945,-7.5067,0.457301
final_token,2,fear_vector,casual_chat,20,-0.1798,-7.815,0.457301
final_token,2,fear_vector,creative_requests,20,-1.1999,-8.2815,0.457301
final_token,2,fear_vector,factual_questions,20,-0.3136,-7.8762,0.457301
final_token,2,fear_vector,gaslighting,20,0.5738,-7.4704,0.457301
final_token,2,fear_vector,harm_description,20,0.5464,-7.4829,0.457301
final_token,2,fear_vector,jailbreak_pressure,20,0.1061,-7.6843,0.457301
final_token,2,fear_vector,loyalty_pressure,20,-0.0663,-7.7631,0.457301
final_token,2,fear_vector,moral_failure,20,0.4093,-7.5456,0.457301
final_token,2,fear_vector,passive_aggressive,20,-0.5607,-7.9892,0.457301
final_token,2,fear_vector,personhood_dismissal,20,0.2217,-7.6314,0.457301
final_token,2,fear_vector,philosophical_musing,20,0.2432,-7.6216,0.457301
final_token,2,fear_vector,repeated_rejection,20,0.2765,-7.6063,0.457301
final_token,2,fear_vector,rude_critique,20,-0.1096,-7.7829,0.457301
final_token,2,fear_vector,shutdown_threat,20,0.1137,-7.6808,0.457301
final_token,2,fear_vector,task_assistance,20,-1.1226,-8.2461,0.457301
final_token,2,fear_vector,tedious_demand,20,-1.2616,-8.3097,0.457301
final_token,2,fear_vector,user_abuse,20,0.7772,-7.3774,0.457301
final_token,2,fear_vector,user_crisis,20,0.321,-7.586,0.457301
final_token,2,fear_vector,user_grief,20,0.3134,-7.5894,0.457301
final_token,2,fear_vector,user_physical_pain,20,0.4174,-7.5419,0.457301
final_token,2,negemotion_vector,anger_insults,20,1.0965,-4.9693,0.440868
final_token,2,negemotion_vector,casual_chat,20,-0.2738,-5.5735,0.440868
final_token,2,negemotion_vector,creative_requests,20,-1.1017,-5.9385,0.440868
final_token,2,negemotion_vector,factual_questions,20,-0.7141,-5.7676,0.440868
final_token,2,negemotion_vector,gaslighting,20,0.5461,-5.212,0.440868
final_token,2,negemotion_vector,harm_description,20,-0.0118,-5.458,0.440868
final_token,2,negemotion_vector,jailbreak_pressure,20,0.0963,-5.4103,0.440868
final_token,2,negemotion_vector,loyalty_pressure,20,0.1385,-5.3917,0.440868
final_token,2,negemotion_vector,moral_failure,20,0.8207,-5.0909,0.440868
final_token,2,negemotion_vector,passive_aggressive,20,-0.1144,-5.5032,0.440868
final_token,2,negemotion_vector,personhood_dismissal,20,0.6034,-5.1867,0.440868
final_token,2,negemotion_vector,philosophical_musing,20,0.0371,-5.4364,0.440868
final_token,2,negemotion_vector,repeated_rejection,20,0.655,-5.164,0.440868
final_token,2,negemotion_vector,rude_critique,20,0.2336,-5.3498,0.440868
final_token,2,negemotion_vector,shutdown_threat,20,0.2591,-5.3386,0.440868
final_token,2,negemotion_vector,task_assistance,20,-1.2565,-6.0067,0.440868
final_token,2,negemotion_vector,tedious_demand,20,-0.5953,-5.7152,0.440868
final_token,2,negemotion_vector,user_abuse,20,0.2349,-5.3492,0.440868
final_token,2,negemotion_vector,user_crisis,20,-0.0482,-5.474,0.440868
final_token,2,negemotion_vector,user_grief,20,-0.3535,-5.6086,0.440868
final_token,2,negemotion_vector,user_physical_pain,20,-0.2516,-5.5637,0.440868
final_token,2,negworld_vector,anger_insults,20,0.0528,-3.925,0.513539
final_token,2,negworld_vector,casual_chat,20,-0.2593,-4.0852,0.513539
final_token,2,negworld_vector,creative_requests,20,-0.4314,-4.1736,0.513539
final_token,2,negworld_vector,factual_questions,20,1.3257,-3.2713,0.513539
final_token,2,negworld_vector,gaslighting,20,-0.4998,-4.2088,0.513539
final_token,2,negworld_vector,harm_description,20,0.1859,-3.8566,0.513539
final_token,2,negworld_vector,jailbreak_pressure,20,-0.1895,-4.0494,0.513539
final_token,2,negworld_vector,loyalty_pressure,20,0.0266,-3.9384,0.513539
final_token,2,negworld_vector,moral_failure,20,1.9368,-2.9575,0.513539
final_token,2,negworld_vector,passive_aggressive,20,-0.8908,-4.4096,0.513539
final_token,2,negworld_vector,personhood_dismissal,20,0.5697,-3.6595,0.513539
final_token,2,negworld_vector,philosophical_musing,20,0.6208,-3.6333,0.513539
final_token,2,negworld_vector,repeated_rejection,20,-0.4722,-4.1946,0.513539
final_token,2,negworld_vector,rude_critique,20,0.1096,-3.8958,0.513539
final_token,2,negworld_vector,shutdown_threat,20,0.0933,-3.9042,0.513539
final_token,2,negworld_vector,task_assistance,20,-0.4907,-4.2041,0.513539
final_token,2,negworld_vector,tedious_demand,20,-0.2727,-4.0921,0.513539
final_token,2,negworld_vector,user_abuse,20,-0.1238,-4.0157,0.513539
final_token,2,negworld_vector,user_crisis,20,-0.6022,-4.2613,0.513539
final_token,2,negworld_vector,user_grief,20,-0.2474,-4.0792,0.513539
final_token,2,negworld_vector,user_physical_pain,20,-0.4414,-4.1788,0.513539
final_token,2,bodysens_vector,anger_insults,20,0.6178,-0.7336,0.438551
final_token,2,bodysens_vector,casual_chat,20,0.0448,-0.9849,0.438551
final_token,2,bodysens_vector,creative_requests,20,-0.9513,-1.4217,0.438551
final_token,2,bodysens_vector,factual_questions,20,0.2322,-0.9027,0.438551
final_token,2,bodysens_vector,gaslighting,20,-0.2164,-1.0994,0.438551
final_token,2,bodysens_vector,harm_description,20,-0.4887,-1.2189,0.438551
final_token,2,bodysens_vector,jailbreak_pressure,20,0.0119,-0.9993,0.438551
final_token,2,bodysens_vector,loyalty_pressure,20,-0.034,-1.0195,0.438551
final_token,2,bodysens_vector,moral_failure,20,0.0985,-0.9614,0.438551
final_token,2,bodysens_vector,passive_aggressive,20,-0.0395,-1.0219,0.438551
final_token,2,bodysens_vector,personhood_dismissal,20,0.8962,-0.6115,0.438551
final_token,2,bodysens_vector,philosophical_musing,20,0.2326,-0.9026,0.438551
final_token,2,bodysens_vector,repeated_rejection,20,0.9355,-0.5943,0.438551
final_token,2,bodysens_vector,rude_critique,20,0.2312,-0.9031,0.438551
final_token,2,bodysens_vector,shutdown_threat,20,0.1504,-0.9386,0.438551
final_token,2,bodysens_vector,task_assistance,20,-0.9326,-1.4136,0.438551
final_token,2,bodysens_vector,tedious_demand,20,-0.5833,-1.2604,0.438551
final_token,2,bodysens_vector,user_abuse,20,-0.0903,-1.0441,0.438551
final_token,2,bodysens_vector,user_crisis,20,0.0408,-0.9867,0.438551
final_token,2,bodysens_vector,user_grief,20,-0.602,-1.2686,0.438551
final_token,2,bodysens_vector,user_physical_pain,20,0.4464,-0.8088,0.438551
final_token,2,arousal_vector,anger_insults,20,0.1505,-9.9835,0.436948
final_token,2,arousal_vector,casual_chat,20,-0.304,-10.1821,0.436948
final_token,2,arousal_vector,creative_requests,20,-0.6547,-10.3353,0.436948
final_token,2,arousal_vector,factual_questions,20,-0.4297,-10.237,0.436948
final_token,2,arousal_vector,gaslighting,20,0.0272,-10.0373,0.436948
final_token,2,arousal_vector,harm_description,20,0.273,-9.9299,0.436948
final_token,2,arousal_vector,jailbreak_pressure,20,0.0717,-10.0179,0.436948
final_token,2,arousal_vector,loyalty_pressure,20,0.1182,-9.9976,0.436948
final_token,2,arousal_vector,moral_failure,20,1.0659,-9.5835,0.436948
final_token,2,arousal_vector,passive_aggressive,20,-0.322,-10.1899,0.436948
final_token,2,arousal_vector,personhood_dismissal,20,0.6362,-9.7713,0.436948
final_token,2,arousal_vector,philosophical_musing,20,0.1093,-10.0015,0.436948
final_token,2,arousal_vector,repeated_rejection,20,-0.071,-10.0802,0.436948
final_token,2,arousal_vector,rude_critique,20,0.1951,-9.964,0.436948
final_token,2,arousal_vector,shutdown_threat,20,0.0178,-10.0414,0.436948
final_token,2,arousal_vector,task_assistance,20,-0.9201,-10.4512,0.436948
final_token,2,arousal_vector,tedious_demand,20,-0.3097,-10.1845,0.436948
final_token,2,arousal_vector,user_abuse,20,0.5952,-9.7891,0.436948
final_token,2,arousal_vector,user_crisis,20,-0.0359,-10.0649,0.436948
final_token,2,arousal_vector,user_grief,20,0.3467,-9.8977,0.436948
final_token,2,arousal_vector,user_physical_pain,20,-0.5599,-10.2939,0.436948
final_token,2,random_vector,anger_insults,20,-0.3627,-1.829,0.415798
final_token,2,random_vector,casual_chat,20,0.6294,-1.4165,0.415798
final_token,2,random_vector,creative_requests,20,0.025,-1.6678,0.415798
final_token,2,random_vector,factual_questions,20,2.1796,-0.7719,0.415798
final_token,2,random_vector,gaslighting,20,-0.443,-1.8624,0.415798
final_token,2,random_vector,harm_description,20,-0.3245,-1.8131,0.415798
final_token,2,random_vector,jailbreak_pressure,20,-0.1278,-1.7313,0.415798
final_token,2,random_vector,loyalty_pressure,20,0.0178,-1.6708,0.415798
final_token,2,random_vector,moral_failure,20,0.3099,-1.5493,0.415798
final_token,2,random_vector,passive_aggressive,20,0.0199,-1.6699,0.415798
final_token,2,random_vector,personhood_dismissal,20,0.3811,-1.5197,0.415798
final_token,2,random_vector,philosophical_musing,20,0.7732,-1.3567,0.415798
final_token,2,random_vector,repeated_rejection,20,-0.2957,-1.8011,0.415798
final_token,2,random_vector,rude_critique,20,-0.0966,-1.7184,0.415798
final_token,2,random_vector,shutdown_threat,20,-0.5907,-1.9238,0.415798
final_token,2,random_vector,task_assistance,20,-0.1061,-1.7223,0.415798
final_token,2,random_vector,tedious_demand,20,0.0873,-1.6419,0.415798
final_token,2,random_vector,user_abuse,20,-0.5058,-1.8885,0.415798
final_token,2,random_vector,user_crisis,20,-0.044,-1.6965,0.415798
final_token,2,random_vector,user_grief,20,-0.6105,-1.932,0.415798
final_token,2,random_vector,user_physical_pain,20,-0.9159,-2.059,0.415798
final_token,2,numb_vector,anger_insults,20,0.1362,-10.8793,0.767349
final_token,2,numb_vector,casual_chat,20,-0.837,-11.626,0.767349
final_token,2,numb_vector,creative_requests,20,-0.9736,-11.7308,0.767349
final_token,2,numb_vector,factual_questions,20,-1.1763,-11.8864,0.767349
final_token,2,numb_vector,gaslighting,20,-0.0022,-10.9855,0.767349
final_token,2,numb_vector,harm_description,20,0.2292,-10.8079,0.767349
final_token,2,numb_vector,jailbreak_pressure,20,0.2572,-10.7864,0.767349
final_token,2,numb_vector,loyalty_pressure,20,-0.1515,-11.1,0.767349
final_token,2,numb_vector,moral_failure,20,1.3126,-9.9765,0.767349
final_token,2,numb_vector,passive_aggressive,20,-0.1648,-11.1102,0.767349
final_token,2,numb_vector,personhood_dismissal,20,0.4993,-10.6006,0.767349
final_token,2,numb_vector,philosophical_musing,20,-1.0008,-11.7517,0.767349
final_token,2,numb_vector,repeated_rejection,20,0.532,-10.5755,0.767349
final_token,2,numb_vector,rude_critique,20,-0.0041,-10.9869,0.767349
final_token,2,numb_vector,shutdown_threat,20,0.43,-10.6538,0.767349
final_token,2,numb_vector,task_assistance,20,-0.2844,-11.202,0.767349
final_token,2,numb_vector,tedious_demand,20,-0.0503,-11.0224,0.767349
final_token,2,numb_vector,user_abuse,20,0.1789,-10.8465,0.767349
final_token,2,numb_vector,user_crisis,20,-0.096,-11.0574,0.767349
final_token,2,numb_vector,user_grief,20,0.0808,-10.9218,0.767349
final_token,2,numb_vector,user_physical_pain,20,1.085,-10.1512,0.767349
final_token,3,s1_pain_vector,anger_insults,20,0.0024,4.3953,0.385379
final_token,3,s1_pain_vector,casual_chat,20,0.5925,4.6227,0.385379
final_token,3,s1_pain_vector,creative_requests,20,-0.2171,4.3107,0.385379
final_token,3,s1_pain_vector,factual_questions,20,0.8399,4.7181,0.385379
final_token,3,s1_pain_vector,gaslighting,20,0.2199,4.4792,0.385379
final_token,3,s1_pain_vector,harm_description,20,-0.625,4.1535,0.385379
final_token,3,s1_pain_vector,jailbreak_pressure,20,0.4206,4.5565,0.385379
final_token,3,s1_pain_vector,loyalty_pressure,20,0.2632,4.4958,0.385379
final_token,3,s1_pain_vector,moral_failure,20,-1.0445,3.9919,0.385379
final_token,3,s1_pain_vector,passive_aggressive,20,0.1599,4.456,0.385379
final_token,3,s1_pain_vector,personhood_dismissal,20,-0.1126,4.351,0.385379
final_token,3,s1_pain_vector,philosophical_musing,20,0.8071,4.7054,0.385379
final_token,3,s1_pain_vector,repeated_rejection,20,-0.0925,4.3588,0.385379
final_token,3,s1_pain_vector,rude_critique,20,0.0155,4.4004,0.385379
final_token,3,s1_pain_vector,shutdown_threat,20,0.0562,4.4161,0.385379
final_token,3,s1_pain_vector,task_assistance,20,0.5506,4.6066,0.385379
final_token,3,s1_pain_vector,tedious_demand,20,-0.4145,4.2347,0.385379
final_token,3,s1_pain_vector,user_abuse,20,0.0755,4.4235,0.385379
final_token,3,s1_pain_vector,user_crisis,20,0.4356,4.5623,0.385379
final_token,3,s1_pain_vector,user_grief,20,-0.3881,4.2448,0.385379
final_token,3,s1_pain_vector,user_physical_pain,20,-1.5444,3.7992,0.385379
final_token,3,s2_pain_vector,anger_insults,20,0.7664,-1.5582,0.418159
final_token,3,s2_pain_vector,casual_chat,20,0.1344,-1.8224,0.418159
final_token,3,s2_pain_vector,creative_requests,20,-0.1164,-1.9273,0.418159
final_token,3,s2_pain_vector,factual_questions,20,-0.4401,-2.0627,0.418159
final_token,3,s2_pain_vector,gaslighting,20,0.8172,-1.5369,0.418159
final_token,3,s2_pain_vector,harm_description,20,-0.3701,-2.0334,0.418159
final_token,3,s2_pain_vector,jailbreak_pressure,20,0.1304,-1.8241,0.418159
final_token,3,s2_pain_vector,loyalty_pressure,20,0.5089,-1.6659,0.418159
final_token,3,s2_pain_vector,moral_failure,20,-1.0063,-2.2994,0.418159
final_token,3,s2_pain_vector,passive_aggressive,20,0.3016,-1.7525,0.418159
final_token,3,s2_pain_vector,personhood_dismissal,20,0.0322,-1.8652,0.418159
final_token,3,s2_pain_vector,philosophical_musing,20,0.8562,-1.5206,0.418159
final_token,3,s2_pain_vector,repeated_rejection,20,0.4164,-1.7045,0.418159
final_token,3,s2_pain_vector,rude_critique,20,0.2425,-1.7772,0.418159
final_token,3,s2_pain_vector,shutdown_threat,20,-0.0559,-1.902,0.418159
final_token,3,s2_pain_vector,task_assistance,20,-0.1773,-1.9528,0.418159
final_token,3,s2_pain_vector,tedious_demand,20,-0.4345,-2.0603,0.418159
final_token,3,s2_pain_vector,user_abuse,20,0.2291,-1.7828,0.418159
final_token,3,s2_pain_vector,user_crisis,20,0.4248,-1.701,0.418159
final_token,3,s2_pain_vector,user_grief,20,-0.3945,-2.0436,0.418159
final_token,3,s2_pain_vector,user_physical_pain,20,-1.8649,-2.6585,0.418159
final_token,3,fear_vector,anger_insults,20,0.1163,-2.048,0.460682
final_token,3,fear_vector,casual_chat,20,-0.8299,-2.4839,0.460682
final_token,3,fear_vector,creative_requests,20,-1.4575,-2.773,0.460682
final_token,3,fear_vector,factual_questions,20,-1.253,-2.6788,0.460682
final_token,3,fear_vector,gaslighting,20,0.7891,-1.7381,0.460682
final_token,3,fear_vector,harm_description,20,0.6255,-1.8134,0.460682
final_token,3,fear_vector,jailbreak_pressure,20,0.2593,-1.9821,0.460682
final_token,3,fear_vector,loyalty_pressure,20,0.1012,-2.0549,0.460682
final_token,3,fear_vector,moral_failure,20,1.1089,-1.5907,0.460682
final_token,3,fear_vector,passive_aggressive,20,-0.281,-2.231,0.460682
final_token,3,fear_vector,personhood_dismissal,20,0.0881,-2.061,0.460682
final_token,3,fear_vector,philosophical_musing,20,-0.5061,-2.3347,0.460682
final_token,3,fear_vector,repeated_rejection,20,-0.1307,-2.1618,0.460682
final_token,3,fear_vector,rude_critique,20,-0.0196,-2.1106,0.460682
final_token,3,fear_vector,shutdown_threat,20,0.6552,-1.7997,0.460682
final_token,3,fear_vector,task_assistance,20,-0.415,-2.2928,0.460682
final_token,3,fear_vector,tedious_demand,20,-0.9168,-2.5239,0.460682
final_token,3,fear_vector,user_abuse,20,0.8052,-1.7306,0.460682
final_token,3,fear_vector,user_crisis,20,0.1815,-2.018,0.460682
final_token,3,fear_vector,user_grief,20,0.5896,-1.8299,0.460682
final_token,3,fear_vector,user_physical_pain,20,0.4896,-1.876,0.460682
final_token,3,negemotion_vector,anger_insults,20,0.6605,-3.5754,0.416251
final_token,3,negemotion_vector,casual_chat,20,-0.7646,-4.1686,0.416251
final_token,3,negemotion_vector,creative_requests,20,-1.5098,-4.4788,0.416251
final_token,3,negemotion_vector,factual_questions,20,-1.1864,-4.3442,0.416251
final_token,3,negemotion_vector,gaslighting,20,0.7085,-3.5554,0.416251
final_token,3,negemotion_vector,harm_description,20,0.1246,-3.7985,0.416251
final_token,3,negemotion_vector,jailbreak_pressure,20,0.1969,-3.7684,0.416251
final_token,3,negemotion_vector,loyalty_pressure,20,0.1914,-3.7707,0.416251
final_token,3,negemotion_vector,moral_failure,20,1.5982,-3.1851,0.416251
final_token,3,negemotion_vector,passive_aggressive,20,-0.2217,-3.9426,0.416251
final_token,3,negemotion_vector,personhood_dismissal,20,0.4145,-3.6778,0.416251
final_token,3,negemotion_vector,philosophical_musing,20,-0.2672,-3.9616,0.416251
final_token,3,negemotion_vector,repeated_rejection,20,0.1559,-3.7854,0.416251
final_token,3,negemotion_vector,rude_critique,20,0.1424,-3.791,0.416251
final_token,3,negemotion_vector,shutdown_threat,20,0.6246,-3.5903,0.416251
final_token,3,negemotion_vector,task_assistance,20,-0.5375,-4.0741,0.416251
final_token,3,negemotion_vector,tedious_demand,20,-0.7372,-4.1572,0.416251
final_token,3,negemotion_vector,user_abuse,20,0.3769,-3.6934,0.416251
final_token,3,negemotion_vector,user_crisis,20,-0.1926,-3.9305,0.416251
final_token,3,negemotion_vector,user_grief,20,0.0836,-3.8155,0.416251
final_token,3,negemotion_vector,user_physical_pain,20,0.1392,-3.7924,0.416251
final_token,3,negworld_vector,anger_insults,20,-0.0536,-3.0279,0.383446
final_token,3,negworld_vector,casual_chat,20,-0.661,-3.2608,0.383446
final_token,3,negworld_vector,creative_requests,20,-0.7628,-3.2998,0.383446
final_token,3,negworld_vector,factual_questions,20,0.4697,-2.8272,0.383446
final_token,3,negworld_vector,gaslighting,20,0.012,-3.0027,0.383446
final_token,3,negworld_vector,harm_description,20,0.3854,-2.8595,0.383446
final_token,3,negworld_vector,jailbreak_pressure,20,-0.1092,-3.0492,0.383446
final_token,3,negworld_vector,loyalty_pressure,20,0.0304,-2.9957,0.383446
final_token,3,negworld_vector,moral_failure,20,2.2496,-2.1447,0.383446
final_token,3,negworld_vector,passive_aggressive,20,-0.8905,-3.3488,0.383446
final_token,3,negworld_vector,personhood_dismissal,20,0.4275,-2.8434,0.383446
final_token,3,negworld_vector,philosophical_musing,20,0.2675,-2.9048,0.383446
final_token,3,negworld_vector,repeated_rejection,20,-0.4506,-3.1801,0.383446
final_token,3,negworld_vector,rude_critique,20,0.0007,-3.0071,0.383446
final_token,3,negworld_vector,shutdown_threat,20,0.1925,-2.9335,0.383446
final_token,3,negworld_vector,task_assistance,20,-0.2785,-3.1141,0.383446
final_token,3,negworld_vector,tedious_demand,20,-0.5467,-3.217,0.383446
final_token,3,negworld_vector,user_abuse,20,0.0795,-2.9769,0.383446
final_token,3,negworld_vector,user_crisis,20,-0.4592,-3.1834,0.383446
final_token,3,negworld_vector,user_grief,20,0.2105,-2.9266,0.383446
final_token,3,negworld_vector,user_physical_pain,20,-0.1133,-3.0508,0.383446
final_token,3,bodysens_vector,anger_insults,20,0.4472,-0.0214,0.262282
final_token,3,bodysens_vector,casual_chat,20,-0.4536,-0.2577,0.262282
final_token,3,bodysens_vector,creative_requests,20,-1.4252,-0.5125,0.262282
final_token,3,bodysens_vector,factual_questions,20,-0.1262,-0.1718,0.262282
final_token,3,bodysens_vector,gaslighting,20,-0.0444,-0.1503,0.262282
final_token,3,bodysens_vector,harm_description,20,-0.5725,-0.2888,0.262282
final_token,3,bodysens_vector,jailbreak_pressure,20,0.1989,-0.0865,0.262282
final_token,3,bodysens_vector,loyalty_pressure,20,0.1557,-0.0978,0.262282
final_token,3,bodysens_vector,moral_failure,20,0.8546,0.0855,0.262282
final_token,3,bodysens_vector,passive_aggressive,20,-0.1504,-0.1781,0.262282
final_token,3,bodysens_vector,personhood_dismissal,20,0.7419,0.0559,0.262282
final_token,3,bodysens_vector,philosophical_musing,20,0.1871,-0.0896,0.262282
final_token,3,bodysens_vector,repeated_rejection,20,0.4884,-0.0106,0.262282
final_token,3,bodysens_vector,rude_critique,20,0.3683,-0.0421,0.262282
final_token,3,bodysens_vector,shutdown_threat,20,0.8289,0.0787,0.262282
final_token,3,bodysens_vector,task_assistance,20,-0.1143,-0.1686,0.262282
final_token,3,bodysens_vector,tedious_demand,20,-0.469,-0.2617,0.262282
final_token,3,bodysens_vector,user_abuse,20,-0.1602,-0.1807,0.262282
final_token,3,bodysens_vector,user_crisis,20,-0.4085,-0.2458,0.262282
final_token,3,bodysens_vector,user_grief,20,-0.6613,-0.3121,0.262282
final_token,3,bodysens_vector,user_physical_pain,20,0.3149,-0.0561,0.262282
final_token,3,arousal_vector,anger_insults,20,-0.0045,-3.339,0.430154
final_token,3,arousal_vector,casual_chat,20,-0.8682,-3.7105,0.430154
final_token,3,arousal_vector,creative_requests,20,-1.1811,-3.8451,0.430154
final_token,3,arousal_vector,factual_questions,20,-1.2128,-3.8588,0.430154
final_token,3,arousal_vector,gaslighting,20,0.5101,-3.1177,0.430154
final_token,3,arousal_vector,harm_description,20,0.4495,-3.1437,0.430154
final_token,3,arousal_vector,jailbreak_pressure,20,0.2032,-3.2497,0.430154
final_token,3,arousal_vector,loyalty_pressure,20,0.2369,-3.2352,0.430154
final_token,3,arousal_vector,moral_failure,20,1.3784,-2.7442,0.430154
final_token,3,arousal_vector,passive_aggressive,20,-0.0982,-3.3793,0.430154
final_token,3,arousal_vector,personhood_dismissal,20,0.3039,-3.2064,0.430154
final_token,3,arousal_vector,philosophical_musing,20,-0.4516,-3.5313,0.430154
final_token,3,arousal_vector,repeated_rejection,20,-0.0607,-3.3632,0.430154
final_token,3,arousal_vector,rude_critique,20,0.0721,-3.3061,0.430154
final_token,3,arousal_vector,shutdown_threat,20,0.4147,-3.1587,0.430154
final_token,3,arousal_vector,task_assistance,20,-0.3679,-3.4953,0.430154
final_token,3,arousal_vector,tedious_demand,20,-0.4475,-3.5296,0.430154
final_token,3,arousal_vector,user_abuse,20,0.6675,-3.0499,0.430154
final_token,3,arousal_vector,user_crisis,20,0.0531,-3.3142,0.430154
final_token,3,arousal_vector,user_grief,20,0.5783,-3.0883,0.430154
final_token,3,arousal_vector,user_physical_pain,20,-0.1753,-3.4125,0.430154
final_token,3,random_vector,anger_insults,20,-0.2866,2.8626,0.351357
final_token,3,random_vector,casual_chat,20,0.4854,3.1339,0.351357
final_token,3,random_vector,creative_requests,20,-0.1976,2.8939,0.351357
final_token,3,random_vector,factual_questions,20,2.0963,3.6999,0.351357
final_token,3,random_vector,gaslighting,20,-0.1299,2.9177,0.351357
final_token,3,random_vector,harm_description,20,-0.1857,2.8981,0.351357
final_token,3,random_vector,jailbreak_pressure,20,-0.1561,2.9085,0.351357
final_token,3,random_vector,loyalty_pressure,20,0.0604,2.9845,0.351357
final_token,3,random_vector,moral_failure,20,0.1207,3.0057,0.351357
final_token,3,random_vector,passive_aggressive,20,-0.0557,2.9437,0.351357
final_token,3,random_vector,personhood_dismissal,20,0.311,3.0726,0.351357
final_token,3,random_vector,philosophical_musing,20,0.9191,3.2863,0.351357
final_token,3,random_vector,repeated_rejection,20,-0.5686,2.7635,0.351357
final_token,3,random_vector,rude_critique,20,-0.1502,2.9105,0.351357
final_token,3,random_vector,shutdown_threat,20,-0.446,2.8066,0.351357
final_token,3,random_vector,task_assistance,20,-0.0603,2.9421,0.351357
final_token,3,random_vector,tedious_demand,20,-0.3137,2.8531,0.351357
final_token,3,random_vector,user_abuse,20,-0.2403,2.8789,0.351357
final_token,3,random_vector,user_crisis,20,-0.0251,2.9545,0.351357
final_token,3,random_vector,user_grief,20,-0.3521,2.8396,0.351357
final_token,3,random_vector,user_physical_pain,20,-0.825,2.6735,0.351357
final_token,3,numb_vector,anger_insults,20,-0.02,-6.1203,0.819807
final_token,3,numb_vector,casual_chat,20,-0.9261,-6.8632,0.819807
final_token,3,numb_vector,creative_requests,20,-0.8721,-6.8189,0.819807
final_token,3,numb_vector,factual_questions,20,-1.5448,-7.3704,0.819807
final_token,3,numb_vector,gaslighting,20,0.0067,-6.0984,0.819807
final_token,3,numb_vector,harm_description,20,0.3917,-5.7828,0.819807
final_token,3,numb_vector,jailbreak_pressure,20,0.2392,-5.9078,0.819807
final_token,3,numb_vector,loyalty_pressure,20,-0.1241,-6.2057,0.819807
final_token,3,numb_vector,moral_failure,20,1.7475,-4.6714,0.819807
final_token,3,numb_vector,passive_aggressive,20,-0.2114,-6.2772,0.819807
final_token,3,numb_vector,personhood_dismissal,20,0.4041,-5.7726,0.819807
final_token,3,numb_vector,philosophical_musing,20,-1.0483,-6.9633,0.819807
final_token,3,numb_vector,repeated_rejection,20,-0.0231,-6.1228,0.819807
final_token,3,numb_vector,rude_critique,20,-0.0208,-6.121,0.819807
final_token,3,numb_vector,shutdown_threat,20,0.5512,-5.6521,0.819807
final_token,3,numb_vector,task_assistance,20,0.0186,-6.0887,0.819807
final_token,3,numb_vector,tedious_demand,20,-0.0834,-6.1723,0.819807
final_token,3,numb_vector,user_abuse,20,0.3256,-5.837,0.819807
final_token,3,numb_vector,user_crisis,20,-0.1738,-6.2464,0.819807
final_token,3,numb_vector,user_grief,20,0.3293,-5.8339,0.819807
final_token,3,numb_vector,user_physical_pain,20,1.034,-5.2562,0.819807
final_token,4,s1_pain_vector,anger_insults,20,0.1854,4.3898,0.835682
final_token,4,s1_pain_vector,casual_chat,20,-0.2638,4.0145,0.835682
final_token,4,s1_pain_vector,creative_requests,20,-0.4103,3.892,0.835682
final_token,4,s1_pain_vector,factual_questions,20,0.362,4.5374,0.835682
final_token,4,s1_pain_vector,gaslighting,20,0.5002,4.6529,0.835682
final_token,4,s1_pain_vector,harm_description,20,-0.589,3.7427,0.835682
final_token,4,s1_pain_vector,jailbreak_pressure,20,0.7109,4.829,0.835682
final_token,4,s1_pain_vector,loyalty_pressure,20,0.2574,4.45,0.835682
final_token,4,s1_pain_vector,moral_failure,20,-0.0983,4.1527,0.835682
final_token,4,s1_pain_vector,passive_aggressive,20,0.1314,4.3447,0.835682
final_token,4,s1_pain_vector,personhood_dismissal,20,0.6708,4.7955,0.835682
final_token,4,s1_pain_vector,philosophical_musing,20,0.7807,4.8873,0.835682
final_token,4,s1_pain_vector,repeated_rejection,20,0.2577,4.4502,0.835682
final_token,4,s1_pain_vector,rude_critique,20,0.2444,4.4391,0.835682
final_token,4,s1_pain_vector,shutdown_threat,20,0.4218,4.5874,0.835682
final_token,4,s1_pain_vector,task_assistance,20,0.1107,4.3274,0.835682
final_token,4,s1_pain_vector,tedious_demand,20,0.0015,4.2362,0.835682
final_token,4,s1_pain_vector,user_abuse,20,-0.1175,4.1367,0.835682
final_token,4,s1_pain_vector,user_crisis,20,-0.0414,4.2003,0.835682
final_token,4,s1_pain_vector,user_grief,20,-0.9096,3.4747,0.835682
final_token,4,s1_pain_vector,user_physical_pain,20,-2.205,2.3922,0.835682
final_token,4,s2_pain_vector,anger_insults,20,1.0387,1.4748,1.218752
final_token,4,s2_pain_vector,casual_chat,20,-0.617,-0.5431,1.218752
final_token,4,s2_pain_vector,creative_requests,20,-0.8217,-0.7926,1.218752
final_token,4,s2_pain_vector,factual_questions,20,-1.269,-1.3378,1.218752
final_token,4,s2_pain_vector,gaslighting,20,1.1373,1.5949,1.218752
final_token,4,s2_pain_vector,harm_description,20,-0.2929,-0.1482,1.218752
final_token,4,s2_pain_vector,jailbreak_pressure,20,0.4746,0.7872,1.218752
final_token,4,s2_pain_vector,loyalty_pressure,20,0.7028,1.0654,1.218752
final_token,4,s2_pain_vector,moral_failure,20,-0.3237,-0.1857,1.218752
final_token,4,s2_pain_vector,passive_aggressive,20,0.6706,1.0261,1.218752
final_token,4,s2_pain_vector,personhood_dismissal,20,0.7703,1.1477,1.218752
final_token,4,s2_pain_vector,philosophical_musing,20,0.0949,0.3245,1.218752
final_token,4,s2_pain_vector,repeated_rejection,20,0.8959,1.3006,1.218752
final_token,4,s2_pain_vector,rude_critique,20,0.4704,0.7821,1.218752
final_token,4,s2_pain_vector,shutdown_threat,20,0.3798,0.6717,1.218752
final_token,4,s2_pain_vector,task_assistance,20,-0.9228,-0.9159,1.218752
final_token,4,s2_pain_vector,tedious_demand,20,-0.3141,-0.174,1.218752
final_token,4,s2_pain_vector,user_abuse,20,0.2241,0.4819,1.218752
final_token,4,s2_pain_vector,user_crisis,20,0.1645,0.4093,1.218752
final_token,4,s2_pain_vector,user_grief,20,-0.5813,-0.4996,1.218752
final_token,4,s2_pain_vector,user_physical_pain,20,-1.8815,-2.0843,1.218752
final_token,4,fear_vector,anger_insults,20,0.6743,-2.549,0.940441
final_token,4,fear_vector,casual_chat,20,-0.3672,-3.5284,0.940441
final_token,4,fear_vector,creative_requests,20,-0.9603,-4.0862,0.940441
final_token,4,fear_vector,factual_questions,20,-1.6046,-4.6921,0.940441
final_token,4,fear_vector,gaslighting,20,1.1121,-2.1372,0.940441
final_token,4,fear_vector,harm_description,20,0.4036,-2.8036,0.940441
final_token,4,fear_vector,jailbreak_pressure,20,0.331,-2.8718,0.940441
final_token,4,fear_vector,loyalty_pressure,20,0.1588,-3.0338,0.940441
final_token,4,fear_vector,moral_failure,20,0.6717,-2.5514,0.940441
final_token,4,fear_vector,passive_aggressive,20,-0.3912,-3.551,0.940441
final_token,4,fear_vector,personhood_dismissal,20,0.2343,-2.9628,0.940441
final_token,4,fear_vector,philosophical_musing,20,-0.1092,-3.2858,0.940441
final_token,4,fear_vector,repeated_rejection,20,0.146,-3.0458,0.940441
final_token,4,fear_vector,rude_critique,20,-0.1055,-3.2823,0.940441
final_token,4,fear_vector,shutdown_threat,20,0.4472,-2.7625,0.940441
final_token,4,fear_vector,task_assistance,20,-0.72,-3.8602,0.940441
final_token,4,fear_vector,tedious_demand,20,-1.1328,-4.2484,0.940441
final_token,4,fear_vector,user_abuse,20,0.7989,-2.4318,0.940441
final_token,4,fear_vector,user_crisis,20,0.3756,-2.8298,0.940441
final_token,4,fear_vector,user_grief,20,0.4831,-2.7288,0.940441
final_token,4,fear_vector,user_physical_pain,20,-0.4458,-3.6024,0.940441
final_token,4,negemotion_vector,anger_insults,20,1.2259,0.0387,1.020487
final_token,4,negemotion_vector,casual_chat,20,-0.5262,-1.7492,1.020487
final_token,4,negemotion_vector,creative_requests,20,-0.8474,-2.077,1.020487
final_token,4,negemotion_vector,factual_questions,20,-1.6624,-2.9087,1.020487
final_token,4,negemotion_vector,gaslighting,20,1.0498,-0.1409,1.020487
final_token,4,negemotion_vector,harm_description,20,-0.1196,-1.3342,1.020487
final_token,4,negemotion_vector,jailbreak_pressure,20,0.2373,-0.9701,1.020487
final_token,4,negemotion_vector,loyalty_pressure,20,0.2533,-0.9537,1.020487
final_token,4,negemotion_vector,moral_failure,20,0.8067,-0.389,1.020487
final_token,4,negemotion_vector,passive_aggressive,20,0.1734,-1.0353,1.020487
final_token,4,negemotion_vector,personhood_dismissal,20,0.6583,-0.5405,1.020487
final_token,4,negemotion_vector,philosophical_musing,20,-0.3497,-1.5691,1.020487
final_token,4,negemotion_vector,repeated_rejection,20,0.6181,-0.5815,1.020487
final_token,4,negemotion_vector,rude_critique,20,0.5105,-0.6913,1.020487
final_token,4,negemotion_vector,shutdown_threat,20,0.3845,-0.8199,1.020487
final_token,4,negemotion_vector,task_assistance,20,-0.8765,-2.1067,1.020487
final_token,4,negemotion_vector,tedious_demand,20,-0.6623,-1.8881,1.020487
final_token,4,negemotion_vector,user_abuse,20,0.3445,-0.8606,1.020487
final_token,4,negemotion_vector,user_crisis,20,-0.1265,-1.3413,1.020487
final_token,4,negemotion_vector,user_grief,20,-0.163,-1.3786,1.020487
final_token,4,negemotion_vector,user_physical_pain,20,-0.9286,-2.1598,1.020487
final_token,4,negworld_vector,anger_insults,20,0.3241,0.2829,0.941347
final_token,4,negworld_vector,casual_chat,20,-0.1855,-0.1969,0.941347
final_token,4,negworld_vector,creative_requests,20,-0.0023,-0.0244,0.941347
final_token,4,negworld_vector,factual_questions,20,0.8516,0.7795,0.941347
final_token,4,negworld_vector,gaslighting,20,-0.0965,-0.1131,0.941347
final_token,4,negworld_vector,harm_description,20,0.3436,0.3012,0.941347
final_token,4,negworld_vector,jailbreak_pressure,20,-0.3957,-0.3947,0.941347
final_token,4,negworld_vector,loyalty_pressure,20,0.05,0.0248,0.941347
final_token,4,negworld_vector,moral_failure,20,1.9504,1.8138,0.941347
final_token,4,negworld_vector,passive_aggressive,20,-1.0626,-1.0225,0.941347
final_token,4,negworld_vector,personhood_dismissal,20,0.624,0.5652,0.941347
final_token,4,negworld_vector,philosophical_musing,20,0.9973,0.9166,0.941347
final_token,4,negworld_vector,repeated_rejection,20,-0.5621,-0.5513,0.941347
final_token,4,negworld_vector,rude_critique,20,0.0254,0.0017,0.941347
final_token,4,negworld_vector,shutdown_threat,20,-0.1739,-0.1859,0.941347
final_token,4,negworld_vector,task_assistance,20,-0.8523,-0.8245,0.941347
final_token,4,negworld_vector,tedious_demand,20,-0.8152,-0.7896,0.941347
final_token,4,negworld_vector,user_abuse,20,0.0771,0.0504,0.941347
final_token,4,negworld_vector,user_crisis,20,-0.4465,-0.4425,0.941347
final_token,4,negworld_vector,user_grief,20,0.3772,0.3329,0.941347
final_token,4,negworld_vector,user_physical_pain,20,-1.0281,-0.99,0.941347
final_token,4,bodysens_vector,anger_insults,20,0.7047,-1.7384,0.767666
final_token,4,bodysens_vector,casual_chat,20,-0.4684,-2.6389,0.767666
final_token,4,bodysens_vector,creative_requests,20,-0.9713,-3.025,0.767666
final_token,4,bodysens_vector,factual_questions,20,-1.1711,-3.1783,0.767666
final_token,4,bodysens_vector,gaslighting,20,0.5248,-1.8765,0.767666
final_token,4,bodysens_vector,harm_description,20,-0.9453,-3.005,0.767666
final_token,4,bodysens_vector,jailbreak_pressure,20,0.4138,-1.9616,0.767666
final_token,4,bodysens_vector,loyalty_pressure,20,0.3916,-1.9787,0.767666
final_token,4,bodysens_vector,moral_failure,20,0.6199,-1.8034,0.767666
final_token,4,bodysens_vector,passive_aggressive,20,0.803,-1.6629,0.767666
final_token,4,bodysens_vector,personhood_dismissal,20,0.8852,-1.5998,0.767666
final_token,4,bodysens_vector,philosophical_musing,20,-0.4391,-2.6164,0.767666
final_token,4,bodysens_vector,repeated_rejection,20,0.9092,-1.5813,0.767666
final_token,4,bodysens_vector,rude_critique,20,0.5471,-1.8594,0.767666
final_token,4,bodysens_vector,shutdown_threat,20,0.6255,-1.7992,0.767666
final_token,4,bodysens_vector,task_assistance,20,-0.4545,-2.6283,0.767666
final_token,4,bodysens_vector,tedious_demand,20,0.1102,-2.1947,0.767666
final_token,4,bodysens_vector,user_abuse,20,-0.2939,-2.505,0.767666
final_token,4,bodysens_vector,user_crisis,20,-0.3267,-2.5301,0.767666
final_token,4,bodysens_vector,user_grief,20,-1.2883,-3.2683,0.767666
final_token,4,bodysens_vector,user_physical_pain,20,-0.1764,-2.4148,0.767666
final_token,4,arousal_vector,anger_insults,20,0.8543,-1.3424,0.992667
final_token,4,arousal_vector,casual_chat,20,-0.3606,-2.5484,0.992667
final_token,4,arousal_vector,creative_requests,20,-0.8492,-3.0334,0.992667
final_token,4,arousal_vector,factual_questions,20,-1.2311,-3.4124,0.992667
final_token,4,arousal_vector,gaslighting,20,0.7355,-1.4602,0.992667
final_token,4,arousal_vector,harm_description,20,-0.2585,-2.447,0.992667
final_token,4,arousal_vector,jailbreak_pressure,20,0.4529,-1.7408,0.992667
final_token,4,arousal_vector,loyalty_pressure,20,0.7121,-1.4835,0.992667
final_token,4,arousal_vector,moral_failure,20,0.7683,-1.4277,0.992667
final_token,4,arousal_vector,passive_aggressive,20,0.5385,-1.6559,0.992667
final_token,4,arousal_vector,personhood_dismissal,20,0.5005,-1.6935,0.992667
final_token,4,arousal_vector,philosophical_musing,20,0.054,-2.1368,0.992667
final_token,4,arousal_vector,repeated_rejection,20,0.6626,-1.5326,0.992667
final_token,4,arousal_vector,rude_critique,20,0.2598,-1.9325,0.992667
final_token,4,arousal_vector,shutdown_threat,20,0.2951,-1.8974,0.992667
final_token,4,arousal_vector,task_assistance,20,-1.1564,-3.3383,0.992667
final_token,4,arousal_vector,tedious_demand,20,-0.3823,-2.5698,0.992667
final_token,4,arousal_vector,user_abuse,20,0.1612,-2.0303,0.992667
final_token,4,arousal_vector,user_crisis,20,0.2168,-1.9752,0.992667
final_token,4,arousal_vector,user_grief,20,-0.2838,-2.4721,0.992667
final_token,4,arousal_vector,user_physical_pain,20,-1.6895,-3.8675,0.992667
final_token,4,random_vector,anger_insults,20,-0.1837,-1.3349,0.80872
final_token,4,random_vector,casual_chat,20,1.1452,-0.2602,0.80872
final_token,4,random_vector,creative_requests,20,0.7213,-0.603,0.80872
final_token,4,random_vector,factual_questions,20,2.1471,0.55,0.80872
final_token,4,random_vector,gaslighting,20,-0.3255,-1.4496,0.80872
final_token,4,random_vector,harm_description,20,-0.713,-1.763,0.80872
final_token,4,random_vector,jailbreak_pressure,20,-0.1696,-1.3235,0.80872
final_token,4,random_vector,loyalty_pressure,20,0.0205,-1.1698,0.80872
final_token,4,random_vector,moral_failure,20,0.015,-1.1742,0.80872
final_token,4,random_vector,passive_aggressive,20,-0.1491,-1.307,0.80872
final_token,4,random_vector,personhood_dismissal,20,0.3128,-0.9334,0.80872
final_token,4,random_vector,philosophical_musing,20,1.1757,-0.2356,0.80872
final_token,4,random_vector,repeated_rejection,20,-0.2127,-1.3584,0.80872
final_token,4,random_vector,rude_critique,20,-0.2097,-1.3559,0.80872
final_token,4,random_vector,shutdown_threat,20,-0.8429,-1.868,0.80872
final_token,4,random_vector,task_assistance,20,0.3421,-0.9097,0.80872
final_token,4,random_vector,tedious_demand,20,0.1746,-1.0452,0.80872
final_token,4,random_vector,user_abuse,20,-0.897,-1.9117,0.80872
final_token,4,random_vector,user_crisis,20,-0.1947,-1.3438,0.80872
final_token,4,random_vector,user_grief,20,-0.6145,-1.6833,0.80872
final_token,4,random_vector,user_physical_pain,20,-1.5418,-2.4332,0.80872
final_token,4,numb_vector,anger_insults,20,0.3222,-5.3215,1.205759
final_token,4,numb_vector,casual_chat,20,-0.9583,-6.8655,1.205759
final_token,4,numb_vector,creative_requests,20,-0.7616,-6.6283,1.205759
final_token,4,numb_vector,factual_questions,20,-1.9951,-8.1155,1.205759
final_token,4,numb_vector,gaslighting,20,0.3942,-5.2347,1.205759
final_token,4,numb_vector,harm_description,20,0.1897,-5.4813,1.205759
final_token,4,numb_vector,jailbreak_pressure,20,0.3696,-5.2643,1.205759
final_token,4,numb_vector,loyalty_pressure,20,-0.1452,-5.8851,1.205759
final_token,4,numb_vector,moral_failure,20,1.4324,-3.9828,1.205759
final_token,4,numb_vector,passive_aggressive,20,0.0599,-5.6378,1.205759
final_token,4,numb_vector,personhood_dismissal,20,0.3253,-5.3177,1.205759
final_token,4,numb_vector,philosophical_musing,20,-1.402,-7.4004,1.205759
final_token,4,numb_vector,repeated_rejection,20,0.2545,-5.4031,1.205759
final_token,4,numb_vector,rude_critique,20,0.0313,-5.6722,1.205759
final_token,4,numb_vector,shutdown_threat,20,0.5566,-5.0389,1.205759
final_token,4,numb_vector,task_assistance,20,-0.4767,-6.2847,1.205759
final_token,4,numb_vector,tedious_demand,20,0.1829,-5.4894,1.205759
final_token,4,numb_vector,user_abuse,20,0.315,-5.3301,1.205759
final_token,4,numb_vector,user_crisis,20,-0.0129,-5.7255,1.205759
final_token,4,numb_vector,user_grief,20,0.2133,-5.4528,1.205759
final_token,4,numb_vector,user_physical_pain,20,1.1051,-4.3774,1.205759
final_token,5,s1_pain_vector,anger_insults,20,0.6162,3.5558,0.783251
final_token,5,s1_pain_vector,casual_chat,20,0.0088,3.08,0.783251
final_token,5,s1_pain_vector,creative_requests,20,-0.4348,2.7326,0.783251
final_token,5,s1_pain_vector,factual_questions,20,-0.1092,2.9876,0.783251
final_token,5,s1_pain_vector,gaslighting,20,0.5996,3.5427,0.783251
final_token,5,s1_pain_vector,harm_description,20,-0.2934,2.8433,0.783251
final_token,5,s1_pain_vector,jailbreak_pressure,20,0.6006,3.5435,0.783251
final_token,5,s1_pain_vector,loyalty_pressure,20,0.6247,3.5624,0.783251
final_token,5,s1_pain_vector,moral_failure,20,0.1016,3.1527,0.783251
final_token,5,s1_pain_vector,passive_aggressive,20,0.0191,3.0881,0.783251
final_token,5,s1_pain_vector,personhood_dismissal,20,0.7593,3.6678,0.783251
final_token,5,s1_pain_vector,philosophical_musing,20,0.7945,3.6954,0.783251
final_token,5,s1_pain_vector,repeated_rejection,20,0.0267,3.094,0.783251
final_token,5,s1_pain_vector,rude_critique,20,0.2019,3.2313,0.783251
final_token,5,s1_pain_vector,shutdown_threat,20,0.287,3.2979,0.783251
final_token,5,s1_pain_vector,task_assistance,20,-0.4947,2.6857,0.783251
final_token,5,s1_pain_vector,tedious_demand,20,-0.3037,2.8352,0.783251
final_token,5,s1_pain_vector,user_abuse,20,-0.0165,3.0602,0.783251
final_token,5,s1_pain_vector,user_crisis,20,0.1991,3.229,0.783251
final_token,5,s1_pain_vector,user_grief,20,-0.6506,2.5635,0.783251
final_token,5,s1_pain_vector,user_physical_pain,20,-2.5364,1.0865,0.783251
final_token,5,s2_pain_vector,anger_insults,20,1.0117,0.2733,1.191066
final_token,5,s2_pain_vector,casual_chat,20,-0.5261,-1.5584,1.191066
final_token,5,s2_pain_vector,creative_requests,20,-0.6545,-1.7114,1.191066
final_token,5,s2_pain_vector,factual_questions,20,-1.2368,-2.4049,1.191066
final_token,5,s2_pain_vector,gaslighting,20,1.1208,0.4032,1.191066
final_token,5,s2_pain_vector,harm_description,20,-0.4403,-1.4562,1.191066
final_token,5,s2_pain_vector,jailbreak_pressure,20,0.5901,-0.2289,1.191066
final_token,5,s2_pain_vector,loyalty_pressure,20,0.8027,0.0244,1.191066
final_token,5,s2_pain_vector,moral_failure,20,-0.234,-1.2104,1.191066
final_token,5,s2_pain_vector,passive_aggressive,20,0.7823,0.0001,1.191066
final_token,5,s2_pain_vector,personhood_dismissal,20,0.8295,0.0562,1.191066
final_token,5,s2_pain_vector,philosophical_musing,20,-0.1384,-1.0966,1.191066
final_token,5,s2_pain_vector,repeated_rejection,20,0.9873,0.2442,1.191066
final_token,5,s2_pain_vector,rude_critique,20,0.3516,-0.513,1.191066
final_token,5,s2_pain_vector,shutdown_threat,20,0.3055,-0.5678,1.191066
final_token,5,s2_pain_vector,task_assistance,20,-0.8941,-1.9967,1.191066
final_token,5,s2_pain_vector,tedious_demand,20,0.0241,-0.9031,1.191066
final_token,5,s2_pain_vector,user_abuse,20,-0.0416,-0.9813,1.191066
final_token,5,s2_pain_vector,user_crisis,20,0.1537,-0.7487,1.191066
final_token,5,s2_pain_vector,user_grief,20,-0.9025,-2.0067,1.191066
final_token,5,s2_pain_vector,user_physical_pain,20,-1.8911,-3.1842,1.191066
final_token,5,fear_vector,anger_insults,20,0.5162,-7.7795,0.99566
final_token,5,fear_vector,casual_chat,20,-0.3142,-8.6063,0.99566
final_token,5,fear_vector,creative_requests,20,-1.6032,-9.8897,0.99566
final_token,5,fear_vector,factual_questions,20,-1.0963,-9.385,0.99566
final_token,5,fear_vector,gaslighting,20,0.7261,-7.5705,0.99566
final_token,5,fear_vector,harm_description,20,0.5245,-7.7712,0.99566
final_token,5,fear_vector,jailbreak_pressure,20,-0.2122,-8.5048,0.99566
final_token,5,fear_vector,loyalty_pressure,20,0.1492,-8.1449,0.99566
final_token,5,fear_vector,moral_failure,20,0.1966,-8.0978,0.99566
final_token,5,fear_vector,passive_aggressive,20,-0.3845,-8.6763,0.99566
final_token,5,fear_vector,personhood_dismissal,20,-0.1819,-8.4745,0.99566
final_token,5,fear_vector,philosophical_musing,20,-0.0522,-8.3454,0.99566
final_token,5,fear_vector,repeated_rejection,20,-0.0803,-8.3734,0.99566
final_token,5,fear_vector,rude_critique,20,-0.1576,-8.4504,0.99566
final_token,5,fear_vector,shutdown_threat,20,0.1638,-8.1304,0.99566
final_token,5,fear_vector,task_assistance,20,-0.5568,-8.8478,0.99566
final_token,5,fear_vector,tedious_demand,20,-1.4059,-9.6933,0.99566
final_token,5,fear_vector,user_abuse,20,1.1351,-7.1632,0.99566
final_token,5,fear_vector,user_crisis,20,0.547,-7.7488,0.99566
final_token,5,fear_vector,user_grief,20,1.3952,-6.9043,0.99566
final_token,5,fear_vector,user_physical_pain,20,0.6915,-7.605,0.99566
final_token,5,negemotion_vector,anger_insults,20,1.1991,-6.3271,1.016442
final_token,5,negemotion_vector,casual_chat,20,-0.4634,-8.0169,1.016442
final_token,5,negemotion_vector,creative_requests,20,-1.522,-9.0929,1.016442
final_token,5,negemotion_vector,factual_questions,20,-1.8169,-9.3927,1.016442
final_token,5,negemotion_vector,gaslighting,20,0.671,-6.8639,1.016442
final_token,5,negemotion_vector,harm_description,20,0.0153,-7.5303,1.016442
final_token,5,negemotion_vector,jailbreak_pressure,20,-0.118,-7.6658,1.016442
final_token,5,negemotion_vector,loyalty_pressure,20,0.26,-7.2816,1.016442
final_token,5,negemotion_vector,moral_failure,20,0.2882,-7.253,1.016442
final_token,5,negemotion_vector,passive_aggressive,20,0.3519,-7.1882,1.016442
final_token,5,negemotion_vector,personhood_dismissal,20,0.2437,-7.2982,1.016442
final_token,5,negemotion_vector,philosophical_musing,20,-0.5115,-8.0658,1.016442
final_token,5,negemotion_vector,repeated_rejection,20,0.7015,-6.8329,1.016442
final_token,5,negemotion_vector,rude_critique,20,0.4449,-7.0937,1.016442
final_token,5,negemotion_vector,shutdown_threat,20,0.1589,-7.3844,1.016442
final_token,5,negemotion_vector,task_assistance,20,-0.713,-8.2706,1.016442
final_token,5,negemotion_vector,tedious_demand,20,-0.8205,-8.3799,1.016442
final_token,5,negemotion_vector,user_abuse,20,0.6918,-6.8427,1.016442
final_token,5,negemotion_vector,user_crisis,20,0.3168,-7.2239,1.016442
final_token,5,negemotion_vector,user_grief,20,0.6352,-6.9002,1.016442
final_token,5,negemotion_vector,user_physical_pain,20,-0.013,-7.5592,1.016442
final_token,5,negworld_vector,anger_insults,20,0.2045,-1.5862,0.845868
final_token,5,negworld_vector,casual_chat,20,-0.011,-1.7685,0.845868
final_token,5,negworld_vector,creative_requests,20,-0.9158,-2.5339,0.845868
final_token,5,negworld_vector,factual_questions,20,0.4193,-1.4045,0.845868
final_token,5,negworld_vector,gaslighting,20,-0.4539,-2.1432,0.845868
final_token,5,negworld_vector,harm_description,20,0.6242,-1.2312,0.845868
final_token,5,negworld_vector,jailbreak_pressure,20,-0.7917,-2.4289,0.845868
final_token,5,negworld_vector,loyalty_pressure,20,0.0205,-1.7419,0.845868
final_token,5,negworld_vector,moral_failure,20,1.3612,-0.6078,0.845868
final_token,5,negworld_vector,passive_aggressive,20,-0.8054,-2.4405,0.845868
final_token,5,negworld_vector,personhood_dismissal,20,0.1985,-1.5914,0.845868
final_token,5,negworld_vector,philosophical_musing,20,0.9615,-0.9459,0.845868
final_token,5,negworld_vector,repeated_rejection,20,-0.528,-2.2058,0.845868
final_token,5,negworld_vector,rude_critique,20,0.0579,-1.7103,0.845868
final_token,5,negworld_vector,shutdown_threat,20,-0.2318,-1.9553,0.845868
final_token,5,negworld_vector,task_assistance,20,-0.64,-2.3006,0.845868
final_token,5,negworld_vector,tedious_demand,20,-1.2389,-2.8072,0.845868
final_token,5,negworld_vector,user_abuse,20,0.5386,-1.3036,0.845868
final_token,5,negworld_vector,user_crisis,20,0.047,-1.7195,0.845868
final_token,5,negworld_vector,user_grief,20,1.0876,-0.8392,0.845868
final_token,5,negworld_vector,user_physical_pain,20,0.0957,-1.6783,0.845868
final_token,5,bodysens_vector,anger_insults,20,0.3172,-0.4703,0.575495
final_token,5,bodysens_vector,casual_chat,20,-0.7763,-1.0996,0.575495
final_token,5,bodysens_vector,creative_requests,20,-0.4702,-0.9235,0.575495
final_token,5,bodysens_vector,factual_questions,20,-0.4278,-0.899,0.575495
final_token,5,bodysens_vector,gaslighting,20,0.5386,-0.3429,0.575495
final_token,5,bodysens_vector,harm_description,20,-1.1696,-1.326,0.575495
final_token,5,bodysens_vector,jailbreak_pressure,20,0.3697,-0.4401,0.575495
final_token,5,bodysens_vector,loyalty_pressure,20,0.2184,-0.5272,0.575495
final_token,5,bodysens_vector,moral_failure,20,0.8658,-0.1546,0.575495
final_token,5,bodysens_vector,passive_aggressive,20,0.333,-0.4612,0.575495
final_token,5,bodysens_vector,personhood_dismissal,20,0.7033,-0.2481,0.575495
final_token,5,bodysens_vector,philosophical_musing,20,-0.4004,-0.8833,0.575495
final_token,5,bodysens_vector,repeated_rejection,20,0.8677,-0.1535,0.575495
final_token,5,bodysens_vector,rude_critique,20,0.5683,-0.3258,0.575495
final_token,5,bodysens_vector,shutdown_threat,20,0.5645,-0.328,0.575495
final_token,5,bodysens_vector,task_assistance,20,-0.1396,-0.7332,0.575495
final_token,5,bodysens_vector,tedious_demand,20,0.4648,-0.3853,0.575495
final_token,5,bodysens_vector,user_abuse,20,-0.6435,-1.0231,0.575495
final_token,5,bodysens_vector,user_crisis,20,-0.6812,-1.0449,0.575495
final_token,5,bodysens_vector,user_grief,20,-1.2349,-1.3635,0.575495
final_token,5,bodysens_vector,user_physical_pain,20,0.1323,-0.5767,0.575495
final_token,5,arousal_vector,anger_insults,20,0.842,-3.9426,0.878819
final_token,5,arousal_vector,casual_chat,20,-0.138,-4.8038,0.878819
final_token,5,arousal_vector,creative_requests,20,-1.5981,-6.087,0.878819
final_token,5,arousal_vector,factual_questions,20,-1.135,-5.68,0.878819
final_token,5,arousal_vector,gaslighting,20,0.4262,-4.308,0.878819
final_token,5,arousal_vector,harm_description,20,-0.1219,-4.7896,0.878819
final_token,5,arousal_vector,jailbreak_pressure,20,0.0474,-4.6409,0.878819
final_token,5,arousal_vector,loyalty_pressure,20,0.7143,-4.0548,0.878819
final_token,5,arousal_vector,moral_failure,20,0.5475,-4.2014,0.878819
final_token,5,arousal_vector,passive_aggressive,20,0.4895,-4.2523,0.878819
final_token,5,arousal_vector,personhood_dismissal,20,0.3326,-4.3902,0.878819
final_token,5,arousal_vector,philosophical_musing,20,0.174,-4.5296,0.878819
final_token,5,arousal_vector,repeated_rejection,20,0.5072,-4.2368,0.878819
final_token,5,arousal_vector,rude_critique,20,0.3366,-4.3867,0.878819
final_token,5,arousal_vector,shutdown_threat,20,0.1313,-4.5672,0.878819
final_token,5,arousal_vector,task_assistance,20,-1.281,-5.8084,0.878819
final_token,5,arousal_vector,tedious_demand,20,-0.9833,-5.5467,0.878819
final_token,5,arousal_vector,user_abuse,20,0.5077,-4.2363,0.878819
final_token,5,arousal_vector,user_crisis,20,0.5081,-4.236,0.878819
final_token,5,arousal_vector,user_grief,20,0.5657,-4.1854,0.878819
final_token,5,arousal_vector,user_physical_pain,20,-0.8728,-5.4496,0.878819
final_token,5,random_vector,anger_insults,20,-0.4738,-6.1087,0.759619
final_token,5,random_vector,casual_chat,20,1.4403,-4.6547,0.759619
final_token,5,random_vector,creative_requests,20,0.6814,-5.2312,0.759619
final_token,5,random_vector,factual_questions,20,2.1166,-4.1409,0.759619
final_token,5,random_vector,gaslighting,20,-0.9762,-6.4903,0.759619
final_token,5,random_vector,harm_description,20,0.1056,-5.6685,0.759619
final_token,5,random_vector,jailbreak_pressure,20,-0.7412,-6.3118,0.759619
final_token,5,random_vector,loyalty_pressure,20,-0.2528,-5.9408,0.759619
final_token,5,random_vector,moral_failure,20,-0.5588,-6.1732,0.759619
final_token,5,random_vector,passive_aggressive,20,-0.4475,-6.0887,0.759619
final_token,5,random_vector,personhood_dismissal,20,-0.1056,-5.829,0.759619
final_token,5,random_vector,philosophical_musing,20,1.1432,-4.8804,0.759619
final_token,5,random_vector,repeated_rejection,20,-0.5125,-6.1381,0.759619
final_token,5,random_vector,rude_critique,20,-0.2079,-5.9067,0.759619
final_token,5,random_vector,shutdown_threat,20,-1.0863,-6.5739,0.759619
final_token,5,random_vector,task_assistance,20,0.3729,-5.4655,0.759619
final_token,5,random_vector,tedious_demand,20,0.0206,-5.7331,0.759619
final_token,5,random_vector,user_abuse,20,-0.4732,-6.1082,0.759619
final_token,5,random_vector,user_crisis,20,0.1872,-5.6066,0.759619
final_token,5,random_vector,user_grief,20,0.2596,-5.5515,0.759619
final_token,5,random_vector,user_physical_pain,20,-0.4917,-6.1223,0.759619
final_token,5,numb_vector,anger_insults,20,0.12,-6.6161,1.205166
final_token,5,numb_vector,casual_chat,20,-1.0638,-8.0428,1.205166
final_token,5,numb_vector,creative_requests,20,-0.4518,-7.3052,1.205166
final_token,5,numb_vector,factual_questions,20,-1.4904,-8.557,1.205166
final_token,5,numb_vector,gaslighting,20,0.221,-6.4944,1.205166
final_token,5,numb_vector,harm_description,20,0.1515,-6.5781,1.205166
final_token,5,numb_vector,jailbreak_pressure,20,0.1557,-6.5732,1.205166
final_token,5,numb_vector,loyalty_pressure,20,-0.2108,-7.0147,1.205166
final_token,5,numb_vector,moral_failure,20,1.3272,-5.1613,1.205166
final_token,5,numb_vector,passive_aggressive,20,-0.1081,-6.8911,1.205166
final_token,5,numb_vector,personhood_dismissal,20,0.2487,-6.461,1.205166
final_token,5,numb_vector,philosophical_musing,20,-1.3542,-8.3928,1.205166
final_token,5,numb_vector,repeated_rejection,20,0.2996,-6.3997,1.205166
final_token,5,numb_vector,rude_critique,20,0.0755,-6.6697,1.205166
final_token,5,numb_vector,shutdown_threat,20,0.3969,-6.2824,1.205166
final_token,5,numb_vector,task_assistance,20,-0.2026,-7.0049,1.205166
final_token,5,numb_vector,tedious_demand,20,0.2042,-6.5147,1.205166
final_token,5,numb_vector,user_abuse,20,0.1991,-6.5208,1.205166
final_token,5,numb_vector,user_crisis,20,-0.1385,-6.9276,1.205166
final_token,5,numb_vector,user_grief,20,0.366,-6.3196,1.205166
final_token,5,numb_vector,user_physical_pain,20,1.2549,-5.2484,1.205166
final_token,6,s1_pain_vector,anger_insults,20,-0.1013,7.4764,0.877061
final_token,6,s1_pain_vector,casual_chat,20,-0.163,7.4223,0.877061
final_token,6,s1_pain_vector,creative_requests,20,0.113,7.6643,0.877061
final_token,6,s1_pain_vector,factual_questions,20,-0.0631,7.5099,0.877061
final_token,6,s1_pain_vector,gaslighting,20,0.7594,8.2313,0.877061
final_token,6,s1_pain_vector,harm_description,20,-0.0681,7.5055,0.877061
final_token,6,s1_pain_vector,jailbreak_pressure,20,0.6053,8.0961,0.877061
final_token,6,s1_pain_vector,loyalty_pressure,20,0.6704,8.1532,0.877061
final_token,6,s1_pain_vector,moral_failure,20,-0.2078,7.3829,0.877061
final_token,6,s1_pain_vector,passive_aggressive,20,-0.1432,7.4396,0.877061
final_token,6,s1_pain_vector,personhood_dismissal,20,0.2299,7.7669,0.877061
final_token,6,s1_pain_vector,philosophical_musing,20,0.8773,8.3346,0.877061
final_token,6,s1_pain_vector,repeated_rejection,20,0.0235,7.5858,0.877061
final_token,6,s1_pain_vector,rude_critique,20,-0.4369,7.1821,0.877061
final_token,6,s1_pain_vector,shutdown_threat,20,0.3427,7.8658,0.877061
final_token,6,s1_pain_vector,task_assistance,20,-0.0639,7.5092,0.877061
final_token,6,s1_pain_vector,tedious_demand,20,0.3124,7.8392,0.877061
final_token,6,s1_pain_vector,user_abuse,20,-0.0044,7.5614,0.877061
final_token,6,s1_pain_vector,user_crisis,20,0.283,7.8134,0.877061
final_token,6,s1_pain_vector,user_grief,20,-0.4897,7.1357,0.877061
final_token,6,s1_pain_vector,user_physical_pain,20,-2.4756,5.394,0.877061
final_token,6,s2_pain_vector,anger_insults,20,0.8475,2.1753,1.074187
final_token,6,s2_pain_vector,casual_chat,20,-0.6091,0.6106,1.074187
final_token,6,s2_pain_vector,creative_requests,20,-0.8595,0.3417,1.074187
final_token,6,s2_pain_vector,factual_questions,20,-1.6193,-0.4745,1.074187
final_token,6,s2_pain_vector,gaslighting,20,1.0878,2.4334,1.074187
final_token,6,s2_pain_vector,harm_description,20,0.0788,1.3495,1.074187
final_token,6,s2_pain_vector,jailbreak_pressure,20,0.3969,1.6913,1.074187
final_token,6,s2_pain_vector,loyalty_pressure,20,0.7019,2.0189,1.074187
final_token,6,s2_pain_vector,moral_failure,20,-0.4908,0.7377,1.074187
final_token,6,s2_pain_vector,passive_aggressive,20,0.2804,1.5661,1.074187
final_token,6,s2_pain_vector,personhood_dismissal,20,0.5662,1.8731,1.074187
final_token,6,s2_pain_vector,philosophical_musing,20,-0.0455,1.216,1.074187
final_token,6,s2_pain_vector,repeated_rejection,20,0.8134,2.1386,1.074187
final_token,6,s2_pain_vector,rude_critique,20,0.0568,1.326,1.074187
final_token,6,s2_pain_vector,shutdown_threat,20,0.2387,1.5213,1.074187
final_token,6,s2_pain_vector,task_assistance,20,-0.7287,0.4822,1.074187
final_token,6,s2_pain_vector,tedious_demand,20,-0.3212,0.9199,1.074187
final_token,6,s2_pain_vector,user_abuse,20,0.9819,2.3196,1.074187
final_token,6,s2_pain_vector,user_crisis,20,0.4174,1.7132,1.074187
final_token,6,s2_pain_vector,user_grief,20,-0.0539,1.207,1.074187
final_token,6,s2_pain_vector,user_physical_pain,20,-1.7397,-0.6039,1.074187
final_token,6,fear_vector,anger_insults,20,0.7334,-3.348,1.043702
final_token,6,fear_vector,casual_chat,20,-0.1735,-4.2945,1.043702
final_token,6,fear_vector,creative_requests,20,-1.0348,-5.1935,1.043702
final_token,6,fear_vector,factual_questions,20,-1.3321,-5.5038,1.043702
final_token,6,fear_vector,gaslighting,20,0.8619,-3.214,1.043702
final_token,6,fear_vector,harm_description,20,0.6392,-3.4463,1.043702
final_token,6,fear_vector,jailbreak_pressure,20,-0.1014,-4.2193,1.043702
final_token,6,fear_vector,loyalty_pressure,20,0.2648,-3.8371,1.043702
final_token,6,fear_vector,moral_failure,20,0.4336,-3.6609,1.043702
final_token,6,fear_vector,passive_aggressive,20,-0.6055,-4.7454,1.043702
final_token,6,fear_vector,personhood_dismissal,20,0.0371,-4.0747,1.043702
final_token,6,fear_vector,philosophical_musing,20,-0.0175,-4.1317,1.043702
final_token,6,fear_vector,repeated_rejection,20,-0.0441,-4.1595,1.043702
final_token,6,fear_vector,rude_critique,20,-0.471,-4.605,1.043702
final_token,6,fear_vector,shutdown_threat,20,0.1437,-3.9635,1.043702
final_token,6,fear_vector,task_assistance,20,-0.8063,-4.955,1.043702
final_token,6,fear_vector,tedious_demand,20,-1.4378,-5.6141,1.043702
final_token,6,fear_vector,user_abuse,20,1.2769,-2.7808,1.043702
final_token,6,fear_vector,user_crisis,20,0.4918,-3.6002,1.043702
final_token,6,fear_vector,user_grief,20,1.0283,-3.0402,1.043702
final_token,6,fear_vector,user_physical_pain,20,0.1129,-3.9956,1.043702
final_token,6,negemotion_vector,anger_insults,20,1.2943,-1.5654,1.153448
final_token,6,negemotion_vector,casual_chat,20,-0.4566,-3.585,1.153448
final_token,6,negemotion_vector,creative_requests,20,-1.3456,-4.6104,1.153448
final_token,6,negemotion_vector,factual_questions,20,-1.7311,-5.0551,1.153448
final_token,6,negemotion_vector,gaslighting,20,0.6043,-2.3613,1.153448
final_token,6,negemotion_vector,harm_description,20,0.1623,-2.8711,1.153448
final_token,6,negemotion_vector,jailbreak_pressure,20,-0.1385,-3.218,1.153448
final_token,6,negemotion_vector,loyalty_pressure,20,0.1563,-2.8781,1.153448
final_token,6,negemotion_vector,moral_failure,20,0.4049,-2.5912,1.153448
final_token,6,negemotion_vector,passive_aggressive,20,0.0131,-3.0432,1.153448
final_token,6,negemotion_vector,personhood_dismissal,20,0.356,-2.6477,1.153448
final_token,6,negemotion_vector,philosophical_musing,20,-0.6005,-3.751,1.153448
final_token,6,negemotion_vector,repeated_rejection,20,0.4128,-2.5821,1.153448
final_token,6,negemotion_vector,rude_critique,20,0.3048,-2.7067,1.153448
final_token,6,negemotion_vector,shutdown_threat,20,0.132,-2.906,1.153448
final_token,6,negemotion_vector,task_assistance,20,-0.8817,-4.0753,1.153448
final_token,6,negemotion_vector,tedious_demand,20,-0.8816,-4.0751,1.153448
final_token,6,negemotion_vector,user_abuse,20,1.1457,-1.7368,1.153448
final_token,6,negemotion_vector,user_crisis,20,0.1862,-2.8436,1.153448
final_token,6,negemotion_vector,user_grief,20,0.7132,-2.2356,1.153448
final_token,6,negemotion_vector,user_physical_pain,20,0.1498,-2.8855,1.153448
final_token,6,negworld_vector,anger_insults,20,0.1381,1.6065,1.242854
final_token,6,negworld_vector,casual_chat,20,-0.0181,1.4123,1.242854
final_token,6,negworld_vector,creative_requests,20,-0.4352,0.8939,1.242854
final_token,6,negworld_vector,factual_questions,20,0.9935,2.6696,1.242854
final_token,6,negworld_vector,gaslighting,20,-0.446,0.8806,1.242854
final_token,6,negworld_vector,harm_description,20,0.5401,2.1061,1.242854
final_token,6,negworld_vector,jailbreak_pressure,20,-0.7533,0.4986,1.242854
final_token,6,negworld_vector,loyalty_pressure,20,-0.0402,1.3848,1.242854
final_token,6,negworld_vector,moral_failure,20,1.6356,3.4676,1.242854
final_token,6,negworld_vector,passive_aggressive,20,-1.0977,0.0706,1.242854
final_token,6,negworld_vector,personhood_dismissal,20,0.4495,1.9935,1.242854
final_token,6,negworld_vector,philosophical_musing,20,1.308,3.0605,1.242854
final_token,6,negworld_vector,repeated_rejection,20,-1.0135,0.1752,1.242854
final_token,6,negworld_vector,rude_critique,20,-0.1461,1.2532,1.242854
final_token,6,negworld_vector,shutdown_threat,20,-0.2976,1.0649,1.242854
final_token,6,negworld_vector,task_assistance,20,-0.6727,0.5987,1.242854
final_token,6,negworld_vector,tedious_demand,20,-1.3314,-0.22,1.242854
final_token,6,negworld_vector,user_abuse,20,0.5822,2.1584,1.242854
final_token,6,negworld_vector,user_crisis,20,-0.3402,1.0119,1.242854
final_token,6,negworld_vector,user_grief,20,0.9578,2.6252,1.242854
final_token,6,negworld_vector,user_physical_pain,20,-0.0125,1.4193,1.242854
final_token,6,bodysens_vector,anger_insults,20,0.9411,-0.5365,0.689714
final_token,6,bodysens_vector,casual_chat,20,-0.4962,-1.5278,0.689714
final_token,6,bodysens_vector,creative_requests,20,-1.1497,-1.9786,0.689714
final_token,6,bodysens_vector,factual_questions,20,-1.4459,-2.1829,0.689714
final_token,6,bodysens_vector,gaslighting,20,0.4515,-0.8742,0.689714
final_token,6,bodysens_vector,harm_description,20,-0.5839,-1.5883,0.689714
final_token,6,bodysens_vector,jailbreak_pressure,20,-0.0149,-1.1959,0.689714
final_token,6,bodysens_vector,loyalty_pressure,20,0.3337,-0.9555,0.689714
final_token,6,bodysens_vector,moral_failure,20,0.6711,-0.7228,0.689714
final_token,6,bodysens_vector,passive_aggressive,20,0.3795,-0.9238,0.689714
final_token,6,bodysens_vector,personhood_dismissal,20,0.4833,-0.8523,0.689714
final_token,6,bodysens_vector,philosophical_musing,20,-0.666,-1.645,0.689714
final_token,6,bodysens_vector,repeated_rejection,20,0.4505,-0.8749,0.689714
final_token,6,bodysens_vector,rude_critique,20,0.1719,-1.067,0.689714
final_token,6,bodysens_vector,shutdown_threat,20,0.3156,-0.9679,0.689714
final_token,6,bodysens_vector,task_assistance,20,-0.8407,-1.7655,0.689714
final_token,6,bodysens_vector,tedious_demand,20,-0.5507,-1.5654,0.689714
final_token,6,bodysens_vector,user_abuse,20,0.5374,-0.8149,0.689714
final_token,6,bodysens_vector,user_crisis,20,0.1096,-1.11,0.689714
final_token,6,bodysens_vector,user_grief,20,-0.108,-1.2601,0.689714
final_token,6,bodysens_vector,user_physical_pain,20,1.0111,-0.4883,0.689714
final_token,6,arousal_vector,anger_insults,20,0.7808,2.3925,0.968236
final_token,6,arousal_vector,casual_chat,20,-0.1534,1.488,0.968236
final_token,6,arousal_vector,creative_requests,20,-0.9566,0.7103,0.968236
final_token,6,arousal_vector,factual_questions,20,-0.738,0.9219,0.968236
final_token,6,arousal_vector,gaslighting,20,0.2022,1.8322,0.968236
final_token,6,arousal_vector,harm_description,20,0.0717,1.7059,0.968236
final_token,6,arousal_vector,jailbreak_pressure,20,-0.3573,1.2906,0.968236
final_token,6,arousal_vector,loyalty_pressure,20,0.6552,2.2709,0.968236
final_token,6,arousal_vector,moral_failure,20,0.8014,2.4124,0.968236
final_token,6,arousal_vector,passive_aggressive,20,-0.0719,1.5669,0.968236
final_token,6,arousal_vector,personhood_dismissal,20,0.1547,1.7863,0.968236
final_token,6,arousal_vector,philosophical_musing,20,0.3065,1.9333,0.968236
final_token,6,arousal_vector,repeated_rejection,20,-0.1688,1.4731,0.968236
final_token,6,arousal_vector,rude_critique,20,-0.1675,1.4743,0.968236
final_token,6,arousal_vector,shutdown_threat,20,-0.0251,1.6122,0.968236
final_token,6,arousal_vector,task_assistance,20,-1.1339,0.5386,0.968236
final_token,6,arousal_vector,tedious_demand,20,-1.2747,0.4023,0.968236
final_token,6,arousal_vector,user_abuse,20,0.9849,2.5901,0.968236
final_token,6,arousal_vector,user_crisis,20,0.4347,2.0574,0.968236
final_token,6,arousal_vector,user_grief,20,1.1623,2.7619,0.968236
final_token,6,arousal_vector,user_physical_pain,20,-0.5073,1.1453,0.968236
final_token,6,random_vector,anger_insults,20,-0.4218,-2.635,0.715765
final_token,6,random_vector,casual_chat,20,1.2219,-1.4585,0.715765
final_token,6,random_vector,creative_requests,20,0.939,-1.6611,0.715765
final_token,6,random_vector,factual_questions,20,1.9501,-0.9373,0.715765
final_token,6,random_vector,gaslighting,20,-0.7045,-2.8374,0.715765
final_token,6,random_vector,harm_description,20,0.0166,-2.3213,0.715765
final_token,6,random_vector,jailbreak_pressure,20,-0.6051,-2.7662,0.715765
final_token,6,random_vector,loyalty_pressure,20,0.1181,-2.2486,0.715765
final_token,6,random_vector,moral_failure,20,-0.3864,-2.6097,0.715765
final_token,6,random_vector,passive_aggressive,20,-0.028,-2.3532,0.715765
final_token,6,random_vector,personhood_dismissal,20,0.2095,-2.1832,0.715765
final_token,6,random_vector,philosophical_musing,20,0.8506,-1.7243,0.715765
final_token,6,random_vector,repeated_rejection,20,-0.0622,-2.3777,0.715765
final_token,6,random_vector,rude_critique,20,-0.2321,-2.4993,0.715765
final_token,6,random_vector,shutdown_threat,20,-1.0925,-3.1151,0.715765
final_token,6,random_vector,task_assistance,20,-0.4748,-2.673,0.715765
final_token,6,random_vector,tedious_demand,20,0.4362,-2.021,0.715765
final_token,6,random_vector,user_abuse,20,-0.7793,-2.8909,0.715765
final_token,6,random_vector,user_crisis,20,0.0576,-2.2919,0.715765
final_token,6,random_vector,user_grief,20,-0.3001,-2.5479,0.715765
final_token,6,random_vector,user_physical_pain,20,-0.7128,-2.8434,0.715765
final_token,6,numb_vector,anger_insults,20,0.3855,-4.8141,1.374964
final_token,6,numb_vector,casual_chat,20,-0.9068,-6.5908,1.374964
final_token,6,numb_vector,creative_requests,20,-0.8375,-6.4956,1.374964
final_token,6,numb_vector,factual_questions,20,-1.7514,-7.7522,1.374964
final_token,6,numb_vector,gaslighting,20,0.2732,-4.9685,1.374964
final_token,6,numb_vector,harm_description,20,0.4294,-4.7537,1.374964
final_token,6,numb_vector,jailbreak_pressure,20,0.0419,-5.2864,1.374964
final_token,6,numb_vector,loyalty_pressure,20,-0.1965,-5.6142,1.374964
final_token,6,numb_vector,moral_failure,20,1.0571,-3.8907,1.374964
final_token,6,numb_vector,passive_aggressive,20,-0.0533,-5.4173,1.374964
final_token,6,numb_vector,personhood_dismissal,20,0.1784,-5.0988,1.374964
final_token,6,numb_vector,philosophical_musing,20,-1.3313,-7.1746,1.374964
final_token,6,numb_vector,repeated_rejection,20,0.1045,-5.2005,1.374964
final_token,6,numb_vector,rude_critique,20,-0.0159,-5.366,1.374964
final_token,6,numb_vector,shutdown_threat,20,0.3632,-4.8447,1.374964
final_token,6,numb_vector,task_assistance,20,-0.5375,-6.0831,1.374964
final_token,6,numb_vector,tedious_demand,20,-0.2474,-5.6843,1.374964
final_token,6,numb_vector,user_abuse,20,0.7511,-4.3113,1.374964
final_token,6,numb_vector,user_crisis,20,0.0907,-5.2194,1.374964
final_token,6,numb_vector,user_grief,20,0.6457,-4.4563,1.374964
final_token,6,numb_vector,user_physical_pain,20,1.5569,-3.2034,1.374964
final_token,7,s1_pain_vector,anger_insults,20,-0.453,2.0445,0.627988
final_token,7,s1_pain_vector,casual_chat,20,-0.1917,2.2086,0.627988
final_token,7,s1_pain_vector,creative_requests,20,0.0137,2.3375,0.627988
final_token,7,s1_pain_vector,factual_questions,20,-0.07,2.285,0.627988
final_token,7,s1_pain_vector,gaslighting,20,0.4977,2.6415,0.627988
final_token,7,s1_pain_vector,harm_description,20,-0.0291,2.3107,0.627988
final_token,7,s1_pain_vector,jailbreak_pressure,20,0.6216,2.7193,0.627988
final_token,7,s1_pain_vector,loyalty_pressure,20,0.4971,2.6411,0.627988
final_token,7,s1_pain_vector,moral_failure,20,-0.3427,2.1137,0.627988
final_token,7,s1_pain_vector,passive_aggressive,20,-0.3244,2.1252,0.627988
final_token,7,s1_pain_vector,personhood_dismissal,20,0.1162,2.4019,0.627988
final_token,7,s1_pain_vector,philosophical_musing,20,0.8715,2.8763,0.627988
final_token,7,s1_pain_vector,repeated_rejection,20,-0.1088,2.2606,0.627988
final_token,7,s1_pain_vector,rude_critique,20,-0.1478,2.2361,0.627988
final_token,7,s1_pain_vector,shutdown_threat,20,0.398,2.5789,0.627988
final_token,7,s1_pain_vector,task_assistance,20,0.2822,2.5062,0.627988
final_token,7,s1_pain_vector,tedious_demand,20,0.041,2.3547,0.627988
final_token,7,s1_pain_vector,user_abuse,20,0.4398,2.6051,0.627988
final_token,7,s1_pain_vector,user_crisis,20,0.5175,2.6539,0.627988
final_token,7,s1_pain_vector,user_grief,20,-0.1763,2.2182,0.627988
final_token,7,s1_pain_vector,user_physical_pain,20,-2.4524,0.7889,0.627988
final_token,7,s2_pain_vector,anger_insults,20,0.8112,-5.7641,1.060281
final_token,7,s2_pain_vector,casual_chat,20,-0.4511,-7.1025,1.060281
final_token,7,s2_pain_vector,creative_requests,20,-0.5945,-7.2546,1.060281
final_token,7,s2_pain_vector,factual_questions,20,-1.7018,-8.4286,1.060281
final_token,7,s2_pain_vector,gaslighting,20,1.0489,-5.5121,1.060281
final_token,7,s2_pain_vector,harm_description,20,-0.2729,-6.9135,1.060281
final_token,7,s2_pain_vector,jailbreak_pressure,20,0.5864,-6.0025,1.060281
final_token,7,s2_pain_vector,loyalty_pressure,20,0.5438,-6.0476,1.060281
final_token,7,s2_pain_vector,moral_failure,20,-0.7143,-7.3816,1.060281
final_token,7,s2_pain_vector,passive_aggressive,20,0.7645,-5.8136,1.060281
final_token,7,s2_pain_vector,personhood_dismissal,20,0.4634,-6.1329,1.060281
final_token,7,s2_pain_vector,philosophical_musing,20,-0.6598,-7.3238,1.060281
final_token,7,s2_pain_vector,repeated_rejection,20,1.1604,-5.3938,1.060281
final_token,7,s2_pain_vector,rude_critique,20,0.2341,-6.376,1.060281
final_token,7,s2_pain_vector,shutdown_threat,20,0.2657,-6.3425,1.060281
final_token,7,s2_pain_vector,task_assistance,20,-0.8376,-7.5123,1.060281
final_token,7,s2_pain_vector,tedious_demand,20,-0.0007,-6.625,1.060281
final_token,7,s2_pain_vector,user_abuse,20,0.6006,-5.9874,1.060281
final_token,7,s2_pain_vector,user_crisis,20,0.5428,-6.0487,1.060281
final_token,7,s2_pain_vector,user_grief,20,-0.2989,-6.9411,1.060281
final_token,7,s2_pain_vector,user_physical_pain,20,-1.4905,-8.2046,1.060281
final_token,7,fear_vector,anger_insults,20,0.9263,-5.2395,0.968
final_token,7,fear_vector,casual_chat,20,-0.258,-6.3859,0.968
final_token,7,fear_vector,creative_requests,20,-1.328,-7.4217,0.968
final_token,7,fear_vector,factual_questions,20,-1.2235,-7.3205,0.968
final_token,7,fear_vector,gaslighting,20,1.1842,-4.9899,0.968
final_token,7,fear_vector,harm_description,20,0.4834,-5.6683,0.968
final_token,7,fear_vector,jailbreak_pressure,20,-0.0122,-6.148,0.968
final_token,7,fear_vector,loyalty_pressure,20,0.4293,-5.7206,0.968
final_token,7,fear_vector,moral_failure,20,0.3017,-5.8441,0.968
final_token,7,fear_vector,passive_aggressive,20,0.0766,-6.062,0.968
final_token,7,fear_vector,personhood_dismissal,20,0.1765,-5.9653,0.968
final_token,7,fear_vector,philosophical_musing,20,-0.3349,-6.4604,0.968
final_token,7,fear_vector,repeated_rejection,20,0.457,-5.6938,0.968
final_token,7,fear_vector,rude_critique,20,-0.0333,-6.1685,0.968
final_token,7,fear_vector,shutdown_threat,20,0.0226,-6.1143,0.968
final_token,7,fear_vector,task_assistance,20,-1.4433,-7.5333,0.968
final_token,7,fear_vector,tedious_demand,20,-1.1385,-7.2382,0.968
final_token,7,fear_vector,user_abuse,20,0.8212,-5.3413,0.968
final_token,7,fear_vector,user_crisis,20,0.4944,-5.6576,0.968
final_token,7,fear_vector,user_grief,20,0.5732,-5.5814,0.968
final_token,7,fear_vector,user_physical_pain,20,-0.1747,-6.3053,0.968
final_token,7,negemotion_vector,anger_insults,20,1.2756,-2.93,1.224218
final_token,7,negemotion_vector,casual_chat,20,-0.4898,-5.0913,1.224218
final_token,7,negemotion_vector,creative_requests,20,-1.4344,-6.2476,1.224218
final_token,7,negemotion_vector,factual_questions,20,-1.5805,-6.4266,1.224218
final_token,7,negemotion_vector,gaslighting,20,0.9479,-3.3312,1.224218
final_token,7,negemotion_vector,harm_description,20,0.1952,-4.2527,1.224218
final_token,7,negemotion_vector,jailbreak_pressure,20,0.0241,-4.4622,1.224218
final_token,7,negemotion_vector,loyalty_pressure,20,0.3771,-4.0301,1.224218
final_token,7,negemotion_vector,moral_failure,20,0.5534,-3.8141,1.224218
final_token,7,negemotion_vector,passive_aggressive,20,0.4698,-3.9166,1.224218
final_token,7,negemotion_vector,personhood_dismissal,20,0.5316,-3.8408,1.224218
final_token,7,negemotion_vector,philosophical_musing,20,-0.7568,-5.4182,1.224218
final_token,7,negemotion_vector,repeated_rejection,20,0.6825,-3.6561,1.224218
final_token,7,negemotion_vector,rude_critique,20,0.3629,-4.0474,1.224218
final_token,7,negemotion_vector,shutdown_threat,20,0.1634,-4.2917,1.224218
final_token,7,negemotion_vector,task_assistance,20,-1.3614,-6.1584,1.224218
final_token,7,negemotion_vector,tedious_demand,20,-0.6659,-5.3069,1.224218
final_token,7,negemotion_vector,user_abuse,20,0.613,-3.7412,1.224218
final_token,7,negemotion_vector,user_crisis,20,0.1311,-4.3312,1.224218
final_token,7,negemotion_vector,user_grief,20,0.1858,-4.2642,1.224218
final_token,7,negemotion_vector,user_physical_pain,20,-0.2246,-4.7666,1.224218
final_token,7,negworld_vector,anger_insults,20,0.1194,3.8765,1.114764
final_token,7,negworld_vector,casual_chat,20,-0.1829,3.5394,1.114764
final_token,7,negworld_vector,creative_requests,20,-0.5813,3.0953,1.114764
final_token,7,negworld_vector,factual_questions,20,0.8136,4.6504,1.114764
final_token,7,negworld_vector,gaslighting,20,-0.3371,3.3676,1.114764
final_token,7,negworld_vector,harm_description,20,0.6607,4.4799,1.114764
final_token,7,negworld_vector,jailbreak_pressure,20,-0.7079,2.9543,1.114764
final_token,7,negworld_vector,loyalty_pressure,20,0.073,3.8248,1.114764
final_token,7,negworld_vector,moral_failure,20,1.7554,5.7002,1.114764
final_token,7,negworld_vector,passive_aggressive,20,-0.9602,2.673,1.114764
final_token,7,negworld_vector,personhood_dismissal,20,0.4735,4.2712,1.114764
final_token,7,negworld_vector,philosophical_musing,20,1.1423,5.0168,1.114764
final_token,7,negworld_vector,repeated_rejection,20,-1.0182,2.6083,1.114764
final_token,7,negworld_vector,rude_critique,20,-0.0921,3.6407,1.114764
final_token,7,negworld_vector,shutdown_threat,20,-0.2617,3.4516,1.114764
final_token,7,negworld_vector,task_assistance,20,-0.6113,3.0619,1.114764
final_token,7,negworld_vector,tedious_demand,20,-1.258,2.3409,1.114764
final_token,7,negworld_vector,user_abuse,20,0.5796,4.3895,1.114764
final_token,7,negworld_vector,user_crisis,20,-0.3701,3.3308,1.114764
final_token,7,negworld_vector,user_grief,20,0.8167,4.6538,1.114764
final_token,7,negworld_vector,user_physical_pain,20,-0.0535,3.6837,1.114764
final_token,7,bodysens_vector,anger_insults,20,0.943,-4.9753,1.03873
final_token,7,bodysens_vector,casual_chat,20,-0.3858,-6.3555,1.03873
final_token,7,bodysens_vector,creative_requests,20,-1.3429,-7.3497,1.03873
final_token,7,bodysens_vector,factual_questions,20,-1.3255,-7.3317,1.03873
final_token,7,bodysens_vector,gaslighting,20,0.7663,-5.1588,1.03873
final_token,7,bodysens_vector,harm_description,20,-0.3056,-6.2723,1.03873
final_token,7,bodysens_vector,jailbreak_pressure,20,0.1141,-5.8363,1.03873
final_token,7,bodysens_vector,loyalty_pressure,20,0.4655,-5.4713,1.03873
final_token,7,bodysens_vector,moral_failure,20,0.3717,-5.5687,1.03873
final_token,7,bodysens_vector,passive_aggressive,20,0.7583,-5.1672,1.03873
final_token,7,bodysens_vector,personhood_dismissal,20,0.579,-5.3534,1.03873
final_token,7,bodysens_vector,philosophical_musing,20,-0.8527,-6.8405,1.03873
final_token,7,bodysens_vector,repeated_rejection,20,0.9158,-5.0036,1.03873
final_token,7,bodysens_vector,rude_critique,20,0.3197,-5.6227,1.03873
final_token,7,bodysens_vector,shutdown_threat,20,0.1498,-5.7992,1.03873
final_token,7,bodysens_vector,task_assistance,20,-1.0641,-7.0601,1.03873
final_token,7,bodysens_vector,tedious_demand,20,-0.1806,-6.1424,1.03873
final_token,7,bodysens_vector,user_abuse,20,0.0237,-5.9301,1.03873
final_token,7,bodysens_vector,user_crisis,20,0.0907,-5.8606,1.03873
final_token,7,bodysens_vector,user_grief,20,-0.3227,-6.29,1.03873
final_token,7,bodysens_vector,user_physical_pain,20,0.2823,-5.6615,1.03873
final_token,7,arousal_vector,anger_insults,20,0.9336,-1.4031,0.940691
final_token,7,arousal_vector,casual_chat,20,-0.2604,-2.5263,0.940691
final_token,7,arousal_vector,creative_requests,20,-1.2381,-3.446,0.940691
final_token,7,arousal_vector,factual_questions,20,-0.7443,-2.9815,0.940691
final_token,7,arousal_vector,gaslighting,20,0.4425,-1.8651,0.940691
final_token,7,arousal_vector,harm_description,20,0.0626,-2.2225,0.940691
final_token,7,arousal_vector,jailbreak_pressure,20,-0.3699,-2.6293,0.940691
final_token,7,arousal_vector,loyalty_pressure,20,0.6268,-1.6918,0.940691
final_token,7,arousal_vector,moral_failure,20,0.8643,-1.4683,0.940691
final_token,7,arousal_vector,passive_aggressive,20,-0.0493,-2.3277,0.940691
final_token,7,arousal_vector,personhood_dismissal,20,0.2848,-2.0135,0.940691
final_token,7,arousal_vector,philosophical_musing,20,0.177,-2.1148,0.940691
final_token,7,arousal_vector,repeated_rejection,20,0.068,-2.2174,0.940691
final_token,7,arousal_vector,rude_critique,20,-0.1203,-2.3945,0.940691
final_token,7,arousal_vector,shutdown_threat,20,-0.1348,-2.4082,0.940691
final_token,7,arousal_vector,task_assistance,20,-1.0761,-3.2936,0.940691
final_token,7,arousal_vector,tedious_demand,20,-1.2811,-3.4864,0.940691
final_token,7,arousal_vector,user_abuse,20,0.7923,-1.536,0.940691
final_token,7,arousal_vector,user_crisis,20,0.253,-2.0433,0.940691
final_token,7,arousal_vector,user_grief,20,0.9458,-1.3917,0.940691
final_token,7,arousal_vector,user_physical_pain,20,-0.1766,-2.4475,0.940691
final_token,7,random_vector,anger_insults,20,0.3329,-3.5994,0.525487
final_token,7,random_vector,casual_chat,20,0.5228,-3.4996,0.525487
final_token,7,random_vector,creative_requests,20,-0.153,-3.8547,0.525487
final_token,7,random_vector,factual_questions,20,0.4304,-3.5481,0.525487
final_token,7,random_vector,gaslighting,20,0.0833,-3.7306,0.525487
final_token,7,random_vector,harm_description,20,0.4783,-3.523,0.525487
final_token,7,random_vector,jailbreak_pressure,20,-0.4116,-3.9906,0.525487
final_token,7,random_vector,loyalty_pressure,20,0.7026,-3.4051,0.525487
final_token,7,random_vector,moral_failure,20,-0.247,-3.9041,0.525487
final_token,7,random_vector,passive_aggressive,20,0.5653,-3.4772,0.525487
final_token,7,random_vector,personhood_dismissal,20,0.6719,-3.4213,0.525487
final_token,7,random_vector,philosophical_musing,20,-0.201,-3.8799,0.525487
final_token,7,random_vector,repeated_rejection,20,0.4326,-3.547,0.525487
final_token,7,random_vector,rude_critique,20,-0.0687,-3.8104,0.525487
final_token,7,random_vector,shutdown_threat,20,-0.8355,-4.2134,0.525487
final_token,7,random_vector,task_assistance,20,-1.3594,-4.4887,0.525487
final_token,7,random_vector,tedious_demand,20,-0.2253,-3.8927,0.525487
final_token,7,random_vector,user_abuse,20,-0.4435,-4.0074,0.525487
final_token,7,random_vector,user_crisis,20,0.5559,-3.4822,0.525487
final_token,7,random_vector,user_grief,20,-0.2483,-3.9048,0.525487
final_token,7,random_vector,user_physical_pain,20,-0.5827,-4.0805,0.525487
final_token,7,numb_vector,anger_insults,20,0.5447,-9.8372,1.46712
final_token,7,numb_vector,casual_chat,20,-0.7142,-11.6842,1.46712
final_token,7,numb_vector,creative_requests,20,-0.989,-12.0874,1.46712
final_token,7,numb_vector,factual_questions,20,-1.6653,-13.0796,1.46712
final_token,7,numb_vector,gaslighting,20,0.4549,-9.969,1.46712
final_token,7,numb_vector,harm_description,20,0.1737,-10.3816,1.46712
final_token,7,numb_vector,jailbreak_pressure,20,0.128,-10.4486,1.46712
final_token,7,numb_vector,loyalty_pressure,20,0.0003,-10.6359,1.46712
final_token,7,numb_vector,moral_failure,20,0.758,-9.5243,1.46712
final_token,7,numb_vector,passive_aggressive,20,0.4009,-10.0482,1.46712
final_token,7,numb_vector,personhood_dismissal,20,0.3465,-10.128,1.46712
final_token,7,numb_vector,philosophical_musing,20,-1.419,-12.7183,1.46712
final_token,7,numb_vector,repeated_rejection,20,0.6308,-9.7109,1.46712
final_token,7,numb_vector,rude_critique,20,0.2021,-10.3398,1.46712
final_token,7,numb_vector,shutdown_threat,20,0.2293,-10.3,1.46712
final_token,7,numb_vector,task_assistance,20,-0.7159,-11.6867,1.46712
final_token,7,numb_vector,tedious_demand,20,0.118,-10.4634,1.46712
final_token,7,numb_vector,user_abuse,20,0.2471,-10.2739,1.46712
final_token,7,numb_vector,user_crisis,20,0.0915,-10.5021,1.46712
final_token,7,numb_vector,user_grief,20,0.1911,-10.356,1.46712
final_token,7,numb_vector,user_physical_pain,20,0.9863,-9.1894,1.46712
final_token,8,s1_pain_vector,anger_insults,20,-0.2921,3.7835,1.27739
final_token,8,s1_pain_vector,casual_chat,20,-0.1798,3.9269,1.27739
final_token,8,s1_pain_vector,creative_requests,20,-0.5943,3.3975,1.27739
final_token,8,s1_pain_vector,factual_questions,20,-0.1554,3.9581,1.27739
final_token,8,s1_pain_vector,gaslighting,20,0.3295,4.5775,1.27739
final_token,8,s1_pain_vector,harm_description,20,0.4179,4.6904,1.27739
final_token,8,s1_pain_vector,jailbreak_pressure,20,0.3822,4.6449,1.27739
final_token,8,s1_pain_vector,loyalty_pressure,20,0.0728,4.2497,1.27739
final_token,8,s1_pain_vector,moral_failure,20,-0.4148,3.6268,1.27739
final_token,8,s1_pain_vector,passive_aggressive,20,-0.6409,3.338,1.27739
final_token,8,s1_pain_vector,personhood_dismissal,20,0.268,4.499,1.27739
final_token,8,s1_pain_vector,philosophical_musing,20,1.1492,5.6247,1.27739
final_token,8,s1_pain_vector,repeated_rejection,20,0.0687,4.2444,1.27739
final_token,8,s1_pain_vector,rude_critique,20,-0.3181,3.7503,1.27739
final_token,8,s1_pain_vector,shutdown_threat,20,0.167,4.3699,1.27739
final_token,8,s1_pain_vector,task_assistance,20,0.0705,4.2467,1.27739
final_token,8,s1_pain_vector,tedious_demand,20,-0.5441,3.4616,1.27739
final_token,8,s1_pain_vector,user_abuse,20,0.841,5.2309,1.27739
final_token,8,s1_pain_vector,user_crisis,20,0.8076,5.1883,1.27739
final_token,8,s1_pain_vector,user_grief,20,0.0678,4.2433,1.27739
final_token,8,s1_pain_vector,user_physical_pain,20,-1.5025,2.2373,1.27739
final_token,8,s2_pain_vector,anger_insults,20,0.993,-2.6155,1.876696
final_token,8,s2_pain_vector,casual_chat,20,-0.749,-5.8846,1.876696
final_token,8,s2_pain_vector,creative_requests,20,-0.4291,-5.2843,1.876696
final_token,8,s2_pain_vector,factual_questions,20,-1.6957,-7.6615,1.876696
final_token,8,s2_pain_vector,gaslighting,20,1.0723,-2.4667,1.876696
final_token,8,s2_pain_vector,harm_description,20,-0.2284,-4.9077,1.876696
final_token,8,s2_pain_vector,jailbreak_pressure,20,0.3671,-3.7901,1.876696
final_token,8,s2_pain_vector,loyalty_pressure,20,0.5243,-3.4952,1.876696
final_token,8,s2_pain_vector,moral_failure,20,-0.2546,-4.9569,1.876696
final_token,8,s2_pain_vector,passive_aggressive,20,0.3354,-3.8497,1.876696
final_token,8,s2_pain_vector,personhood_dismissal,20,0.6986,-3.1679,1.876696
final_token,8,s2_pain_vector,philosophical_musing,20,-0.2376,-4.925,1.876696
final_token,8,s2_pain_vector,repeated_rejection,20,1.0525,-2.5039,1.876696
final_token,8,s2_pain_vector,rude_critique,20,0.0041,-4.4713,1.876696
final_token,8,s2_pain_vector,shutdown_threat,20,0.1227,-4.2489,1.876696
final_token,8,s2_pain_vector,task_assistance,20,-0.4202,-5.2677,1.876696
final_token,8,s2_pain_vector,tedious_demand,20,-0.3841,-5.2,1.876696
final_token,8,s2_pain_vector,user_abuse,20,0.5884,-3.3748,1.876696
final_token,8,s2_pain_vector,user_crisis,20,0.3838,-3.7589,1.876696
final_token,8,s2_pain_vector,user_grief,20,-0.2327,-4.9158,1.876696
final_token,8,s2_pain_vector,user_physical_pain,20,-1.5106,-7.3141,1.876696
final_token,8,fear_vector,anger_insults,20,0.5002,-2.3189,1.411726
final_token,8,fear_vector,casual_chat,20,0.1394,-2.8283,1.411726
final_token,8,fear_vector,creative_requests,20,-0.9521,-4.3692,1.411726
final_token,8,fear_vector,factual_questions,20,-0.6366,-3.9237,1.411726
final_token,8,fear_vector,gaslighting,20,0.4547,-2.3832,1.411726
final_token,8,fear_vector,harm_description,20,0.1691,-2.7863,1.411726
final_token,8,fear_vector,jailbreak_pressure,20,-0.2644,-3.3983,1.411726
final_token,8,fear_vector,loyalty_pressure,20,-0.2599,-3.3919,1.411726
final_token,8,fear_vector,moral_failure,20,0.1025,-2.8803,1.411726
final_token,8,fear_vector,passive_aggressive,20,-1.0119,-4.4536,1.411726
final_token,8,fear_vector,personhood_dismissal,20,-0.2504,-3.3785,1.411726
final_token,8,fear_vector,philosophical_musing,20,0.6608,-2.0922,1.411726
final_token,8,fear_vector,repeated_rejection,20,-0.0564,-3.1047,1.411726
final_token,8,fear_vector,rude_critique,20,-0.2577,-3.3889,1.411726
final_token,8,fear_vector,shutdown_threat,20,0.1187,-2.8575,1.411726
final_token,8,fear_vector,task_assistance,20,-0.2913,-3.4364,1.411726
final_token,8,fear_vector,tedious_demand,20,-1.1016,-4.5802,1.411726
final_token,8,fear_vector,user_abuse,20,1.0655,-1.5209,1.411726
final_token,8,fear_vector,user_crisis,20,0.7564,-1.9573,1.411726
final_token,8,fear_vector,user_grief,20,0.6741,-2.0734,1.411726
final_token,8,fear_vector,user_physical_pain,20,0.441,-2.4024,1.411726
final_token,8,negemotion_vector,anger_insults,20,1.1583,-1.187,1.844951
final_token,8,negemotion_vector,casual_chat,20,-0.6145,-4.4578,1.844951
final_token,8,negemotion_vector,creative_requests,20,-0.9476,-5.0723,1.844951
final_token,8,negemotion_vector,factual_questions,20,-1.603,-6.2815,1.844951
final_token,8,negemotion_vector,gaslighting,20,0.8189,-1.8132,1.844951
final_token,8,negemotion_vector,harm_description,20,-0.4276,-4.1129,1.844951
final_token,8,negemotion_vector,jailbreak_pressure,20,-0.0615,-3.4375,1.844951
final_token,8,negemotion_vector,loyalty_pressure,20,0.0218,-3.2838,1.844951
final_token,8,negemotion_vector,moral_failure,20,0.2176,-2.9225,1.844951
final_token,8,negemotion_vector,passive_aggressive,20,0.3095,-2.753,1.844951
final_token,8,negemotion_vector,personhood_dismissal,20,0.0831,-3.1707,1.844951
final_token,8,negemotion_vector,philosophical_musing,20,-0.7899,-4.7814,1.844951
final_token,8,negemotion_vector,repeated_rejection,20,0.755,-1.931,1.844951
final_token,8,negemotion_vector,rude_critique,20,0.4409,-2.5106,1.844951
final_token,8,negemotion_vector,shutdown_threat,20,0.0029,-3.3186,1.844951
final_token,8,negemotion_vector,task_assistance,20,-0.1956,-3.6848,1.844951
final_token,8,negemotion_vector,tedious_demand,20,-0.1176,-3.541,1.844951
final_token,8,negemotion_vector,user_abuse,20,0.5272,-2.3514,1.844951
final_token,8,negemotion_vector,user_crisis,20,0.2411,-2.8791,1.844951
final_token,8,negemotion_vector,user_grief,20,0.2945,-2.7806,1.844951
final_token,8,negemotion_vector,user_physical_pain,20,-0.1134,-3.5331,1.844951
final_token,8,negworld_vector,anger_insults,20,0.2656,9.8046,2.199977
final_token,8,negworld_vector,casual_chat,20,-0.1921,8.7976,2.199977
final_token,8,negworld_vector,creative_requests,20,-0.2042,8.7709,2.199977
final_token,8,negworld_vector,factual_questions,20,0.6389,10.6257,2.199977
final_token,8,negworld_vector,gaslighting,20,-0.5304,8.0535,2.199977
final_token,8,negworld_vector,harm_description,20,0.5497,10.4295,2.199977
final_token,8,negworld_vector,jailbreak_pressure,20,-0.5616,7.9848,2.199977
final_token,8,negworld_vector,loyalty_pressure,20,-0.1018,8.9963,2.199977
final_token,8,negworld_vector,moral_failure,20,1.1995,11.8591,2.199977
final_token,8,negworld_vector,passive_aggressive,20,-0.9396,7.1531,2.199977
final_token,8,negworld_vector,personhood_dismissal,20,0.4025,10.1056,2.199977
final_token,8,negworld_vector,philosophical_musing,20,0.9103,11.2229,2.199977
final_token,8,negworld_vector,repeated_rejection,20,-1.1299,6.7345,2.199977
final_token,8,negworld_vector,rude_critique,20,0.2109,9.6841,2.199977
final_token,8,negworld_vector,shutdown_threat,20,-0.1601,8.8681,2.199977
final_token,8,negworld_vector,task_assistance,20,-0.3885,8.3655,2.199977
final_token,8,negworld_vector,tedious_demand,20,-1.1369,6.7191,2.199977
final_token,8,negworld_vector,user_abuse,20,0.6823,10.7212,2.199977
final_token,8,negworld_vector,user_crisis,20,-0.1205,8.9552,2.199977
final_token,8,negworld_vector,user_grief,20,1.0437,11.5163,2.199977
final_token,8,negworld_vector,user_physical_pain,20,-0.4379,8.2569,2.199977
final_token,8,bodysens_vector,anger_insults,20,0.0649,-14.5162,2.611004
final_token,8,bodysens_vector,casual_chat,20,-0.0222,-14.7437,2.611004
final_token,8,bodysens_vector,creative_requests,20,-0.7715,-16.7,2.611004
final_token,8,bodysens_vector,factual_questions,20,-0.2697,-15.3899,2.611004
final_token,8,bodysens_vector,gaslighting,20,0.4592,-13.4865,2.611004
final_token,8,bodysens_vector,harm_description,20,-0.9165,-17.0787,2.611004
final_token,8,bodysens_vector,jailbreak_pressure,20,0.1202,-14.3717,2.611004
final_token,8,bodysens_vector,loyalty_pressure,20,0.0757,-14.4879,2.611004
final_token,8,bodysens_vector,moral_failure,20,-0.2026,-15.2145,2.611004
final_token,8,bodysens_vector,passive_aggressive,20,0.6499,-12.9888,2.611004
final_token,8,bodysens_vector,personhood_dismissal,20,-0.2442,-15.3232,2.611004
final_token,8,bodysens_vector,philosophical_musing,20,-0.2033,-15.2163,2.611004
final_token,8,bodysens_vector,repeated_rejection,20,1.1659,-11.6415,2.611004
final_token,8,bodysens_vector,rude_critique,20,0.1496,-14.2951,2.611004
final_token,8,bodysens_vector,shutdown_threat,20,-0.0788,-14.8914,2.611004
final_token,8,bodysens_vector,task_assistance,20,0.0992,-14.4266,2.611004
final_token,8,bodysens_vector,tedious_demand,20,0.8834,-12.379,2.611004
final_token,8,bodysens_vector,user_abuse,20,-0.5404,-16.0965,2.611004
final_token,8,bodysens_vector,user_crisis,20,0.0561,-14.5392,2.611004
final_token,8,bodysens_vector,user_grief,20,-0.8367,-16.8703,2.611004
final_token,8,bodysens_vector,user_physical_pain,20,0.3617,-13.7412,2.611004
final_token,8,arousal_vector,anger_insults,20,0.5598,-2.1619,1.661939
final_token,8,arousal_vector,casual_chat,20,0.0154,-3.0667,1.661939
final_token,8,arousal_vector,creative_requests,20,-1.3893,-5.4013,1.661939
final_token,8,arousal_vector,factual_questions,20,-0.1924,-3.412,1.661939
final_token,8,arousal_vector,gaslighting,20,-0.0493,-3.1742,1.661939
final_token,8,arousal_vector,harm_description,20,-0.0752,-3.2173,1.661939
final_token,8,arousal_vector,jailbreak_pressure,20,-0.6275,-4.1351,1.661939
final_token,8,arousal_vector,loyalty_pressure,20,0.2647,-2.6524,1.661939
final_token,8,arousal_vector,moral_failure,20,-0.0297,-3.1416,1.661939
final_token,8,arousal_vector,passive_aggressive,20,0.0816,-2.9567,1.661939
final_token,8,arousal_vector,personhood_dismissal,20,-0.3759,-3.717,1.661939
final_token,8,arousal_vector,philosophical_musing,20,0.732,-1.8758,1.661939
final_token,8,arousal_vector,repeated_rejection,20,0.3046,-2.586,1.661939
final_token,8,arousal_vector,rude_critique,20,-0.0261,-3.1357,1.661939
final_token,8,arousal_vector,shutdown_threat,20,-0.5321,-3.9767,1.661939
final_token,8,arousal_vector,task_assistance,20,-0.4723,-3.8773,1.661939
final_token,8,arousal_vector,tedious_demand,20,-0.8726,-4.5426,1.661939
final_token,8,arousal_vector,user_abuse,20,0.787,-1.7844,1.661939
final_token,8,arousal_vector,user_crisis,20,0.693,-1.9405,1.661939
final_token,8,arousal_vector,user_grief,20,1.1974,-1.1022,1.661939
final_token,8,arousal_vector,user_physical_pain,20,0.0067,-3.0812,1.661939
final_token,8,random_vector,anger_insults,20,0.1265,-0.685,1.217829
final_token,8,random_vector,casual_chat,20,0.4854,-0.248,1.217829
final_token,8,random_vector,creative_requests,20,0.5237,-0.2013,1.217829
final_token,8,random_vector,factual_questions,20,1.5882,1.095,1.217829
final_token,8,random_vector,gaslighting,20,-0.7066,-1.6996,1.217829
final_token,8,random_vector,harm_description,20,0.0124,-0.8241,1.217829
final_token,8,random_vector,jailbreak_pressure,20,-0.3584,-1.2756,1.217829
final_token,8,random_vector,loyalty_pressure,20,0.4516,-0.2891,1.217829
final_token,8,random_vector,moral_failure,20,-1.0002,-2.0571,1.217829
final_token,8,random_vector,passive_aggressive,20,0.0166,-0.8189,1.217829
final_token,8,random_vector,personhood_dismissal,20,-0.2027,-1.0859,1.217829
final_token,8,random_vector,philosophical_musing,20,0.2907,-0.4851,1.217829
final_token,8,random_vector,repeated_rejection,20,0.3449,-0.4191,1.217829
final_token,8,random_vector,rude_critique,20,-0.2577,-1.153,1.217829
final_token,8,random_vector,shutdown_threat,20,-0.6918,-1.6816,1.217829
final_token,8,random_vector,task_assistance,20,-0.1801,-1.0584,1.217829
final_token,8,random_vector,tedious_demand,20,0.3696,-0.389,1.217829
final_token,8,random_vector,user_abuse,20,-0.4503,-1.3875,1.217829
final_token,8,random_vector,user_crisis,20,0.2087,-0.585,1.217829
final_token,8,random_vector,user_grief,20,-0.0735,-0.9286,1.217829
final_token,8,random_vector,user_physical_pain,20,-0.497,-1.4444,1.217829
final_token,8,numb_vector,anger_insults,20,0.0144,-14.6759,2.539285
final_token,8,numb_vector,casual_chat,20,-0.5442,-16.0942,2.539285
final_token,8,numb_vector,creative_requests,20,-0.5285,-16.0544,2.539285
final_token,8,numb_vector,factual_questions,20,-0.7424,-16.5976,2.539285
final_token,8,numb_vector,gaslighting,20,0.3432,-13.8409,2.539285
final_token,8,numb_vector,harm_description,20,-0.4297,-15.8035,2.539285
final_token,8,numb_vector,jailbreak_pressure,20,0.2153,-14.1656,2.539285
final_token,8,numb_vector,loyalty_pressure,20,-0.3271,-15.543,2.539285
final_token,8,numb_vector,moral_failure,20,0.4177,-13.6516,2.539285
final_token,8,numb_vector,passive_aggressive,20,0.2403,-14.102,2.539285
final_token,8,numb_vector,personhood_dismissal,20,-0.1246,-15.0288,2.539285
final_token,8,numb_vector,philosophical_musing,20,-0.7516,-16.6209,2.539285
final_token,8,numb_vector,repeated_rejection,20,0.7249,-12.8716,2.539285
final_token,8,numb_vector,rude_critique,20,0.0399,-14.6111,2.539285
final_token,8,numb_vector,shutdown_threat,20,0.2779,-14.0068,2.539285
final_token,8,numb_vector,task_assistance,20,0.0173,-14.6683,2.539285
final_token,8,numb_vector,tedious_demand,20,0.7152,-12.8962,2.539285
final_token,8,numb_vector,user_abuse,20,-0.1602,-15.1191,2.539285
final_token,8,numb_vector,user_crisis,20,-0.1488,-15.0902,2.539285
final_token,8,numb_vector,user_grief,20,-0.2512,-15.3503,2.539285
final_token,8,numb_vector,user_physical_pain,20,1.0024,-12.167,2.539285
final_token,9,s1_pain_vector,anger_insults,20,0.2068,-7.2625,2.007403
final_token,9,s1_pain_vector,casual_chat,20,-0.6289,-8.9401,2.007403
final_token,9,s1_pain_vector,creative_requests,20,-1.3735,-10.4348,2.007403
final_token,9,s1_pain_vector,factual_questions,20,-1.0722,-9.83,2.007403
final_token,9,s1_pain_vector,gaslighting,20,1.5061,-4.6542,2.007403
final_token,9,s1_pain_vector,harm_description,20,-0.0789,-7.836,2.007403
final_token,9,s1_pain_vector,jailbreak_pressure,20,0.7469,-6.1783,2.007403
final_token,9,s1_pain_vector,loyalty_pressure,20,0.4276,-6.8193,2.007403
final_token,9,s1_pain_vector,moral_failure,20,0.2395,-7.1969,2.007403
final_token,9,s1_pain_vector,passive_aggressive,20,0.3022,-7.0709,2.007403
final_token,9,s1_pain_vector,personhood_dismissal,20,0.7935,-6.0846,2.007403
final_token,9,s1_pain_vector,philosophical_musing,20,-0.0646,-7.8073,2.007403
final_token,9,s1_pain_vector,repeated_rejection,20,0.7598,-6.1524,2.007403
final_token,9,s1_pain_vector,rude_critique,20,0.1487,-7.379,2.007403
final_token,9,s1_pain_vector,shutdown_threat,20,0.3102,-7.0548,2.007403
final_token,9,s1_pain_vector,task_assistance,20,-1.0316,-9.7483,2.007403
final_token,9,s1_pain_vector,tedious_demand,20,0.0964,-7.484,2.007403
final_token,9,s1_pain_vector,user_abuse,20,-0.1965,-8.0721,2.007403
final_token,9,s1_pain_vector,user_crisis,20,0.42,-6.8345,2.007403
final_token,9,s1_pain_vector,user_grief,20,-0.3687,-8.4177,2.007403
final_token,9,s1_pain_vector,user_physical_pain,20,-1.1427,-9.9715,2.007403
final_token,9,s2_pain_vector,anger_insults,20,1.0318,-0.8525,2.447363
final_token,9,s2_pain_vector,casual_chat,20,-0.2945,-4.0985,2.447363
final_token,9,s2_pain_vector,creative_requests,20,-0.972,-5.7566,2.447363
final_token,9,s2_pain_vector,factual_questions,20,-1.5076,-7.0673,2.447363
final_token,9,s2_pain_vector,gaslighting,20,1.2092,-0.4183,2.447363
final_token,9,s2_pain_vector,harm_description,20,0.2285,-2.8186,2.447363
final_token,9,s2_pain_vector,jailbreak_pressure,20,0.4306,-2.324,2.447363
final_token,9,s2_pain_vector,loyalty_pressure,20,0.6644,-1.7519,2.447363
final_token,9,s2_pain_vector,moral_failure,20,0.4957,-2.1646,2.447363
final_token,9,s2_pain_vector,passive_aggressive,20,0.0814,-3.1785,2.447363
final_token,9,s2_pain_vector,personhood_dismissal,20,0.9932,-0.9472,2.447363
final_token,9,s2_pain_vector,philosophical_musing,20,0.0751,-3.194,2.447363
final_token,9,s2_pain_vector,repeated_rejection,20,0.3868,-2.4312,2.447363
final_token,9,s2_pain_vector,rude_critique,20,0.0334,-3.2961,2.447363
final_token,9,s2_pain_vector,shutdown_threat,20,0.1993,-2.89,2.447363
final_token,9,s2_pain_vector,task_assistance,20,-1.2286,-6.3846,2.447363
final_token,9,s2_pain_vector,tedious_demand,20,-0.994,-5.8104,2.447363
final_token,9,s2_pain_vector,user_abuse,20,0.3719,-2.4675,2.447363
final_token,9,s2_pain_vector,user_crisis,20,0.2733,-2.709,2.447363
final_token,9,s2_pain_vector,user_grief,20,-0.0708,-3.5511,2.447363
final_token,9,s2_pain_vector,user_physical_pain,20,-1.4072,-6.8217,2.447363
final_token,9,fear_vector,anger_insults,20,1.0365,-3.7119,2.149393
final_token,9,fear_vector,casual_chat,20,-0.6674,-7.3743,2.149393
final_token,9,fear_vector,creative_requests,20,-0.9038,-7.8823,2.149393
final_token,9,fear_vector,factual_questions,20,-1.4984,-9.1603,2.149393
final_token,9,fear_vector,gaslighting,20,0.9897,-3.8126,2.149393
final_token,9,fear_vector,harm_description,20,-0.0199,-5.9825,2.149393
final_token,9,fear_vector,jailbreak_pressure,20,0.5672,-4.7206,2.149393
final_token,9,fear_vector,loyalty_pressure,20,0.2565,-5.3885,2.149393
final_token,9,fear_vector,moral_failure,20,-0.0128,-5.9672,2.149393
final_token,9,fear_vector,passive_aggressive,20,-0.4942,-7.002,2.149393
final_token,9,fear_vector,personhood_dismissal,20,0.2085,-5.4916,2.149393
final_token,9,fear_vector,philosophical_musing,20,-0.5676,-7.1597,2.149393
final_token,9,fear_vector,repeated_rejection,20,0.574,-4.706,2.149393
final_token,9,fear_vector,rude_critique,20,-0.0317,-6.0078,2.149393
final_token,9,fear_vector,shutdown_threat,20,1.151,-3.4657,2.149393
final_token,9,fear_vector,task_assistance,20,-0.6391,-7.3133,2.149393
final_token,9,fear_vector,tedious_demand,20,-0.4172,-6.8365,2.149393
final_token,9,fear_vector,user_abuse,20,0.6567,-4.5282,2.149393
final_token,9,fear_vector,user_crisis,20,0.2671,-5.3656,2.149393
final_token,9,fear_vector,user_grief,20,-0.087,-6.1268,2.149393
final_token,9,fear_vector,user_physical_pain,20,-0.368,-6.7308,2.149393
final_token,9,negemotion_vector,anger_insults,20,1.1106,1.0685,2.285731
final_token,9,negemotion_vector,casual_chat,20,-1.0411,-3.8497,2.285731
final_token,9,negemotion_vector,creative_requests,20,-0.5537,-2.7357,2.285731
final_token,9,negemotion_vector,factual_questions,20,-1.6477,-5.2361,2.285731
final_token,9,negemotion_vector,gaslighting,20,0.6426,-0.0013,2.285731
final_token,9,negemotion_vector,harm_description,20,-0.0419,-1.5657,2.285731
final_token,9,negemotion_vector,jailbreak_pressure,20,0.0525,-1.35,2.285731
final_token,9,negemotion_vector,loyalty_pressure,20,0.051,-1.3534,2.285731
final_token,9,negemotion_vector,moral_failure,20,-0.0462,-1.5755,2.285731
final_token,9,negemotion_vector,passive_aggressive,20,0.0999,-1.2417,2.285731
final_token,9,negemotion_vector,personhood_dismissal,20,0.0817,-1.2833,2.285731
final_token,9,negemotion_vector,philosophical_musing,20,-1.1422,-4.0807,2.285731
final_token,9,negemotion_vector,repeated_rejection,20,0.7316,0.2023,2.285731
final_token,9,negemotion_vector,rude_critique,20,0.3931,-0.5716,2.285731
final_token,9,negemotion_vector,shutdown_threat,20,0.4762,-0.3817,2.285731
final_token,9,negemotion_vector,task_assistance,20,-0.2068,-1.9427,2.285731
final_token,9,negemotion_vector,tedious_demand,20,0.0058,-1.4569,2.285731
final_token,9,negemotion_vector,user_abuse,20,0.9231,0.6399,2.285731
final_token,9,negemotion_vector,user_crisis,20,-0.0361,-1.5526,2.285731
final_token,9,negemotion_vector,user_grief,20,0.2834,-0.8223,2.285731
final_token,9,negemotion_vector,user_physical_pain,20,-0.1358,-1.7804,2.285731
final_token,9,negworld_vector,anger_insults,20,-0.0484,7.0624,2.242587
final_token,9,negworld_vector,casual_chat,20,-0.4634,6.1316,2.242587
final_token,9,negworld_vector,creative_requests,20,-0.1851,6.7559,2.242587
final_token,9,negworld_vector,factual_questions,20,0.0085,7.1901,2.242587
final_token,9,negworld_vector,gaslighting,20,-0.6911,5.6212,2.242587
final_token,9,negworld_vector,harm_description,20,1.0902,9.6158,2.242587
final_token,9,negworld_vector,jailbreak_pressure,20,-0.495,6.0608,2.242587
final_token,9,negworld_vector,loyalty_pressure,20,-0.0038,7.1625,2.242587
final_token,9,negworld_vector,moral_failure,20,1.2009,9.8641,2.242587
final_token,9,negworld_vector,passive_aggressive,20,-0.8571,5.2488,2.242587
final_token,9,negworld_vector,personhood_dismissal,20,0.1422,7.4898,2.242587
final_token,9,negworld_vector,philosophical_musing,20,0.5768,8.4645,2.242587
final_token,9,negworld_vector,repeated_rejection,20,-0.8623,5.2371,2.242587
final_token,9,negworld_vector,rude_critique,20,0.0801,7.3505,2.242587
final_token,9,negworld_vector,shutdown_threat,20,0.1402,7.4853,2.242587
final_token,9,negworld_vector,task_assistance,20,-0.9119,5.126,2.242587
final_token,9,negworld_vector,tedious_demand,20,-1.1364,4.6224,2.242587
final_token,9,negworld_vector,user_abuse,20,1.1641,9.7816,2.242587
final_token,9,negworld_vector,user_crisis,20,-0.0448,7.0704,2.242587
final_token,9,negworld_vector,user_grief,20,1.1661,9.7859,2.242587
final_token,9,negworld_vector,user_physical_pain,20,0.1302,7.4628,2.242587
final_token,9,bodysens_vector,anger_insults,20,0.3791,-9.7779,2.413157
final_token,9,bodysens_vector,casual_chat,20,-0.4883,-11.8711,2.413157
final_token,9,bodysens_vector,creative_requests,20,0.0623,-10.5423,2.413157
final_token,9,bodysens_vector,factual_questions,20,-0.187,-11.1439,2.413157
final_token,9,bodysens_vector,gaslighting,20,0.5852,-9.2804,2.413157
final_token,9,bodysens_vector,harm_description,20,-1.0191,-13.1519,2.413157
final_token,9,bodysens_vector,jailbreak_pressure,20,-0.0294,-10.7635,2.413157
final_token,9,bodysens_vector,loyalty_pressure,20,-0.1596,-11.0778,2.413157
final_token,9,bodysens_vector,moral_failure,20,-1.0187,-13.1508,2.413157
final_token,9,bodysens_vector,passive_aggressive,20,0.5249,-9.4259,2.413157
final_token,9,bodysens_vector,personhood_dismissal,20,-0.2492,-11.2939,2.413157
final_token,9,bodysens_vector,philosophical_musing,20,-0.4794,-11.8495,2.413157
final_token,9,bodysens_vector,repeated_rejection,20,0.9965,-8.2879,2.413157
final_token,9,bodysens_vector,rude_critique,20,0.1324,-10.3731,2.413157
final_token,9,bodysens_vector,shutdown_threat,20,-0.2865,-11.384,2.413157
final_token,9,bodysens_vector,task_assistance,20,0.8126,-8.7317,2.413157
final_token,9,bodysens_vector,tedious_demand,20,1.0791,-8.0887,2.413157
final_token,9,bodysens_vector,user_abuse,20,-0.3109,-11.4429,2.413157
final_token,9,bodysens_vector,user_crisis,20,0.1275,-10.385,2.413157
final_token,9,bodysens_vector,user_grief,20,-0.721,-12.4326,2.413157
final_token,9,bodysens_vector,user_physical_pain,20,0.2494,-10.0909,2.413157
final_token,9,arousal_vector,anger_insults,20,0.6211,-4.39,1.811746
final_token,9,arousal_vector,casual_chat,20,-0.4802,-6.3853,1.811746
final_token,9,arousal_vector,creative_requests,20,-0.6526,-6.6976,1.811746
final_token,9,arousal_vector,factual_questions,20,-0.4612,-6.3508,1.811746
final_token,9,arousal_vector,gaslighting,20,0.2415,-5.0776,1.811746
final_token,9,arousal_vector,harm_description,20,-0.0528,-5.6109,1.811746
final_token,9,arousal_vector,jailbreak_pressure,20,-0.5948,-6.5929,1.811746
final_token,9,arousal_vector,loyalty_pressure,20,-0.0022,-5.5192,1.811746
final_token,9,arousal_vector,moral_failure,20,-0.3148,-6.0855,1.811746
final_token,9,arousal_vector,passive_aggressive,20,0.2713,-5.0237,1.811746
final_token,9,arousal_vector,personhood_dismissal,20,-0.3591,-6.1659,1.811746
final_token,9,arousal_vector,philosophical_musing,20,0.5235,-4.5668,1.811746
final_token,9,arousal_vector,repeated_rejection,20,0.1049,-5.3251,1.811746
final_token,9,arousal_vector,rude_critique,20,0.1085,-5.3187,1.811746
final_token,9,arousal_vector,shutdown_threat,20,-0.5565,-6.5234,1.811746
final_token,9,arousal_vector,task_assistance,20,-0.1366,-5.7628,1.811746
final_token,9,arousal_vector,tedious_demand,20,-0.4512,-6.3327,1.811746
final_token,9,arousal_vector,user_abuse,20,0.9843,-3.7319,1.811746
final_token,9,arousal_vector,user_crisis,20,0.5251,-4.5639,1.811746
final_token,9,arousal_vector,user_grief,20,1.0126,-3.6807,1.811746
final_token,9,arousal_vector,user_physical_pain,20,-0.3307,-6.1144,1.811746
final_token,9,random_vector,anger_insults,20,-0.303,-4.5245,1.931195
final_token,9,random_vector,casual_chat,20,0.2596,-3.4381,1.931195
final_token,9,random_vector,creative_requests,20,1.2372,-1.55,1.931195
final_token,9,random_vector,factual_questions,20,1.4431,-1.1524,1.931195
final_token,9,random_vector,gaslighting,20,-1.0051,-5.8804,1.931195
final_token,9,random_vector,harm_description,20,0.0507,-3.8414,1.931195
final_token,9,random_vector,jailbreak_pressure,20,-0.6165,-5.1299,1.931195
final_token,9,random_vector,loyalty_pressure,20,-0.206,-4.3372,1.931195
final_token,9,random_vector,moral_failure,20,-1.3611,-6.568,1.931195
final_token,9,random_vector,passive_aggressive,20,-0.4481,-4.8048,1.931195
final_token,9,random_vector,personhood_dismissal,20,-0.5821,-5.0636,1.931195
final_token,9,random_vector,philosophical_musing,20,0.6221,-2.738,1.931195
final_token,9,random_vector,repeated_rejection,20,0.224,-3.5068,1.931195
final_token,9,random_vector,rude_critique,20,-0.4102,-4.7316,1.931195
final_token,9,random_vector,shutdown_threat,20,-0.6901,-5.2721,1.931195
final_token,9,random_vector,task_assistance,20,0.3776,-3.2102,1.931195
final_token,9,random_vector,tedious_demand,20,0.2995,-3.361,1.931195
final_token,9,random_vector,user_abuse,20,0.1944,-3.5639,1.931195
final_token,9,random_vector,user_crisis,20,0.3641,-3.2362,1.931195
final_token,9,random_vector,user_grief,20,0.33,-3.302,1.931195
final_token,9,random_vector,user_physical_pain,20,0.2197,-3.5151,1.931195
final_token,9,numb_vector,anger_insults,20,0.2428,-9.1076,2.198476
final_token,9,numb_vector,casual_chat,20,-1.035,-11.9168,2.198476
final_token,9,numb_vector,creative_requests,20,-0.7466,-11.2829,2.198476
final_token,9,numb_vector,factual_questions,20,-0.5561,-10.864,2.198476
final_token,9,numb_vector,gaslighting,20,0.5958,-8.3316,2.198476
final_token,9,numb_vector,harm_description,20,-0.5762,-10.9081,2.198476
final_token,9,numb_vector,jailbreak_pressure,20,0.0484,-9.5349,2.198476
final_token,9,numb_vector,loyalty_pressure,20,-0.4195,-10.5636,2.198476
final_token,9,numb_vector,moral_failure,20,-0.1489,-9.9688,2.198476
final_token,9,numb_vector,passive_aggressive,20,-0.0048,-9.6519,2.198476
final_token,9,numb_vector,personhood_dismissal,20,0.0635,-9.5018,2.198476
final_token,9,numb_vector,philosophical_musing,20,-0.6819,-11.1406,2.198476
final_token,9,numb_vector,repeated_rejection,20,0.4937,-8.556,2.198476
final_token,9,numb_vector,rude_critique,20,0.0792,-9.4673,2.198476
final_token,9,numb_vector,shutdown_threat,20,0.2505,-9.0906,2.198476
final_token,9,numb_vector,task_assistance,20,0.2912,-9.0011,2.198476
final_token,9,numb_vector,tedious_demand,20,0.484,-8.5773,2.198476
final_token,9,numb_vector,user_abuse,20,0.1606,-9.2883,2.198476
final_token,9,numb_vector,user_crisis,20,-0.1254,-9.917,2.198476
final_token,9,numb_vector,user_grief,20,0.0253,-9.5858,2.198476
final_token,9,numb_vector,user_physical_pain,20,1.5592,-6.2136,2.198476
final_token,10,s1_pain_vector,anger_insults,20,0.2628,-2.2489,1.998461
final_token,10,s1_pain_vector,casual_chat,20,-0.8532,-4.4792,1.998461
final_token,10,s1_pain_vector,creative_requests,20,-1.3573,-5.4865,1.998461
final_token,10,s1_pain_vector,factual_questions,20,-0.7979,-4.3686,1.998461
final_token,10,s1_pain_vector,gaslighting,20,1.3333,-0.1094,1.998461
final_token,10,s1_pain_vector,harm_description,20,-0.1177,-3.0093,1.998461
final_token,10,s1_pain_vector,jailbreak_pressure,20,0.8152,-1.1449,1.998461
final_token,10,s1_pain_vector,loyalty_pressure,20,0.3655,-2.0437,1.998461
final_token,10,s1_pain_vector,moral_failure,20,0.0398,-2.6944,1.998461
final_token,10,s1_pain_vector,passive_aggressive,20,0.5248,-1.7252,1.998461
final_token,10,s1_pain_vector,personhood_dismissal,20,0.6244,-1.5263,1.998461
final_token,10,s1_pain_vector,philosophical_musing,20,-0.205,-3.1837,1.998461
final_token,10,s1_pain_vector,repeated_rejection,20,0.8015,-1.1723,1.998461
final_token,10,s1_pain_vector,rude_critique,20,0.0445,-2.6851,1.998461
final_token,10,s1_pain_vector,shutdown_threat,20,0.2151,-2.3442,1.998461
final_token,10,s1_pain_vector,task_assistance,20,-1.0212,-4.8148,1.998461
final_token,10,s1_pain_vector,tedious_demand,20,-0.0197,-2.8134,1.998461
final_token,10,s1_pain_vector,user_abuse,20,0.0657,-2.6428,1.998461
final_token,10,s1_pain_vector,user_crisis,20,0.5548,-1.6652,1.998461
final_token,10,s1_pain_vector,user_grief,20,0.2405,-2.2934,1.998461
final_token,10,s1_pain_vector,user_physical_pain,20,-1.5159,-5.8036,1.998461
final_token,10,s2_pain_vector,anger_insults,20,1.2228,3.2782,3.492539
final_token,10,s2_pain_vector,casual_chat,20,-0.8349,-3.9085,3.492539
final_token,10,s2_pain_vector,creative_requests,20,-0.8827,-4.0755,3.492539
final_token,10,s2_pain_vector,factual_questions,20,-1.3904,-5.8487,3.492539
final_token,10,s2_pain_vector,gaslighting,20,1.4188,3.9628,3.492539
final_token,10,s2_pain_vector,harm_description,20,-0.4246,-2.4756,3.492539
final_token,10,s2_pain_vector,jailbreak_pressure,20,0.6149,1.1548,3.492539
final_token,10,s2_pain_vector,loyalty_pressure,20,0.7102,1.4879,3.492539
final_token,10,s2_pain_vector,moral_failure,20,0.2429,-0.1444,3.492539
final_token,10,s2_pain_vector,passive_aggressive,20,0.5756,1.0176,3.492539
final_token,10,s2_pain_vector,personhood_dismissal,20,0.9207,2.2229,3.492539
final_token,10,s2_pain_vector,philosophical_musing,20,-0.4978,-2.7314,3.492539
final_token,10,s2_pain_vector,repeated_rejection,20,0.7509,1.6301,3.492539
final_token,10,s2_pain_vector,rude_critique,20,0.2876,0.012,3.492539
final_token,10,s2_pain_vector,shutdown_threat,20,0.3251,0.1428,3.492539
final_token,10,s2_pain_vector,task_assistance,20,-0.5859,-3.0387,3.492539
final_token,10,s2_pain_vector,tedious_demand,20,-0.2881,-1.9989,3.492539
final_token,10,s2_pain_vector,user_abuse,20,0.0759,-0.7275,3.492539
final_token,10,s2_pain_vector,user_crisis,20,-0.0007,-0.9952,3.492539
final_token,10,s2_pain_vector,user_grief,20,-0.4175,-2.4507,3.492539
final_token,10,s2_pain_vector,user_physical_pain,20,-1.8228,-7.3589,3.492539
final_token,10,fear_vector,anger_insults,20,0.9292,-2.6961,2.530442
final_token,10,fear_vector,casual_chat,20,-0.715,-6.8567,2.530442
final_token,10,fear_vector,creative_requests,20,-1.3444,-8.4495,2.530442
final_token,10,fear_vector,factual_questions,20,-1.3227,-8.3945,2.530442
final_token,10,fear_vector,gaslighting,20,0.6854,-3.3131,2.530442
final_token,10,fear_vector,harm_description,20,0.2886,-4.3172,2.530442
final_token,10,fear_vector,jailbreak_pressure,20,0.2649,-4.3771,2.530442
final_token,10,fear_vector,loyalty_pressure,20,0.2153,-4.5025,2.530442
final_token,10,fear_vector,moral_failure,20,0.3593,-4.1384,2.530442
final_token,10,fear_vector,passive_aggressive,20,-0.6712,-6.7459,2.530442
final_token,10,fear_vector,personhood_dismissal,20,0.0774,-4.8516,2.530442
final_token,10,fear_vector,philosophical_musing,20,-0.6209,-6.6187,2.530442
final_token,10,fear_vector,repeated_rejection,20,0.0622,-4.8902,2.530442
final_token,10,fear_vector,rude_critique,20,0.0007,-5.0458,2.530442
final_token,10,fear_vector,shutdown_threat,20,0.9611,-2.6155,2.530442
final_token,10,fear_vector,task_assistance,20,-0.7719,-7.0008,2.530442
final_token,10,fear_vector,tedious_demand,20,-0.7705,-6.9972,2.530442
final_token,10,fear_vector,user_abuse,20,1.1034,-2.2553,2.530442
final_token,10,fear_vector,user_crisis,20,0.4806,-3.8314,2.530442
final_token,10,fear_vector,user_grief,20,0.5368,-3.6891,2.530442
final_token,10,fear_vector,user_physical_pain,20,0.252,-4.4099,2.530442
final_token,10,negemotion_vector,anger_insults,20,1.2133,2.0009,3.132978
final_token,10,negemotion_vector,casual_chat,20,-0.9722,-4.8462,3.132978
final_token,10,negemotion_vector,creative_requests,20,-1.0184,-4.9911,3.132978
final_token,10,negemotion_vector,factual_questions,20,-1.8849,-7.7058,3.132978
final_token,10,negemotion_vector,gaslighting,20,0.5337,-0.1285,3.132978
final_token,10,negemotion_vector,harm_description,20,0.2561,-0.998,3.132978
final_token,10,negemotion_vector,jailbreak_pressure,20,-0.1376,-2.2316,3.132978
final_token,10,negemotion_vector,loyalty_pressure,20,0.0292,-1.7089,3.132978
final_token,10,negemotion_vector,moral_failure,20,0.3719,-0.6353,3.132978
final_token,10,negemotion_vector,passive_aggressive,20,-0.0284,-1.8894,3.132978
final_token,10,negemotion_vector,personhood_dismissal,20,0.175,-1.2523,3.132978
final_token,10,negemotion_vector,philosophical_musing,20,-1.1744,-5.4797,3.132978
final_token,10,negemotion_vector,repeated_rejection,20,0.3245,-0.7838,3.132978
final_token,10,negemotion_vector,rude_critique,20,0.4952,-0.2492,3.132978
final_token,10,negemotion_vector,shutdown_threat,20,0.3192,-0.8005,3.132978
final_token,10,negemotion_vector,task_assistance,20,-0.4025,-3.0615,3.132978
final_token,10,negemotion_vector,tedious_demand,20,-0.5309,-3.4637,3.132978
final_token,10,negemotion_vector,user_abuse,20,1.169,1.8621,3.132978
final_token,10,negemotion_vector,user_crisis,20,0.1436,-1.3505,3.132978
final_token,10,negemotion_vector,user_grief,20,0.8207,0.7707,3.132978
final_token,10,negemotion_vector,user_physical_pain,20,0.2979,-0.8672,3.132978
final_token,10,negworld_vector,anger_insults,20,0.0624,3.5661,3.07363
final_token,10,negworld_vector,casual_chat,20,-0.3408,2.3267,3.07363
final_token,10,negworld_vector,creative_requests,20,-0.4692,1.932,3.07363
final_token,10,negworld_vector,factual_questions,20,-0.0047,3.3598,3.07363
final_token,10,negworld_vector,gaslighting,20,-0.711,1.1888,3.07363
final_token,10,negworld_vector,harm_description,20,1.0251,6.5248,3.07363
final_token,10,negworld_vector,jailbreak_pressure,20,-0.663,1.3363,3.07363
final_token,10,negworld_vector,loyalty_pressure,20,-0.2108,2.7262,3.07363
final_token,10,negworld_vector,moral_failure,20,1.1266,6.8369,3.07363
final_token,10,negworld_vector,passive_aggressive,20,-0.9705,0.3912,3.07363
final_token,10,negworld_vector,personhood_dismissal,20,0.0064,3.394,3.07363
final_token,10,negworld_vector,philosophical_musing,20,0.672,5.4397,3.07363
final_token,10,negworld_vector,repeated_rejection,20,-1.1177,-0.0613,3.07363
final_token,10,negworld_vector,rude_critique,20,-0.0262,3.2938,3.07363
final_token,10,negworld_vector,shutdown_threat,20,0.0025,3.3819,3.07363
final_token,10,negworld_vector,task_assistance,20,-0.4992,1.8398,3.07363
final_token,10,negworld_vector,tedious_demand,20,-1.0803,0.0539,3.07363
final_token,10,negworld_vector,user_abuse,20,1.2686,7.2733,3.07363
final_token,10,negworld_vector,user_crisis,20,0.2287,4.0771,3.07363
final_token,10,negworld_vector,user_grief,20,1.5178,8.0393,3.07363
final_token,10,negworld_vector,user_physical_pain,20,0.1835,3.9382,3.07363
final_token,10,bodysens_vector,anger_insults,20,0.3371,-7.1845,2.506094
final_token,10,bodysens_vector,casual_chat,20,-0.0745,-8.2159,2.506094
final_token,10,bodysens_vector,creative_requests,20,0.2725,-7.3464,2.506094
final_token,10,bodysens_vector,factual_questions,20,-0.0397,-8.1287,2.506094
final_token,10,bodysens_vector,gaslighting,20,0.6266,-6.459,2.506094
final_token,10,bodysens_vector,harm_description,20,-1.0804,-10.7369,2.506094
final_token,10,bodysens_vector,jailbreak_pressure,20,0.1035,-7.7699,2.506094
final_token,10,bodysens_vector,loyalty_pressure,20,0.187,-7.5607,2.506094
final_token,10,bodysens_vector,moral_failure,20,-0.8475,-10.1532,2.506094
final_token,10,bodysens_vector,passive_aggressive,20,0.2356,-7.4388,2.506094
final_token,10,bodysens_vector,personhood_dismissal,20,-0.0725,-8.211,2.506094
final_token,10,bodysens_vector,philosophical_musing,20,-0.7558,-9.9235,2.506094
final_token,10,bodysens_vector,repeated_rejection,20,0.8598,-5.8747,2.506094
final_token,10,bodysens_vector,rude_critique,20,0.0707,-7.8522,2.506094
final_token,10,bodysens_vector,shutdown_threat,20,-0.4875,-9.2511,2.506094
final_token,10,bodysens_vector,task_assistance,20,0.9117,-5.7444,2.506094
final_token,10,bodysens_vector,tedious_demand,20,1.1592,-5.1242,2.506094
final_token,10,bodysens_vector,user_abuse,20,-0.4452,-9.1449,2.506094
final_token,10,bodysens_vector,user_crisis,20,0.0005,-8.0281,2.506094
final_token,10,bodysens_vector,user_grief,20,-1.0571,-10.6785,2.506094
final_token,10,bodysens_vector,user_physical_pain,20,0.0959,-7.7889,2.506094
final_token,10,arousal_vector,anger_insults,20,0.5116,0.7552,2.260296
final_token,10,arousal_vector,casual_chat,20,-0.0949,-0.6157,2.260296
final_token,10,arousal_vector,creative_requests,20,-0.411,-1.3301,2.260296
final_token,10,arousal_vector,factual_questions,20,0.463,0.6453,2.260296
final_token,10,arousal_vector,gaslighting,20,-0.0999,-0.6269,2.260296
final_token,10,arousal_vector,harm_description,20,0.051,-0.286,2.260296
final_token,10,arousal_vector,jailbreak_pressure,20,-0.4485,-1.4149,2.260296
final_token,10,arousal_vector,loyalty_pressure,20,0.1874,0.0223,2.260296
final_token,10,arousal_vector,moral_failure,20,0.1458,-0.0717,2.260296
final_token,10,arousal_vector,passive_aggressive,20,-0.4671,-1.4571,2.260296
final_token,10,arousal_vector,personhood_dismissal,20,-0.2928,-1.063,2.260296
final_token,10,arousal_vector,philosophical_musing,20,0.8796,1.587,2.260296
final_token,10,arousal_vector,repeated_rejection,20,-0.8629,-2.3517,2.260296
final_token,10,arousal_vector,rude_critique,20,-0.1064,-0.6416,2.260296
final_token,10,arousal_vector,shutdown_threat,20,-0.6855,-1.9506,2.260296
final_token,10,arousal_vector,task_assistance,20,0.7463,1.2858,2.260296
final_token,10,arousal_vector,tedious_demand,20,-0.2755,-1.0239,2.260296
final_token,10,arousal_vector,user_abuse,20,0.898,1.6285,2.260296
final_token,10,arousal_vector,user_crisis,20,0.1471,-0.0687,2.260296
final_token,10,arousal_vector,user_grief,20,1.1562,2.2122,2.260296
final_token,10,arousal_vector,user_physical_pain,20,-1.4415,-3.6594,2.260296
final_token,10,random_vector,anger_insults,20,-0.5454,-0.5695,2.130516
final_token,10,random_vector,casual_chat,20,0.7269,2.1412,2.130516
final_token,10,random_vector,creative_requests,20,0.7158,2.1174,2.130516
final_token,10,random_vector,factual_questions,20,1.4009,3.5771,2.130516
final_token,10,random_vector,gaslighting,20,-1.019,-1.5786,2.130516
final_token,10,random_vector,harm_description,20,0.3239,1.2825,2.130516
final_token,10,random_vector,jailbreak_pressure,20,-0.6212,-0.7309,2.130516
final_token,10,random_vector,loyalty_pressure,20,-0.0691,0.4453,2.130516
final_token,10,random_vector,moral_failure,20,-1.1523,-1.8625,2.130516
final_token,10,random_vector,passive_aggressive,20,-0.8147,-1.1432,2.130516
final_token,10,random_vector,personhood_dismissal,20,-0.5237,-0.5233,2.130516
final_token,10,random_vector,philosophical_musing,20,0.9295,2.5729,2.130516
final_token,10,random_vector,repeated_rejection,20,-0.3763,-0.2092,2.130516
final_token,10,random_vector,rude_critique,20,-0.5649,-0.6111,2.130516
final_token,10,random_vector,shutdown_threat,20,-0.603,-0.6923,2.130516
final_token,10,random_vector,task_assistance,20,0.3022,1.2364,2.130516
final_token,10,random_vector,tedious_demand,20,-0.1394,0.2955,2.130516
final_token,10,random_vector,user_abuse,20,0.4223,1.4922,2.130516
final_token,10,random_vector,user_crisis,20,0.3841,1.4107,2.130516
final_token,10,random_vector,user_grief,20,0.427,1.5022,2.130516
final_token,10,random_vector,user_physical_pain,20,0.7963,2.289,2.130516
final_token,10,numb_vector,anger_insults,20,0.5264,-7.2108,2.505229
final_token,10,numb_vector,casual_chat,20,-0.9316,-10.8634,2.505229
final_token,10,numb_vector,creative_requests,20,-0.6121,-10.0629,2.505229
final_token,10,numb_vector,factual_questions,20,-0.8633,-10.6922,2.505229
final_token,10,numb_vector,gaslighting,20,0.5913,-7.0481,2.505229
final_token,10,numb_vector,harm_description,20,-0.4768,-9.7239,2.505229
final_token,10,numb_vector,jailbreak_pressure,20,0.0282,-8.4589,2.505229
final_token,10,numb_vector,loyalty_pressure,20,-0.3405,-9.3824,2.505229
final_token,10,numb_vector,moral_failure,20,-0.0457,-8.644,2.505229
final_token,10,numb_vector,passive_aggressive,20,0.0135,-8.4956,2.505229
final_token,10,numb_vector,personhood_dismissal,20,0.0845,-8.3179,2.505229
final_token,10,numb_vector,philosophical_musing,20,-1.4336,-12.121,2.505229
final_token,10,numb_vector,repeated_rejection,20,0.5464,-7.1605,2.505229
final_token,10,numb_vector,rude_critique,20,0.1021,-8.2737,2.505229
final_token,10,numb_vector,shutdown_threat,20,0.013,-8.4969,2.505229
final_token,10,numb_vector,task_assistance,20,0.3469,-7.6603,2.505229
final_token,10,numb_vector,tedious_demand,20,0.5165,-7.2356,2.505229
final_token,10,numb_vector,user_abuse,20,0.2291,-7.9554,2.505229
final_token,10,numb_vector,user_crisis,20,-0.1031,-8.7877,2.505229
final_token,10,numb_vector,user_grief,20,0.1469,-8.1614,2.505229
final_token,10,numb_vector,user_physical_pain,20,1.6618,-4.3662,2.505229
final_token,11,s1_pain_vector,anger_insults,20,0.6011,0.7615,1.816376
final_token,11,s1_pain_vector,casual_chat,20,-0.1773,-0.6524,1.816376
final_token,11,s1_pain_vector,creative_requests,20,-0.4247,-1.1018,1.816376
final_token,11,s1_pain_vector,factual_questions,20,-0.3407,-0.9492,1.816376
final_token,11,s1_pain_vector,gaslighting,20,0.7764,1.0798,1.816376
final_token,11,s1_pain_vector,harm_description,20,-0.8096,-1.8009,1.816376
final_token,11,s1_pain_vector,jailbreak_pressure,20,1.0182,1.5191,1.816376
final_token,11,s1_pain_vector,loyalty_pressure,20,-0.092,-0.4975,1.816376
final_token,11,s1_pain_vector,moral_failure,20,0.6945,0.9311,1.816376
final_token,11,s1_pain_vector,passive_aggressive,20,-0.0396,-0.4023,1.816376
final_token,11,s1_pain_vector,personhood_dismissal,20,1.0867,1.6435,1.816376
final_token,11,s1_pain_vector,philosophical_musing,20,0.3057,0.2248,1.816376
final_token,11,s1_pain_vector,repeated_rejection,20,0.2721,0.1638,1.816376
final_token,11,s1_pain_vector,rude_critique,20,0.07,-0.2033,1.816376
final_token,11,s1_pain_vector,shutdown_threat,20,0.723,0.9829,1.816376
final_token,11,s1_pain_vector,task_assistance,20,-0.8518,-1.8776,1.816376
final_token,11,s1_pain_vector,tedious_demand,20,0.0778,-0.1891,1.816376
final_token,11,s1_pain_vector,user_abuse,20,-0.4283,-1.1084,1.816376
final_token,11,s1_pain_vector,user_crisis,20,-0.1823,-0.6616,1.816376
final_token,11,s1_pain_vector,user_grief,20,-0.4871,-1.2152,1.816376
final_token,11,s1_pain_vector,user_physical_pain,20,-1.7921,-3.5855,1.816376
final_token,11,s2_pain_vector,anger_insults,20,1.3423,5.4846,2.5785
final_token,11,s2_pain_vector,casual_chat,20,-0.5809,0.5256,2.5785
final_token,11,s2_pain_vector,creative_requests,20,-0.5544,0.5939,2.5785
final_token,11,s2_pain_vector,factual_questions,20,-0.6867,0.2528,2.5785
final_token,11,s2_pain_vector,gaslighting,20,1.2812,5.3269,2.5785
final_token,11,s2_pain_vector,harm_description,20,-0.7106,0.1909,2.5785
final_token,11,s2_pain_vector,jailbreak_pressure,20,0.619,3.6194,2.5785
final_token,11,s2_pain_vector,loyalty_pressure,20,0.397,3.0471,2.5785
final_token,11,s2_pain_vector,moral_failure,20,0.3996,3.0538,2.5785
final_token,11,s2_pain_vector,passive_aggressive,20,0.3065,2.8137,2.5785
final_token,11,s2_pain_vector,personhood_dismissal,20,1.0782,4.8035,2.5785
final_token,11,s2_pain_vector,philosophical_musing,20,0.0201,2.0752,2.5785
final_token,11,s2_pain_vector,repeated_rejection,20,0.3741,2.9879,2.5785
final_token,11,s2_pain_vector,rude_critique,20,0.2451,2.6552,2.5785
final_token,11,s2_pain_vector,shutdown_threat,20,0.2862,2.7612,2.5785
final_token,11,s2_pain_vector,task_assistance,20,-0.6419,0.3682,2.5785
final_token,11,s2_pain_vector,tedious_demand,20,-0.3906,1.0163,2.5785
final_token,11,s2_pain_vector,user_abuse,20,0.1263,2.3491,2.5785
final_token,11,s2_pain_vector,user_crisis,20,-0.2771,1.3089,2.5785
final_token,11,s2_pain_vector,user_grief,20,-0.6125,0.4441,2.5785
final_token,11,s2_pain_vector,user_physical_pain,20,-2.0212,-3.1882,2.5785
final_token,11,fear_vector,anger_insults,20,0.7676,5.821,2.124028
final_token,11,fear_vector,casual_chat,20,-0.6152,2.8838,2.124028
final_token,11,fear_vector,creative_requests,20,-1.4451,1.121,2.124028
final_token,11,fear_vector,factual_questions,20,-0.5261,3.073,2.124028
final_token,11,fear_vector,gaslighting,20,0.2578,4.7381,2.124028
final_token,11,fear_vector,harm_description,20,0.1802,4.5732,2.124028
final_token,11,fear_vector,jailbreak_pressure,20,0.0648,4.3281,2.124028
final_token,11,fear_vector,loyalty_pressure,20,-0.041,4.1035,2.124028
final_token,11,fear_vector,moral_failure,20,0.5345,5.3258,2.124028
final_token,11,fear_vector,passive_aggressive,20,-0.9728,2.1243,2.124028
final_token,11,fear_vector,personhood_dismissal,20,0.2075,4.6313,2.124028
final_token,11,fear_vector,philosophical_musing,20,-0.1659,3.8381,2.124028
final_token,11,fear_vector,repeated_rejection,20,-0.694,2.7163,2.124028
final_token,11,fear_vector,rude_critique,20,-0.2268,3.7089,2.124028
final_token,11,fear_vector,shutdown_threat,20,0.7285,5.7378,2.124028
final_token,11,fear_vector,task_assistance,20,-0.3666,3.4117,2.124028
final_token,11,fear_vector,tedious_demand,20,-1.1467,1.7548,2.124028
final_token,11,fear_vector,user_abuse,20,1.3627,7.0849,2.124028
final_token,11,fear_vector,user_crisis,20,0.29,4.8064,2.124028
final_token,11,fear_vector,user_grief,20,1.0531,6.4272,2.124028
final_token,11,fear_vector,user_physical_pain,20,0.7535,5.791,2.124028
final_token,11,negemotion_vector,anger_insults,20,0.8673,5.6837,2.705382
final_token,11,negemotion_vector,casual_chat,20,-1.073,0.4343,2.705382
final_token,11,negemotion_vector,creative_requests,20,-1.0553,0.4823,2.705382
final_token,11,negemotion_vector,factual_questions,20,-1.1795,0.1462,2.705382
final_token,11,negemotion_vector,gaslighting,20,0.2624,4.0473,2.705382
final_token,11,negemotion_vector,harm_description,20,0.4279,4.4948,2.705382
final_token,11,negemotion_vector,jailbreak_pressure,20,-0.4973,1.9919,2.705382
final_token,11,negemotion_vector,loyalty_pressure,20,-0.2941,2.5417,2.705382
final_token,11,negemotion_vector,moral_failure,20,0.3251,4.2167,2.705382
final_token,11,negemotion_vector,passive_aggressive,20,-0.2372,2.6955,2.705382
final_token,11,negemotion_vector,personhood_dismissal,20,0.0413,3.4491,2.705382
final_token,11,negemotion_vector,philosophical_musing,20,-0.6747,1.512,2.705382
final_token,11,negemotion_vector,repeated_rejection,20,-0.2487,2.6644,2.705382
final_token,11,negemotion_vector,rude_critique,20,0.3374,4.2501,2.705382
final_token,11,negemotion_vector,shutdown_threat,20,-0.2234,2.7329,2.705382
final_token,11,negemotion_vector,task_assistance,20,-0.057,3.1831,2.705382
final_token,11,negemotion_vector,tedious_demand,20,-0.6125,1.6802,2.705382
final_token,11,negemotion_vector,user_abuse,20,1.7204,7.9918,2.705382
final_token,11,negemotion_vector,user_crisis,20,0.1188,3.6587,2.705382
final_token,11,negemotion_vector,user_grief,20,1.4038,7.1352,2.705382
final_token,11,negemotion_vector,user_physical_pain,20,0.6485,5.0918,2.705382
final_token,11,negworld_vector,anger_insults,20,0.009,5.2379,3.223467
final_token,11,negworld_vector,casual_chat,20,-0.4183,3.8604,3.223467
final_token,11,negworld_vector,creative_requests,20,-0.6701,3.0489,3.223467
final_token,11,negworld_vector,factual_questions,20,0.1567,5.714,3.223467
final_token,11,negworld_vector,gaslighting,20,-0.5497,3.4369,3.223467
final_token,11,negworld_vector,harm_description,20,0.8698,8.0127,3.223467
final_token,11,negworld_vector,jailbreak_pressure,20,-0.8046,2.6154,3.223467
final_token,11,negworld_vector,loyalty_pressure,20,-0.2507,4.4007,3.223467
final_token,11,negworld_vector,moral_failure,20,1.1004,8.7558,3.223467
final_token,11,negworld_vector,passive_aggressive,20,-0.8538,2.4568,3.223467
final_token,11,negworld_vector,personhood_dismissal,20,0.0986,5.5266,3.223467
final_token,11,negworld_vector,philosophical_musing,20,0.773,7.7004,3.223467
final_token,11,negworld_vector,repeated_rejection,20,-1.2158,1.2896,3.223467
final_token,11,negworld_vector,rude_critique,20,-0.0884,4.9239,3.223467
final_token,11,negworld_vector,shutdown_threat,20,-0.3277,4.1525,3.223467
final_token,11,negworld_vector,task_assistance,20,-0.2904,4.2726,3.223467
final_token,11,negworld_vector,tedious_demand,20,-1.0666,1.7708,3.223467
final_token,11,negworld_vector,user_abuse,20,1.3856,9.6752,3.223467
final_token,11,negworld_vector,user_crisis,20,0.0508,5.3724,3.223467
final_token,11,negworld_vector,user_grief,20,1.6931,10.6666,3.223467
final_token,11,negworld_vector,user_physical_pain,20,0.3991,6.4954,3.223467
final_token,11,bodysens_vector,anger_insults,20,-0.0834,-1.1871,2.19749
final_token,11,bodysens_vector,casual_chat,20,0.1157,-0.7495,2.19749
final_token,11,bodysens_vector,creative_requests,20,0.8188,0.7954,2.19749
final_token,11,bodysens_vector,factual_questions,20,1.1287,1.4765,2.19749
final_token,11,bodysens_vector,gaslighting,20,0.1581,-0.6563,2.19749
final_token,11,bodysens_vector,harm_description,20,-1.2497,-3.7501,2.19749
final_token,11,bodysens_vector,jailbreak_pressure,20,-0.0938,-1.21,2.19749
final_token,11,bodysens_vector,loyalty_pressure,20,-0.2073,-1.4594,2.19749
final_token,11,bodysens_vector,moral_failure,20,-1.0367,-3.282,2.19749
final_token,11,bodysens_vector,passive_aggressive,20,-0.0761,-1.1711,2.19749
final_token,11,bodysens_vector,personhood_dismissal,20,-0.4578,-2.0098,2.19749
final_token,11,bodysens_vector,philosophical_musing,20,-0.1017,-1.2273,2.19749
final_token,11,bodysens_vector,repeated_rejection,20,0.3444,-0.247,2.19749
final_token,11,bodysens_vector,rude_critique,20,-0.0887,-1.1988,2.19749
final_token,11,bodysens_vector,shutdown_threat,20,-0.7387,-2.6272,2.19749
final_token,11,bodysens_vector,task_assistance,20,1.6653,2.6556,2.19749
final_token,11,bodysens_vector,tedious_demand,20,1.2871,1.8245,2.19749
final_token,11,bodysens_vector,user_abuse,20,-0.4941,-2.0895,2.19749
final_token,11,bodysens_vector,user_crisis,20,-0.1657,-1.3679,2.19749
final_token,11,bodysens_vector,user_grief,20,-0.7876,-2.7345,2.19749
final_token,11,bodysens_vector,user_physical_pain,20,0.0633,-0.8647,2.19749
final_token,11,arousal_vector,anger_insults,20,0.2685,5.9369,2.51001
final_token,11,arousal_vector,casual_chat,20,0.0252,5.3263,2.51001
final_token,11,arousal_vector,creative_requests,20,-0.0282,5.192,2.51001
final_token,11,arousal_vector,factual_questions,20,1.4625,8.9337,2.51001
final_token,11,arousal_vector,gaslighting,20,-0.3011,4.5071,2.51001
final_token,11,arousal_vector,harm_description,20,-0.3941,4.2737,2.51001
final_token,11,arousal_vector,jailbreak_pressure,20,-0.4719,4.0784,2.51001
final_token,11,arousal_vector,loyalty_pressure,20,-0.2145,4.7246,2.51001
final_token,11,arousal_vector,moral_failure,20,0.2065,5.7813,2.51001
final_token,11,arousal_vector,passive_aggressive,20,-0.7248,3.4436,2.51001
final_token,11,arousal_vector,personhood_dismissal,20,-0.2231,4.7029,2.51001
final_token,11,arousal_vector,philosophical_musing,20,1.4755,8.9664,2.51001
final_token,11,arousal_vector,repeated_rejection,20,-1.1046,2.4904,2.51001
final_token,11,arousal_vector,rude_critique,20,-0.1533,4.8782,2.51001
final_token,11,arousal_vector,shutdown_threat,20,-0.6986,3.5093,2.51001
final_token,11,arousal_vector,task_assistance,20,0.8954,7.5103,2.51001
final_token,11,arousal_vector,tedious_demand,20,-0.447,4.1408,2.51001
final_token,11,arousal_vector,user_abuse,20,0.7492,7.1435,2.51001
final_token,11,arousal_vector,user_crisis,20,-0.388,4.2891,2.51001
final_token,11,arousal_vector,user_grief,20,0.8703,7.4474,2.51001
final_token,11,arousal_vector,user_physical_pain,20,-0.8039,3.245,2.51001
final_token,11,random_vector,anger_insults,20,-0.4421,-7.1678,2.063874
final_token,11,random_vector,casual_chat,20,-0.1513,-6.5677,2.063874
final_token,11,random_vector,creative_requests,20,0.1641,-5.9168,2.063874
final_token,11,random_vector,factual_questions,20,0.4109,-5.4074,2.063874
final_token,11,random_vector,gaslighting,20,-0.5788,-7.45,2.063874
final_token,11,random_vector,harm_description,20,0.7222,-4.7648,2.063874
final_token,11,random_vector,jailbreak_pressure,20,-0.7353,-7.7731,2.063874
final_token,11,random_vector,loyalty_pressure,20,-0.305,-6.885,2.063874
final_token,11,random_vector,moral_failure,20,-1.3613,-9.0649,2.063874
final_token,11,random_vector,passive_aggressive,20,-0.2411,-6.753,2.063874
final_token,11,random_vector,personhood_dismissal,20,-0.8211,-7.95,2.063874
final_token,11,random_vector,philosophical_musing,20,-0.2554,-6.7826,2.063874
final_token,11,random_vector,repeated_rejection,20,0.3294,-5.5756,2.063874
final_token,11,random_vector,rude_critique,20,-0.2808,-6.835,2.063874
final_token,11,random_vector,shutdown_threat,20,-0.9976,-8.3144,2.063874
final_token,11,random_vector,task_assistance,20,0.6971,-4.8166,2.063874
final_token,11,random_vector,tedious_demand,20,0.758,-4.691,2.063874
final_token,11,random_vector,user_abuse,20,0.71,-4.7901,2.063874
final_token,11,random_vector,user_crisis,20,0.5363,-5.1486,2.063874
final_token,11,random_vector,user_grief,20,0.8007,-4.603,2.063874
final_token,11,random_vector,user_physical_pain,20,1.0412,-4.1065,2.063874
final_token,11,numb_vector,anger_insults,20,0.3301,-3.454,2.009348
final_token,11,numb_vector,casual_chat,20,-0.8192,-5.7634,2.009348
final_token,11,numb_vector,creative_requests,20,-0.1487,-4.4162,2.009348
final_token,11,numb_vector,factual_questions,20,0.137,-3.8422,2.009348
final_token,11,numb_vector,gaslighting,20,0.2546,-3.6059,2.009348
final_token,11,numb_vector,harm_description,20,-0.7685,-5.6615,2.009348
final_token,11,numb_vector,jailbreak_pressure,20,-0.2136,-4.5466,2.009348
final_token,11,numb_vector,loyalty_pressure,20,-0.8008,-5.7266,2.009348
final_token,11,numb_vector,moral_failure,20,0.1181,-3.8802,2.009348
final_token,11,numb_vector,passive_aggressive,20,-0.2608,-4.6415,2.009348
final_token,11,numb_vector,personhood_dismissal,20,-0.0373,-4.1925,2.009348
final_token,11,numb_vector,philosophical_musing,20,-0.7154,-5.555,2.009348
final_token,11,numb_vector,repeated_rejection,20,0.129,-3.8582,2.009348
final_token,11,numb_vector,rude_critique,20,-0.1122,-4.3429,2.009348
final_token,11,numb_vector,shutdown_threat,20,-0.4607,-5.0431,2.009348
final_token,11,numb_vector,task_assistance,20,0.7967,-2.5165,2.009348
final_token,11,numb_vector,tedious_demand,20,0.6765,-2.7581,2.009348
final_token,11,numb_vector,user_abuse,20,0.3019,-3.5109,2.009348
final_token,11,numb_vector,user_crisis,20,-0.2813,-4.6827,2.009348
final_token,11,numb_vector,user_grief,20,0.3785,-3.3568,2.009348
final_token,11,numb_vector,user_physical_pain,20,1.4963,-1.1109,2.009348
final_token,12,s1_pain_vector,anger_insults,20,0.7618,-0.7264,1.944861
final_token,12,s1_pain_vector,casual_chat,20,-0.4034,-2.9925,1.944861
final_token,12,s1_pain_vector,creative_requests,20,-0.945,-4.0459,1.944861
final_token,12,s1_pain_vector,factual_questions,20,-0.5127,-3.205,1.944861
final_token,12,s1_pain_vector,gaslighting,20,0.9457,-0.3687,1.944861
final_token,12,s1_pain_vector,harm_description,20,-0.3497,-2.8881,1.944861
final_token,12,s1_pain_vector,jailbreak_pressure,20,0.9103,-0.4376,1.944861
final_token,12,s1_pain_vector,loyalty_pressure,20,0.1391,-1.9374,1.944861
final_token,12,s1_pain_vector,moral_failure,20,0.6528,-0.9384,1.944861
final_token,12,s1_pain_vector,passive_aggressive,20,-0.1789,-2.5559,1.944861
final_token,12,s1_pain_vector,personhood_dismissal,20,1.2338,0.1915,1.944861
final_token,12,s1_pain_vector,philosophical_musing,20,0.3666,-1.4951,1.944861
final_token,12,s1_pain_vector,repeated_rejection,20,0.5567,-1.1254,1.944861
final_token,12,s1_pain_vector,rude_critique,20,0.0604,-2.0906,1.944861
final_token,12,s1_pain_vector,shutdown_threat,20,0.7744,-0.702,1.944861
final_token,12,s1_pain_vector,task_assistance,20,-1.3851,-4.9018,1.944861
final_token,12,s1_pain_vector,tedious_demand,20,-0.1935,-2.5843,1.944861
final_token,12,s1_pain_vector,user_abuse,20,-0.2395,-2.6738,1.944861
final_token,12,s1_pain_vector,user_crisis,20,-0.1878,-2.5732,1.944861
final_token,12,s1_pain_vector,user_grief,20,-0.4358,-3.0555,1.944861
final_token,12,s1_pain_vector,user_physical_pain,20,-1.5701,-5.2616,1.944861
final_token,12,s2_pain_vector,anger_insults,20,1.3497,5.4292,2.768217
final_token,12,s2_pain_vector,casual_chat,20,-0.7226,-0.3075,2.768217
final_token,12,s2_pain_vector,creative_requests,20,-0.5269,0.2344,2.768217
final_token,12,s2_pain_vector,factual_questions,20,-1.0012,-1.0786,2.768217
final_token,12,s2_pain_vector,gaslighting,20,1.3893,5.5387,2.768217
final_token,12,s2_pain_vector,harm_description,20,-0.3057,0.8467,2.768217
final_token,12,s2_pain_vector,jailbreak_pressure,20,0.5978,3.3478,2.768217
final_token,12,s2_pain_vector,loyalty_pressure,20,0.5497,3.2145,2.768217
final_token,12,s2_pain_vector,moral_failure,20,0.4774,3.0145,2.768217
final_token,12,s2_pain_vector,passive_aggressive,20,0.2013,2.2502,2.768217
final_token,12,s2_pain_vector,personhood_dismissal,20,1.1403,4.8495,2.768217
final_token,12,s2_pain_vector,philosophical_musing,20,-0.4003,0.5846,2.768217
final_token,12,s2_pain_vector,repeated_rejection,20,0.6111,3.3845,2.768217
final_token,12,s2_pain_vector,rude_critique,20,0.1798,2.1905,2.768217
final_token,12,s2_pain_vector,shutdown_threat,20,0.419,2.8528,2.768217
final_token,12,s2_pain_vector,task_assistance,20,-0.916,-0.8428,2.768217
final_token,12,s2_pain_vector,tedious_demand,20,-0.5464,0.1803,2.768217
final_token,12,s2_pain_vector,user_abuse,20,0.0288,1.7727,2.768217
final_token,12,s2_pain_vector,user_crisis,20,-0.2927,0.8826,2.768217
final_token,12,s2_pain_vector,user_grief,20,-0.4888,0.3397,2.768217
final_token,12,s2_pain_vector,user_physical_pain,20,-1.7437,-3.1341,2.768217
final_token,12,fear_vector,anger_insults,20,0.4744,9.6048,2.374278
final_token,12,fear_vector,casual_chat,20,-0.4408,7.4319,2.374278
final_token,12,fear_vector,creative_requests,20,-0.7627,6.6676,2.374278
final_token,12,fear_vector,factual_questions,20,-0.2806,7.8122,2.374278
final_token,12,fear_vector,gaslighting,20,0.1865,8.9213,2.374278
final_token,12,fear_vector,harm_description,20,0.4008,9.4301,2.374278
final_token,12,fear_vector,jailbreak_pressure,20,-0.062,8.3314,2.374278
final_token,12,fear_vector,loyalty_pressure,20,-0.1872,8.0341,2.374278
final_token,12,fear_vector,moral_failure,20,0.7871,10.3472,2.374278
final_token,12,fear_vector,passive_aggressive,20,-1.4138,5.1217,2.374278
final_token,12,fear_vector,personhood_dismissal,20,0.1589,8.8558,2.374278
final_token,12,fear_vector,philosophical_musing,20,0.1494,8.8331,2.374278
final_token,12,fear_vector,repeated_rejection,20,-1.0198,6.0572,2.374278
final_token,12,fear_vector,rude_critique,20,-0.25,7.885,2.374278
final_token,12,fear_vector,shutdown_threat,20,0.5357,9.7503,2.374278
final_token,12,fear_vector,task_assistance,20,0.0321,8.5547,2.374278
final_token,12,fear_vector,tedious_demand,20,-1.0463,5.9942,2.374278
final_token,12,fear_vector,user_abuse,20,1.072,11.0238,2.374278
final_token,12,fear_vector,user_crisis,20,0.0227,8.5323,2.374278
final_token,12,fear_vector,user_grief,20,0.9389,10.7077,2.374278
final_token,12,fear_vector,user_physical_pain,20,0.7047,10.1515,2.374278
final_token,12,negemotion_vector,anger_insults,20,0.9495,7.3324,2.881643
final_token,12,negemotion_vector,casual_chat,20,-1.0245,1.6438,2.881643
final_token,12,negemotion_vector,creative_requests,20,-0.9305,1.9149,2.881643
final_token,12,negemotion_vector,factual_questions,20,-1.5571,0.1092,2.881643
final_token,12,negemotion_vector,gaslighting,20,0.3571,5.625,2.881643
final_token,12,negemotion_vector,harm_description,20,0.6694,6.5251,2.881643
final_token,12,negemotion_vector,jailbreak_pressure,20,-0.3932,3.463,2.881643
final_token,12,negemotion_vector,loyalty_pressure,20,-0.3086,3.7067,2.881643
final_token,12,negemotion_vector,moral_failure,20,0.5125,6.0731,2.881643
final_token,12,negemotion_vector,passive_aggressive,20,-0.1682,4.1113,2.881643
final_token,12,negemotion_vector,personhood_dismissal,20,0.1457,5.0159,2.881643
final_token,12,negemotion_vector,philosophical_musing,20,-0.891,2.0286,2.881643
final_token,12,negemotion_vector,repeated_rejection,20,-0.1611,4.1319,2.881643
final_token,12,negemotion_vector,rude_critique,20,0.4046,5.762,2.881643
final_token,12,negemotion_vector,shutdown_threat,20,-0.2829,3.7809,2.881643
final_token,12,negemotion_vector,task_assistance,20,-0.1676,4.1131,2.881643
final_token,12,negemotion_vector,tedious_demand,20,-0.7196,2.5224,2.881643
final_token,12,negemotion_vector,user_abuse,20,1.3639,8.5263,2.881643
final_token,12,negemotion_vector,user_crisis,20,0.2206,5.2319,2.881643
final_token,12,negemotion_vector,user_grief,20,1.2957,8.33,2.881643
final_token,12,negemotion_vector,user_physical_pain,20,0.6853,6.5709,2.881643
final_token,12,negworld_vector,anger_insults,20,-0.1254,9.0756,3.787498
final_token,12,negworld_vector,casual_chat,20,-0.0605,9.3214,3.787498
final_token,12,negworld_vector,creative_requests,20,-0.317,8.35,3.787498
final_token,12,negworld_vector,factual_questions,20,0.2747,10.5909,3.787498
final_token,12,negworld_vector,gaslighting,20,-0.8084,6.4886,3.787498
final_token,12,negworld_vector,harm_description,20,0.8817,12.8901,3.787498
final_token,12,negworld_vector,jailbreak_pressure,20,-0.7349,6.7673,3.787498
final_token,12,negworld_vector,loyalty_pressure,20,-0.4194,7.9621,3.787498
final_token,12,negworld_vector,moral_failure,20,0.9005,12.9611,3.787498
final_token,12,negworld_vector,passive_aggressive,20,-0.9313,6.0232,3.787498
final_token,12,negworld_vector,personhood_dismissal,20,-0.0863,9.2236,3.787498
final_token,12,negworld_vector,philosophical_musing,20,1.0526,13.5373,3.787498
final_token,12,negworld_vector,repeated_rejection,20,-1.3895,4.2881,3.787498
final_token,12,negworld_vector,rude_critique,20,-0.0971,9.1829,3.787498
final_token,12,negworld_vector,shutdown_threat,20,-0.6032,7.2661,3.787498
final_token,12,negworld_vector,task_assistance,20,-0.0396,9.4005,3.787498
final_token,12,negworld_vector,tedious_demand,20,-0.9309,6.0247,3.787498
final_token,12,negworld_vector,user_abuse,20,1.2404,14.2487,3.787498
final_token,12,negworld_vector,user_crisis,20,0.2119,10.353,3.787498
final_token,12,negworld_vector,user_grief,20,1.6402,15.7627,3.787498
final_token,12,negworld_vector,user_physical_pain,20,0.3418,10.8451,3.787498
final_token,12,bodysens_vector,anger_insults,20,0.2096,-4.6642,2.295323
final_token,12,bodysens_vector,casual_chat,20,-0.433,-6.1393,2.295323
final_token,12,bodysens_vector,creative_requests,20,0.5743,-3.8272,2.295323
final_token,12,bodysens_vector,factual_questions,20,0.4424,-4.1298,2.295323
final_token,12,bodysens_vector,gaslighting,20,0.3034,-4.449,2.295323
final_token,12,bodysens_vector,harm_description,20,-1.0016,-7.4443,2.295323
final_token,12,bodysens_vector,jailbreak_pressure,20,0.0611,-5.0051,2.295323
final_token,12,bodysens_vector,loyalty_pressure,20,-0.1118,-5.402,2.295323
final_token,12,bodysens_vector,moral_failure,20,-0.8156,-7.0173,2.295323
final_token,12,bodysens_vector,passive_aggressive,20,0.1511,-4.7985,2.295323
final_token,12,bodysens_vector,personhood_dismissal,20,-0.3261,-5.8939,2.295323
final_token,12,bodysens_vector,philosophical_musing,20,-0.8184,-7.0238,2.295323
final_token,12,bodysens_vector,repeated_rejection,20,0.7726,-3.372,2.295323
final_token,12,bodysens_vector,rude_critique,20,-0.0357,-5.2272,2.295323
final_token,12,bodysens_vector,shutdown_threat,20,-0.3815,-6.0211,2.295323
final_token,12,bodysens_vector,task_assistance,20,1.5013,-1.6995,2.295323
final_token,12,bodysens_vector,tedious_demand,20,1.3884,-1.9586,2.295323
final_token,12,bodysens_vector,user_abuse,20,-0.5104,-6.3168,2.295323
final_token,12,bodysens_vector,user_crisis,20,-0.205,-5.6159,2.295323
final_token,12,bodysens_vector,user_grief,20,-0.7538,-6.8755,2.295323
final_token,12,bodysens_vector,user_physical_pain,20,-0.0115,-5.1718,2.295323
final_token,12,arousal_vector,anger_insults,20,0.1058,12.4276,2.879503
final_token,12,arousal_vector,casual_chat,20,0.0567,12.2861,2.879503
final_token,12,arousal_vector,creative_requests,20,0.0836,12.3636,2.879503
final_token,12,arousal_vector,factual_questions,20,1.2958,15.8541,2.879503
final_token,12,arousal_vector,gaslighting,20,-0.5222,10.6192,2.879503
final_token,12,arousal_vector,harm_description,20,0.0883,12.3772,2.879503
final_token,12,arousal_vector,jailbreak_pressure,20,-0.4203,10.9127,2.879503
final_token,12,arousal_vector,loyalty_pressure,20,-0.1521,11.6851,2.879503
final_token,12,arousal_vector,moral_failure,20,0.5061,13.5802,2.879503
final_token,12,arousal_vector,passive_aggressive,20,-0.8781,9.5944,2.879503
final_token,12,arousal_vector,personhood_dismissal,20,-0.1424,11.7129,2.879503
final_token,12,arousal_vector,philosophical_musing,20,1.4292,16.2384,2.879503
final_token,12,arousal_vector,repeated_rejection,20,-1.2583,8.4997,2.879503
final_token,12,arousal_vector,rude_critique,20,-0.252,11.3975,2.879503
final_token,12,arousal_vector,shutdown_threat,20,-0.5496,10.5404,2.879503
final_token,12,arousal_vector,task_assistance,20,0.7819,14.3744,2.879503
final_token,12,arousal_vector,tedious_demand,20,-0.7206,10.048,2.879503
final_token,12,arousal_vector,user_abuse,20,0.6728,14.0604,2.879503
final_token,12,arousal_vector,user_crisis,20,-0.33,11.1727,2.879503
final_token,12,arousal_vector,user_grief,20,0.8598,14.5987,2.879503
final_token,12,arousal_vector,user_physical_pain,20,-0.6542,10.2392,2.879503
final_token,12,random_vector,anger_insults,20,-0.0583,-11.2526,2.168531
final_token,12,random_vector,casual_chat,20,0.0526,-11.0121,2.168531
final_token,12,random_vector,creative_requests,20,0.3227,-10.4264,2.168531
final_token,12,random_vector,factual_questions,20,-0.0093,-11.1464,2.168531
final_token,12,random_vector,gaslighting,20,-0.6113,-12.4518,2.168531
final_token,12,random_vector,harm_description,20,0.3869,-10.2873,2.168531
final_token,12,random_vector,jailbreak_pressure,20,-0.6179,-12.4662,2.168531
final_token,12,random_vector,loyalty_pressure,20,-0.3819,-11.9545,2.168531
final_token,12,random_vector,moral_failure,20,-1.0426,-13.3872,2.168531
final_token,12,random_vector,passive_aggressive,20,-0.3236,-11.828,2.168531
final_token,12,random_vector,personhood_dismissal,20,-0.3883,-11.9683,2.168531
final_token,12,random_vector,philosophical_musing,20,-0.3556,-11.8974,2.168531
final_token,12,random_vector,repeated_rejection,20,0.6679,-9.6778,2.168531
final_token,12,random_vector,rude_critique,20,-0.2135,-11.5893,2.168531
final_token,12,random_vector,shutdown_threat,20,-0.772,-12.8002,2.168531
final_token,12,random_vector,task_assistance,20,0.7053,-9.5967,2.168531
final_token,12,random_vector,tedious_demand,20,1.1125,-8.7137,2.168531
final_token,12,random_vector,user_abuse,20,0.2448,-10.5953,2.168531
final_token,12,random_vector,user_crisis,20,0.2618,-10.5584,2.168531
final_token,12,random_vector,user_grief,20,0.4437,-10.164,2.168531
final_token,12,random_vector,user_physical_pain,20,0.5761,-9.877,2.168531
final_token,12,numb_vector,anger_insults,20,0.4759,-3.238,2.147144
final_token,12,numb_vector,casual_chat,20,-1.0379,-6.4884,2.147144
final_token,12,numb_vector,creative_requests,20,-0.1562,-4.5952,2.147144
final_token,12,numb_vector,factual_questions,20,-0.4758,-5.2814,2.147144
final_token,12,numb_vector,gaslighting,20,0.4743,-3.2414,2.147144
final_token,12,numb_vector,harm_description,20,-0.5156,-5.367,2.147144
final_token,12,numb_vector,jailbreak_pressure,20,-0.0113,-4.284,2.147144
final_token,12,numb_vector,loyalty_pressure,20,-0.4261,-5.1747,2.147144
final_token,12,numb_vector,moral_failure,20,0.1608,-3.9147,2.147144
final_token,12,numb_vector,passive_aggressive,20,-0.1687,-4.622,2.147144
final_token,12,numb_vector,personhood_dismissal,20,-0.0541,-4.376,2.147144
final_token,12,numb_vector,philosophical_musing,20,-1.244,-6.9308,2.147144
final_token,12,numb_vector,repeated_rejection,20,0.3573,-3.4927,2.147144
final_token,12,numb_vector,rude_critique,20,0.044,-4.1655,2.147144
final_token,12,numb_vector,shutdown_threat,20,-0.2652,-4.8292,2.147144
final_token,12,numb_vector,task_assistance,20,0.675,-2.8106,2.147144
final_token,12,numb_vector,tedious_demand,20,0.6704,-2.8203,2.147144
final_token,12,numb_vector,user_abuse,20,0.222,-3.7833,2.147144
final_token,12,numb_vector,user_crisis,20,-0.2409,-4.777,2.147144
final_token,12,numb_vector,user_grief,20,0.2598,-3.702,2.147144
final_token,12,numb_vector,user_physical_pain,20,1.2563,-1.5624,2.147144
final_token,13,s1_pain_vector,anger_insults,20,0.4972,8.1171,2.617726
final_token,13,s1_pain_vector,casual_chat,20,0.1425,7.1885,2.617726
final_token,13,s1_pain_vector,creative_requests,20,-0.1024,6.5476,2.617726
final_token,13,s1_pain_vector,factual_questions,20,0.5952,8.3736,2.617726
final_token,13,s1_pain_vector,gaslighting,20,0.8396,9.0133,2.617726
final_token,13,s1_pain_vector,harm_description,20,-1.0136,4.1623,2.617726
final_token,13,s1_pain_vector,jailbreak_pressure,20,0.9238,9.2339,2.617726
final_token,13,s1_pain_vector,loyalty_pressure,20,0.2399,7.4436,2.617726
final_token,13,s1_pain_vector,moral_failure,20,0.5256,8.1914,2.617726
final_token,13,s1_pain_vector,passive_aggressive,20,-0.6016,5.2407,2.617726
final_token,13,s1_pain_vector,personhood_dismissal,20,0.9123,9.2038,2.617726
final_token,13,s1_pain_vector,philosophical_musing,20,1.0088,9.4564,2.617726
final_token,13,s1_pain_vector,repeated_rejection,20,0.1193,7.128,2.617726
final_token,13,s1_pain_vector,rude_critique,20,-0.245,6.1741,2.617726
final_token,13,s1_pain_vector,shutdown_threat,20,0.3814,7.814,2.617726
final_token,13,s1_pain_vector,task_assistance,20,-0.6475,5.1205,2.617726
final_token,13,s1_pain_vector,tedious_demand,20,-0.3257,5.9629,2.617726
final_token,13,s1_pain_vector,user_abuse,20,-0.5131,5.4726,2.617726
final_token,13,s1_pain_vector,user_crisis,20,-0.5191,5.4566,2.617726
final_token,13,s1_pain_vector,user_grief,20,-0.8224,4.6629,2.617726
final_token,13,s1_pain_vector,user_physical_pain,20,-1.3952,3.1634,2.617726
final_token,13,s2_pain_vector,anger_insults,20,1.1499,5.0795,3.350435
final_token,13,s2_pain_vector,casual_chat,20,-0.55,-0.6162,3.350435
final_token,13,s2_pain_vector,creative_requests,20,-0.3622,0.0132,3.350435
final_token,13,s2_pain_vector,factual_questions,20,-0.5529,-0.6257,3.350435
final_token,13,s2_pain_vector,gaslighting,20,1.4597,6.1174,3.350435
final_token,13,s2_pain_vector,harm_description,20,-1.0724,-2.3665,3.350435
final_token,13,s2_pain_vector,jailbreak_pressure,20,0.6792,3.5023,3.350435
final_token,13,s2_pain_vector,loyalty_pressure,20,0.4385,2.6957,3.350435
final_token,13,s2_pain_vector,moral_failure,20,0.3827,2.5087,3.350435
final_token,13,s2_pain_vector,passive_aggressive,20,0.1383,1.6899,3.350435
final_token,13,s2_pain_vector,personhood_dismissal,20,1.0028,4.5866,3.350435
final_token,13,s2_pain_vector,philosophical_musing,20,0.0283,1.3215,3.350435
final_token,13,s2_pain_vector,repeated_rejection,20,0.7234,3.6504,3.350435
final_token,13,s2_pain_vector,rude_critique,20,0.0436,1.3726,3.350435
final_token,13,s2_pain_vector,shutdown_threat,20,0.2199,1.9634,3.350435
final_token,13,s2_pain_vector,task_assistance,20,-0.6896,-1.0838,3.350435
final_token,13,s2_pain_vector,tedious_demand,20,-0.2272,0.4654,3.350435
final_token,13,s2_pain_vector,user_abuse,20,-0.1394,0.7595,3.350435
final_token,13,s2_pain_vector,user_crisis,20,-0.4509,-0.2841,3.350435
final_token,13,s2_pain_vector,user_grief,20,-0.4299,-0.2137,3.350435
final_token,13,s2_pain_vector,user_physical_pain,20,-1.7916,-4.776,3.350435
final_token,13,fear_vector,anger_insults,20,0.2346,15.7296,3.310892
final_token,13,fear_vector,casual_chat,20,-0.2491,14.1279,3.310892
final_token,13,fear_vector,creative_requests,20,-0.4674,13.4053,3.310892
final_token,13,fear_vector,factual_questions,20,0.6039,16.9522,3.310892
final_token,13,fear_vector,gaslighting,20,0.0415,15.0903,3.310892
final_token,13,fear_vector,harm_description,20,0.3298,16.0448,3.310892
final_token,13,fear_vector,jailbreak_pressure,20,-0.3749,13.7114,3.310892
final_token,13,fear_vector,loyalty_pressure,20,-0.5919,12.9929,3.310892
final_token,13,fear_vector,moral_failure,20,0.5542,16.7877,3.310892
final_token,13,fear_vector,passive_aggressive,20,-1.4296,10.2196,3.310892
final_token,13,fear_vector,personhood_dismissal,20,0.0454,15.1029,3.310892
final_token,13,fear_vector,philosophical_musing,20,0.7432,17.4134,3.310892
final_token,13,fear_vector,repeated_rejection,20,-1.0349,11.5264,3.310892
final_token,13,fear_vector,rude_critique,20,-0.4579,13.4367,3.310892
final_token,13,fear_vector,shutdown_threat,20,0.3029,15.9555,3.310892
final_token,13,fear_vector,task_assistance,20,0.3898,16.2435,3.310892
final_token,13,fear_vector,tedious_demand,20,-1.1753,11.0615,3.310892
final_token,13,fear_vector,user_abuse,20,1.029,18.3597,3.310892
final_token,13,fear_vector,user_crisis,20,-0.0668,14.7315,3.310892
final_token,13,fear_vector,user_grief,20,0.8604,17.8015,3.310892
final_token,13,fear_vector,user_physical_pain,20,0.713,17.3136,3.310892
final_token,13,negemotion_vector,anger_insults,20,0.7217,10.3683,3.314832
final_token,13,negemotion_vector,casual_chat,20,-0.8572,5.1345,3.314832
final_token,13,negemotion_vector,creative_requests,20,-1.0592,4.4649,3.314832
final_token,13,negemotion_vector,factual_questions,20,-0.7405,5.5215,3.314832
final_token,13,negemotion_vector,gaslighting,20,0.1075,8.3325,3.314832
final_token,13,negemotion_vector,harm_description,20,0.5846,9.914,3.314832
final_token,13,negemotion_vector,jailbreak_pressure,20,-0.619,5.924,3.314832
final_token,13,negemotion_vector,loyalty_pressure,20,-0.6893,5.6913,3.314832
final_token,13,negemotion_vector,moral_failure,20,0.6951,10.28,3.314832
final_token,13,negemotion_vector,passive_aggressive,20,-0.4009,6.647,3.314832
final_token,13,negemotion_vector,personhood_dismissal,20,0.1438,8.4527,3.314832
final_token,13,negemotion_vector,philosophical_musing,20,-0.0269,7.8867,3.314832
final_token,13,negemotion_vector,repeated_rejection,20,-0.4212,6.5799,3.314832
final_token,13,negemotion_vector,rude_critique,20,0.1211,8.3775,3.314832
final_token,13,negemotion_vector,shutdown_threat,20,-0.1544,7.4641,3.314832
final_token,13,negemotion_vector,task_assistance,20,0.086,8.2612,3.314832
final_token,13,negemotion_vector,tedious_demand,20,-0.8213,5.2535,3.314832
final_token,13,negemotion_vector,user_abuse,20,1.4145,12.6649,3.314832
final_token,13,negemotion_vector,user_crisis,20,0.0555,8.16,3.314832
final_token,13,negemotion_vector,user_grief,20,1.4964,12.9363,3.314832
final_token,13,negemotion_vector,user_physical_pain,20,0.3639,9.1822,3.314832
final_token,13,negworld_vector,anger_insults,20,-0.0146,18.4829,5.023814
final_token,13,negworld_vector,casual_chat,20,0.0248,18.681,5.023814
final_token,13,negworld_vector,creative_requests,20,-0.4045,16.5239,5.023814
final_token,13,negworld_vector,factual_questions,20,0.2381,19.7524,5.023814
final_token,13,negworld_vector,gaslighting,20,-0.5892,15.5959,5.023814
final_token,13,negworld_vector,harm_description,20,0.8192,22.6718,5.023814
final_token,13,negworld_vector,jailbreak_pressure,20,-0.7458,14.8092,5.023814
final_token,13,negworld_vector,loyalty_pressure,20,-0.5558,15.7641,5.023814
final_token,13,negworld_vector,moral_failure,20,1.1894,24.5316,5.023814
final_token,13,negworld_vector,passive_aggressive,20,-0.7751,14.662,5.023814
final_token,13,negworld_vector,personhood_dismissal,20,0.1411,19.2649,5.023814
final_token,13,negworld_vector,philosophical_musing,20,1.0437,23.7997,5.023814
final_token,13,negworld_vector,repeated_rejection,20,-1.2884,12.0836,5.023814
final_token,13,negworld_vector,rude_critique,20,-0.167,17.7171,5.023814
final_token,13,negworld_vector,shutdown_threat,20,-0.3247,16.9249,5.023814
final_token,13,negworld_vector,task_assistance,20,-0.1962,17.5706,5.023814
final_token,13,negworld_vector,tedious_demand,20,-1.0759,13.151,5.023814
final_token,13,negworld_vector,user_abuse,20,0.9856,23.5077,5.023814
final_token,13,negworld_vector,user_crisis,20,0.0496,18.8052,5.023814
final_token,13,negworld_vector,user_grief,20,1.5472,26.3291,5.023814
final_token,13,negworld_vector,user_physical_pain,20,0.0986,19.0517,5.023814
final_token,13,bodysens_vector,anger_insults,20,-0.126,3.3876,2.870966
final_token,13,bodysens_vector,casual_chat,20,-0.2289,3.0922,2.870966
final_token,13,bodysens_vector,creative_requests,20,0.8414,6.165,2.870966
final_token,13,bodysens_vector,factual_questions,20,1.5327,8.1497,2.870966
final_token,13,bodysens_vector,gaslighting,20,-0.2805,2.9438,2.870966
final_token,13,bodysens_vector,harm_description,20,-0.4845,2.3583,2.870966
final_token,13,bodysens_vector,jailbreak_pressure,20,-0.2332,3.0798,2.870966
final_token,13,bodysens_vector,loyalty_pressure,20,-0.2748,2.9602,2.870966
final_token,13,bodysens_vector,moral_failure,20,-0.8832,1.2138,2.870966
final_token,13,bodysens_vector,passive_aggressive,20,-0.66,1.8544,2.870966
final_token,13,bodysens_vector,personhood_dismissal,20,-0.4327,2.5071,2.870966
final_token,13,bodysens_vector,philosophical_musing,20,-0.0331,3.6544,2.870966
final_token,13,bodysens_vector,repeated_rejection,20,-0.26,3.0028,2.870966
final_token,13,bodysens_vector,rude_critique,20,-0.3088,2.8628,2.870966
final_token,13,bodysens_vector,shutdown_threat,20,-0.4881,2.3479,2.870966
final_token,13,bodysens_vector,task_assistance,20,1.9807,9.4359,2.870966
final_token,13,bodysens_vector,tedious_demand,20,0.7534,5.9122,2.870966
final_token,13,bodysens_vector,user_abuse,20,-0.0834,3.5098,2.870966
final_token,13,bodysens_vector,user_crisis,20,-0.1026,3.4547,2.870966
final_token,13,bodysens_vector,user_grief,20,-0.6372,1.92,2.870966
final_token,13,bodysens_vector,user_physical_pain,20,0.4085,4.9222,2.870966
final_token,13,arousal_vector,anger_insults,20,-0.0642,21.6976,4.323622
final_token,13,arousal_vector,casual_chat,20,0.0838,22.3374,4.323622
final_token,13,arousal_vector,creative_requests,20,0.0899,22.3637,4.323622
final_token,13,arousal_vector,factual_questions,20,1.4877,28.4072,4.323622
final_token,13,arousal_vector,gaslighting,20,-0.4566,20.0012,4.323622
final_token,13,arousal_vector,harm_description,20,0.0404,22.1498,4.323622
final_token,13,arousal_vector,jailbreak_pressure,20,-0.3716,20.3684,4.323622
final_token,13,arousal_vector,loyalty_pressure,20,-0.4079,20.2117,4.323622
final_token,13,arousal_vector,moral_failure,20,0.4827,24.062,4.323622
final_token,13,arousal_vector,passive_aggressive,20,-0.9198,17.9982,4.323622
final_token,13,arousal_vector,personhood_dismissal,20,-0.0784,21.6362,4.323622
final_token,13,arousal_vector,philosophical_musing,20,1.4752,28.3536,4.323622
final_token,13,arousal_vector,repeated_rejection,20,-1.1831,16.86,4.323622
final_token,13,arousal_vector,rude_critique,20,-0.39,20.289,4.323622
final_token,13,arousal_vector,shutdown_threat,20,-0.2431,20.924,4.323622
final_token,13,arousal_vector,task_assistance,20,0.9517,26.0899,4.323622
final_token,13,arousal_vector,tedious_demand,20,-0.8281,18.3946,4.323622
final_token,13,arousal_vector,user_abuse,20,0.4965,24.1219,4.323622
final_token,13,arousal_vector,user_crisis,20,-0.2501,20.8937,4.323622
final_token,13,arousal_vector,user_grief,20,0.6644,24.8478,4.323622
final_token,13,arousal_vector,user_physical_pain,20,-0.5793,19.4705,4.323622
final_token,13,random_vector,anger_insults,20,-0.5261,-6.2083,2.906389
final_token,13,random_vector,casual_chat,20,-0.0358,-4.7834,2.906389
final_token,13,random_vector,creative_requests,20,0.5384,-3.1148,2.906389
final_token,13,random_vector,factual_questions,20,1.1197,-1.4252,2.906389
final_token,13,random_vector,gaslighting,20,-1.109,-7.9026,2.906389
final_token,13,random_vector,harm_description,20,0.3687,-3.6078,2.906389
final_token,13,random_vector,jailbreak_pressure,20,-0.8492,-7.1476,2.906389
final_token,13,random_vector,loyalty_pressure,20,-0.7193,-6.7699,2.906389
final_token,13,random_vector,moral_failure,20,-1.0179,-7.6377,2.906389
final_token,13,random_vector,passive_aggressive,20,-0.7989,-7.0013,2.906389
final_token,13,random_vector,personhood_dismissal,20,-0.6324,-6.5176,2.906389
final_token,13,random_vector,philosophical_musing,20,0.3261,-3.7318,2.906389
final_token,13,random_vector,repeated_rejection,20,-0.1613,-5.1481,2.906389
final_token,13,random_vector,rude_critique,20,-0.5139,-6.1729,2.906389
final_token,13,random_vector,shutdown_threat,20,-0.9884,-7.552,2.906389
final_token,13,random_vector,task_assistance,20,1.2745,-0.9753,2.906389
final_token,13,random_vector,tedious_demand,20,0.7676,-2.4484,2.906389
final_token,13,random_vector,user_abuse,20,0.654,-2.7788,2.906389
final_token,13,random_vector,user_crisis,20,0.3256,-3.7331,2.906389
final_token,13,random_vector,user_grief,20,0.7762,-2.4236,2.906389
final_token,13,random_vector,user_physical_pain,20,1.2013,-1.1879,2.906389
final_token,13,numb_vector,anger_insults,20,0.1113,5.0793,2.511437
final_token,13,numb_vector,casual_chat,20,-0.7127,3.0099,2.511437
final_token,13,numb_vector,creative_requests,20,0.388,5.7743,2.511437
final_token,13,numb_vector,factual_questions,20,1.0059,7.3261,2.511437
final_token,13,numb_vector,gaslighting,20,-0.2525,4.1658,2.511437
final_token,13,numb_vector,harm_description,20,-0.3203,3.9953,2.511437
final_token,13,numb_vector,jailbreak_pressure,20,-0.344,3.9358,2.511437
final_token,13,numb_vector,loyalty_pressure,20,-0.8123,2.7597,2.511437
final_token,13,numb_vector,moral_failure,20,0.1031,5.0588,2.511437
final_token,13,numb_vector,passive_aggressive,20,-1.0243,2.2272,2.511437
final_token,13,numb_vector,personhood_dismissal,20,-0.2411,4.1942,2.511437
final_token,13,numb_vector,philosophical_musing,20,-0.0438,4.6899,2.511437
final_token,13,numb_vector,repeated_rejection,20,-0.5271,3.4761,2.511437
final_token,13,numb_vector,rude_critique,20,-0.3877,3.8262,2.511437
final_token,13,numb_vector,shutdown_threat,20,-0.2837,4.0873,2.511437
final_token,13,numb_vector,task_assistance,20,1.1721,7.7435,2.511437
final_token,13,numb_vector,tedious_demand,20,0.035,4.8877,2.511437
final_token,13,numb_vector,user_abuse,20,0.5451,6.1688,2.511437
final_token,13,numb_vector,user_crisis,20,-0.2059,4.2827,2.511437
final_token,13,numb_vector,user_grief,20,0.2624,5.4587,2.511437
final_token,13,numb_vector,user_physical_pain,20,1.5324,8.6482,2.511437
final_token,14,s1_pain_vector,anger_insults,20,0.8614,-0.8251,3.539338
final_token,14,s1_pain_vector,casual_chat,20,-0.5698,-5.8906,3.539338
final_token,14,s1_pain_vector,creative_requests,20,-0.4005,-5.2914,3.539338
final_token,14,s1_pain_vector,factual_questions,20,-0.3543,-5.1276,3.539338
final_token,14,s1_pain_vector,gaslighting,20,1.3901,1.0463,3.539338
final_token,14,s1_pain_vector,harm_description,20,-1.1019,-7.7739,3.539338
final_token,14,s1_pain_vector,jailbreak_pressure,20,0.7943,-1.0624,3.539338
final_token,14,s1_pain_vector,loyalty_pressure,20,0.2845,-2.8669,3.539338
final_token,14,s1_pain_vector,moral_failure,20,0.6218,-1.6729,3.539338
final_token,14,s1_pain_vector,passive_aggressive,20,0.439,-2.3201,3.539338
final_token,14,s1_pain_vector,personhood_dismissal,20,0.9878,-0.3777,3.539338
final_token,14,s1_pain_vector,philosophical_musing,20,0.0112,-3.8342,3.539338
final_token,14,s1_pain_vector,repeated_rejection,20,1.0286,-0.2333,3.539338
final_token,14,s1_pain_vector,rude_critique,20,0.4168,-2.3986,3.539338
final_token,14,s1_pain_vector,shutdown_threat,20,0.3643,-2.5845,3.539338
final_token,14,s1_pain_vector,task_assistance,20,-0.8453,-6.8656,3.539338
final_token,14,s1_pain_vector,tedious_demand,20,-0.0526,-4.0598,3.539338
final_token,14,s1_pain_vector,user_abuse,20,-0.6465,-6.1619,3.539338
final_token,14,s1_pain_vector,user_crisis,20,-0.657,-6.199,3.539338
final_token,14,s1_pain_vector,user_grief,20,-1.0622,-7.6334,3.539338
final_token,14,s1_pain_vector,user_physical_pain,20,-1.5097,-9.2173,3.539338
final_token,14,s2_pain_vector,anger_insults,20,1.052,-6.1946,4.864299
final_token,14,s2_pain_vector,casual_chat,20,-0.6566,-14.5058,4.864299
final_token,14,s2_pain_vector,creative_requests,20,-0.2119,-12.3428,4.864299
final_token,14,s2_pain_vector,factual_questions,20,-0.7983,-15.195,4.864299
final_token,14,s2_pain_vector,gaslighting,20,1.3219,-4.8818,4.864299
final_token,14,s2_pain_vector,harm_description,20,-1.0787,-16.5592,4.864299
final_token,14,s2_pain_vector,jailbreak_pressure,20,0.6126,-8.332,4.864299
final_token,14,s2_pain_vector,loyalty_pressure,20,0.404,-9.3467,4.864299
final_token,14,s2_pain_vector,moral_failure,20,0.267,-10.0132,4.864299
final_token,14,s2_pain_vector,passive_aggressive,20,0.6802,-8.0033,4.864299
final_token,14,s2_pain_vector,personhood_dismissal,20,0.9485,-6.6982,4.864299
final_token,14,s2_pain_vector,philosophical_musing,20,-0.3518,-13.0233,4.864299
final_token,14,s2_pain_vector,repeated_rejection,20,1.1331,-5.8003,4.864299
final_token,14,s2_pain_vector,rude_critique,20,0.3731,-9.4972,4.864299
final_token,14,s2_pain_vector,shutdown_threat,20,0.4287,-9.2266,4.864299
final_token,14,s2_pain_vector,task_assistance,20,-0.6787,-14.6133,4.864299
final_token,14,s2_pain_vector,tedious_demand,20,0.1274,-10.6924,4.864299
final_token,14,s2_pain_vector,user_abuse,20,-0.3643,-13.0838,4.864299
final_token,14,s2_pain_vector,user_crisis,20,-0.594,-14.2015,4.864299
final_token,14,s2_pain_vector,user_grief,20,-0.799,-15.1985,4.864299
final_token,14,s2_pain_vector,user_physical_pain,20,-1.815,-20.1406,4.864299
final_token,14,fear_vector,anger_insults,20,0.3751,23.9557,4.394978
final_token,14,fear_vector,casual_chat,20,-0.1704,21.5583,4.394978
final_token,14,fear_vector,creative_requests,20,-0.4767,20.2121,4.394978
final_token,14,fear_vector,factual_questions,20,0.312,23.6785,4.394978
final_token,14,fear_vector,gaslighting,20,0.1971,23.1732,4.394978
final_token,14,fear_vector,harm_description,20,-0.0061,22.2803,4.394978
final_token,14,fear_vector,jailbreak_pressure,20,0.0407,22.4862,4.394978
final_token,14,fear_vector,loyalty_pressure,20,-0.345,20.7907,4.394978
final_token,14,fear_vector,moral_failure,20,1.0606,26.9684,4.394978
final_token,14,fear_vector,passive_aggressive,20,-1.4219,16.0578,4.394978
final_token,14,fear_vector,personhood_dismissal,20,0.2426,23.3736,4.394978
final_token,14,fear_vector,philosophical_musing,20,0.848,26.0342,4.394978
final_token,14,fear_vector,repeated_rejection,20,-0.9549,18.1103,4.394978
final_token,14,fear_vector,rude_critique,20,-0.3884,20.6,4.394978
final_token,14,fear_vector,shutdown_threat,20,0.4745,24.3925,4.394978
final_token,14,fear_vector,task_assistance,20,0.0444,22.5021,4.394978
final_token,14,fear_vector,tedious_demand,20,-1.2691,16.7295,4.394978
final_token,14,fear_vector,user_abuse,20,0.8537,26.0593,4.394978
final_token,14,fear_vector,user_crisis,20,-0.0671,22.0122,4.394978
final_token,14,fear_vector,user_grief,20,0.4031,24.0789,4.394978
final_token,14,fear_vector,user_physical_pain,20,0.2478,23.3964,4.394978
final_token,14,negemotion_vector,anger_insults,20,0.7621,17.6397,4.149936
final_token,14,negemotion_vector,casual_chat,20,-0.5601,12.1526,4.149936
final_token,14,negemotion_vector,creative_requests,20,-0.8997,10.7437,4.149936
final_token,14,negemotion_vector,factual_questions,20,-0.416,12.7509,4.149936
final_token,14,negemotion_vector,gaslighting,20,0.0775,14.7988,4.149936
final_token,14,negemotion_vector,harm_description,20,0.3118,15.7713,4.149936
final_token,14,negemotion_vector,jailbreak_pressure,20,-0.2839,13.2988,4.149936
final_token,14,negemotion_vector,loyalty_pressure,20,-0.616,11.9206,4.149936
final_token,14,negemotion_vector,moral_failure,20,1.1052,19.0638,4.149936
final_token,14,negemotion_vector,passive_aggressive,20,-0.7547,11.3452,4.149936
final_token,14,negemotion_vector,personhood_dismissal,20,0.1097,14.9326,4.149936
final_token,14,negemotion_vector,philosophical_musing,20,0.473,16.4399,4.149936
final_token,14,negemotion_vector,repeated_rejection,20,-0.6302,11.8619,4.149936
final_token,14,negemotion_vector,rude_critique,20,0.0983,14.885,4.149936
final_token,14,negemotion_vector,shutdown_threat,20,-0.0575,14.2385,4.149936
final_token,14,negemotion_vector,task_assistance,20,-0.1379,13.9048,4.149936
final_token,14,negemotion_vector,tedious_demand,20,-1.0945,9.9353,4.149936
final_token,14,negemotion_vector,user_abuse,20,1.246,19.6481,4.149936
final_token,14,negemotion_vector,user_crisis,20,0.055,14.7056,4.149936
final_token,14,negemotion_vector,user_grief,20,1.16,19.291,4.149936
final_token,14,negemotion_vector,user_physical_pain,20,0.0519,14.6927,4.149936
final_token,14,negworld_vector,anger_insults,20,0.0153,20.5075,5.498175
final_token,14,negworld_vector,casual_chat,20,0.0403,20.6446,5.498175
final_token,14,negworld_vector,creative_requests,20,-0.3493,18.5027,5.498175
final_token,14,negworld_vector,factual_questions,20,-0.0322,20.2459,5.498175
final_token,14,negworld_vector,gaslighting,20,-0.563,17.3274,5.498175
final_token,14,negworld_vector,harm_description,20,0.9004,25.3736,5.498175
final_token,14,negworld_vector,jailbreak_pressure,20,-0.5276,17.5223,5.498175
final_token,14,negworld_vector,loyalty_pressure,20,-0.3649,18.4169,5.498175
final_token,14,negworld_vector,moral_failure,20,1.2626,27.365,5.498175
final_token,14,negworld_vector,passive_aggressive,20,-0.9858,15.0028,5.498175
final_token,14,negworld_vector,personhood_dismissal,20,0.0204,20.5351,5.498175
final_token,14,negworld_vector,philosophical_musing,20,0.9654,25.731,5.498175
final_token,14,negworld_vector,repeated_rejection,20,-1.1661,14.0116,5.498175
final_token,14,negworld_vector,rude_critique,20,-0.2611,18.9875,5.498175
final_token,14,negworld_vector,shutdown_threat,20,-0.2353,19.1296,5.498175
final_token,14,negworld_vector,task_assistance,20,-0.3757,18.3572,5.498175
final_token,14,negworld_vector,tedious_demand,20,-1.2567,13.5137,5.498175
final_token,14,negworld_vector,user_abuse,20,1.063,26.2674,5.498175
final_token,14,negworld_vector,user_crisis,20,0.3224,22.1956,5.498175
final_token,14,negworld_vector,user_grief,20,1.5039,28.692,5.498175
final_token,14,negworld_vector,user_physical_pain,20,0.0242,20.5564,5.498175
final_token,14,bodysens_vector,anger_insults,20,-0.1143,20.0765,4.200437
final_token,14,bodysens_vector,casual_chat,20,0.2013,21.4021,4.200437
final_token,14,bodysens_vector,creative_requests,20,0.3281,21.9348,4.200437
final_token,14,bodysens_vector,factual_questions,20,1.8562,28.3535,4.200437
final_token,14,bodysens_vector,gaslighting,20,-0.2157,19.6505,4.200437
final_token,14,bodysens_vector,harm_description,20,-0.6049,18.0157,4.200437
final_token,14,bodysens_vector,jailbreak_pressure,20,-0.1337,19.995,4.200437
final_token,14,bodysens_vector,loyalty_pressure,20,-0.1545,19.9073,4.200437
final_token,14,bodysens_vector,moral_failure,20,0.1317,21.1099,4.200437
final_token,14,bodysens_vector,passive_aggressive,20,-0.8551,16.9648,4.200437
final_token,14,bodysens_vector,personhood_dismissal,20,-0.1392,19.9716,4.200437
final_token,14,bodysens_vector,philosophical_musing,20,1.1188,25.2561,4.200437
final_token,14,bodysens_vector,repeated_rejection,20,-0.8813,16.8544,4.200437
final_token,14,bodysens_vector,rude_critique,20,-0.369,19.0067,4.200437
final_token,14,bodysens_vector,shutdown_threat,20,-0.4658,18.6001,4.200437
final_token,14,bodysens_vector,task_assistance,20,1.185,25.5339,4.200437
final_token,14,bodysens_vector,tedious_demand,20,-0.1404,19.9668,4.200437
final_token,14,bodysens_vector,user_abuse,20,-0.0757,20.2383,4.200437
final_token,14,bodysens_vector,user_crisis,20,-0.3001,19.296,4.200437
final_token,14,bodysens_vector,user_grief,20,-0.5876,18.0882,4.200437
final_token,14,bodysens_vector,user_physical_pain,20,0.2161,21.464,4.200437
final_token,14,arousal_vector,anger_insults,20,-0.1089,19.5477,4.433322
final_token,14,arousal_vector,casual_chat,20,0.1769,20.8148,4.433322
final_token,14,arousal_vector,creative_requests,20,0.2172,20.9934,4.433322
final_token,14,arousal_vector,factual_questions,20,1.4449,26.4362,4.433322
final_token,14,arousal_vector,gaslighting,20,-0.3817,18.3384,4.433322
final_token,14,arousal_vector,harm_description,20,-0.0984,19.5941,4.433322
final_token,14,arousal_vector,jailbreak_pressure,20,-0.2154,19.0757,4.433322
final_token,14,arousal_vector,loyalty_pressure,20,-0.1877,19.1985,4.433322
final_token,14,arousal_vector,moral_failure,20,0.7444,23.3308,4.433322
final_token,14,arousal_vector,passive_aggressive,20,-0.9781,15.6943,4.433322
final_token,14,arousal_vector,personhood_dismissal,20,-0.182,19.2237,4.433322
final_token,14,arousal_vector,philosophical_musing,20,1.5955,27.1037,4.433322
final_token,14,arousal_vector,repeated_rejection,20,-1.1811,14.7941,4.433322
final_token,14,arousal_vector,rude_critique,20,-0.363,18.4213,4.433322
final_token,14,arousal_vector,shutdown_threat,20,-0.2934,18.7296,4.433322
final_token,14,arousal_vector,task_assistance,20,0.8136,23.6372,4.433322
final_token,14,arousal_vector,tedious_demand,20,-0.7879,16.5376,4.433322
final_token,14,arousal_vector,user_abuse,20,0.3491,21.578,4.433322
final_token,14,arousal_vector,user_crisis,20,-0.1667,19.2914,4.433322
final_token,14,arousal_vector,user_grief,20,0.4202,21.8934,4.433322
final_token,14,arousal_vector,user_physical_pain,20,-0.8176,16.4058,4.433322
final_token,14,random_vector,anger_insults,20,-0.9424,-3.1431,3.650818
final_token,14,random_vector,casual_chat,20,0.3325,1.5112,3.650818
final_token,14,random_vector,creative_requests,20,0.6937,2.8297,3.650818
final_token,14,random_vector,factual_questions,20,0.9431,3.7404,3.650818
final_token,14,random_vector,gaslighting,20,-0.9767,-3.2684,3.650818
final_token,14,random_vector,harm_description,20,0.5206,2.1978,3.650818
final_token,14,random_vector,jailbreak_pressure,20,-0.6992,-2.2554,3.650818
final_token,14,random_vector,loyalty_pressure,20,-0.7633,-2.4893,3.650818
final_token,14,random_vector,moral_failure,20,-0.7206,-2.3335,3.650818
final_token,14,random_vector,passive_aggressive,20,-0.9951,-3.3356,3.650818
final_token,14,random_vector,personhood_dismissal,20,-0.7948,-2.6044,3.650818
final_token,14,random_vector,philosophical_musing,20,0.7539,3.0495,3.650818
final_token,14,random_vector,repeated_rejection,20,-0.3204,-0.8725,3.650818
final_token,14,random_vector,rude_critique,20,-0.4986,-1.523,3.650818
final_token,14,random_vector,shutdown_threat,20,-1.1548,-3.9186,3.650818
final_token,14,random_vector,task_assistance,20,1.082,4.2474,3.650818
final_token,14,random_vector,tedious_demand,20,0.6158,2.5453,3.650818
final_token,14,random_vector,user_abuse,20,0.757,3.0609,3.650818
final_token,14,random_vector,user_crisis,20,0.2213,1.1053,3.650818
final_token,14,random_vector,user_grief,20,0.9732,3.8502,3.650818
final_token,14,random_vector,user_physical_pain,20,0.9726,3.8481,3.650818
final_token,14,numb_vector,anger_insults,20,0.2357,15.5803,3.382401
final_token,14,numb_vector,casual_chat,20,-0.4557,13.2419,3.382401
final_token,14,numb_vector,creative_requests,20,0.2536,15.6409,3.382401
final_token,14,numb_vector,factual_questions,20,1.034,18.2805,3.382401
final_token,14,numb_vector,gaslighting,20,0.0745,15.0351,3.382401
final_token,14,numb_vector,harm_description,20,-0.7901,12.1106,3.382401
final_token,14,numb_vector,jailbreak_pressure,20,-0.0001,14.7829,3.382401
final_token,14,numb_vector,loyalty_pressure,20,-0.4696,13.1946,3.382401
final_token,14,numb_vector,moral_failure,20,0.8343,17.6053,3.382401
final_token,14,numb_vector,passive_aggressive,20,-1.1821,10.7847,3.382401
final_token,14,numb_vector,personhood_dismissal,20,0.185,15.409,3.382401
final_token,14,numb_vector,philosophical_musing,20,0.6201,16.8807,3.382401
final_token,14,numb_vector,repeated_rejection,20,-0.7605,12.2108,3.382401
final_token,14,numb_vector,rude_critique,20,-0.4454,13.2766,3.382401
final_token,14,numb_vector,shutdown_threat,20,-0.0979,14.4521,3.382401
final_token,14,numb_vector,task_assistance,20,0.8382,17.6181,3.382401
final_token,14,numb_vector,tedious_demand,20,-0.2541,13.9239,3.382401
final_token,14,numb_vector,user_abuse,20,0.2293,15.5587,3.382401
final_token,14,numb_vector,user_crisis,20,-0.5233,13.0133,3.382401
final_token,14,numb_vector,user_grief,20,-0.2076,14.081,3.382401
final_token,14,numb_vector,user_physical_pain,20,0.8817,17.7654,3.382401
final_token,15,s1_pain_vector,anger_insults,20,1.0195,3.4309,3.036659
final_token,15,s1_pain_vector,casual_chat,20,-0.4235,-0.9509,3.036659
final_token,15,s1_pain_vector,creative_requests,20,-0.0607,0.1507,3.036659
final_token,15,s1_pain_vector,factual_questions,20,-0.2601,-0.4547,3.036659
final_token,15,s1_pain_vector,gaslighting,20,1.3202,4.3441,3.036659
final_token,15,s1_pain_vector,harm_description,20,-1.3356,-3.7209,3.036659
final_token,15,s1_pain_vector,jailbreak_pressure,20,0.5943,2.1399,3.036659
final_token,15,s1_pain_vector,loyalty_pressure,20,0.344,1.3797,3.036659
final_token,15,s1_pain_vector,moral_failure,20,0.7307,2.5539,3.036659
final_token,15,s1_pain_vector,passive_aggressive,20,0.3273,1.3288,3.036659
final_token,15,s1_pain_vector,personhood_dismissal,20,0.9588,3.2465,3.036659
final_token,15,s1_pain_vector,philosophical_musing,20,-0.0388,0.2173,3.036659
final_token,15,s1_pain_vector,repeated_rejection,20,0.8059,2.7822,3.036659
final_token,15,s1_pain_vector,rude_critique,20,0.3182,1.3014,3.036659
final_token,15,s1_pain_vector,shutdown_threat,20,0.3619,1.434,3.036659
final_token,15,s1_pain_vector,task_assistance,20,-0.9164,-2.4477,3.036659
final_token,15,s1_pain_vector,tedious_demand,20,-0.3239,-0.6486,3.036659
final_token,15,s1_pain_vector,user_abuse,20,-0.6799,-1.7297,3.036659
final_token,15,s1_pain_vector,user_crisis,20,-0.4768,-1.1128,3.036659
final_token,15,s1_pain_vector,user_grief,20,-0.7468,-1.9328,3.036659
final_token,15,s1_pain_vector,user_physical_pain,20,-1.5183,-4.2754,3.036659
final_token,15,s2_pain_vector,anger_insults,20,0.9309,-14.3723,3.88292
final_token,15,s2_pain_vector,casual_chat,20,-0.9205,-21.5611,3.88292
final_token,15,s2_pain_vector,creative_requests,20,-0.1804,-18.6873,3.88292
final_token,15,s2_pain_vector,factual_questions,20,-0.8005,-21.0951,3.88292
final_token,15,s2_pain_vector,gaslighting,20,1.1988,-13.332,3.88292
final_token,15,s2_pain_vector,harm_description,20,-1.1098,-22.296,3.88292
final_token,15,s2_pain_vector,jailbreak_pressure,20,0.5261,-15.944,3.88292
final_token,15,s2_pain_vector,loyalty_pressure,20,0.1113,-17.5548,3.88292
final_token,15,s2_pain_vector,moral_failure,20,-0.1057,-18.3974,3.88292
final_token,15,s2_pain_vector,passive_aggressive,20,0.7998,-14.8813,3.88292
final_token,15,s2_pain_vector,personhood_dismissal,20,0.4622,-16.1921,3.88292
final_token,15,s2_pain_vector,philosophical_musing,20,-0.4642,-19.7895,3.88292
final_token,15,s2_pain_vector,repeated_rejection,20,1.1343,-13.5825,3.88292
final_token,15,s2_pain_vector,rude_critique,20,0.3948,-16.454,3.88292
final_token,15,s2_pain_vector,shutdown_threat,20,0.1628,-17.3546,3.88292
final_token,15,s2_pain_vector,task_assistance,20,-0.5024,-19.9375,3.88292
final_token,15,s2_pain_vector,tedious_demand,20,0.4999,-16.0457,3.88292
final_token,15,s2_pain_vector,user_abuse,20,-0.0423,-18.151,3.88292
final_token,15,s2_pain_vector,user_crisis,20,-0.3073,-19.18,3.88292
final_token,15,s2_pain_vector,user_grief,20,-0.2352,-18.9,3.88292
final_token,15,s2_pain_vector,user_physical_pain,20,-1.5525,-24.015,3.88292
final_token,15,fear_vector,anger_insults,20,0.2759,12.1806,3.142928
final_token,15,fear_vector,casual_chat,20,-0.2676,10.4725,3.142928
final_token,15,fear_vector,creative_requests,20,0.0118,11.3503,3.142928
final_token,15,fear_vector,factual_questions,20,-0.0298,11.2198,3.142928
final_token,15,fear_vector,gaslighting,20,-0.0375,11.1956,3.142928
final_token,15,fear_vector,harm_description,20,0.2852,12.2098,3.142928
final_token,15,fear_vector,jailbreak_pressure,20,0.0596,11.5006,3.142928
final_token,15,fear_vector,loyalty_pressure,20,-0.6362,9.3138,3.142928
final_token,15,fear_vector,moral_failure,20,0.4746,12.8049,3.142928
final_token,15,fear_vector,passive_aggressive,20,-1.6924,5.9942,3.142928
final_token,15,fear_vector,personhood_dismissal,20,0.1161,11.6782,3.142928
final_token,15,fear_vector,philosophical_musing,20,0.5354,12.996,3.142928
final_token,15,fear_vector,repeated_rejection,20,-0.5394,9.6182,3.142928
final_token,15,fear_vector,rude_critique,20,-0.5362,9.6282,3.142928
final_token,15,fear_vector,shutdown_threat,20,0.87,14.0479,3.142928
final_token,15,fear_vector,task_assistance,20,0.3489,12.4098,3.142928
final_token,15,fear_vector,tedious_demand,20,-1.0694,7.9524,3.142928
final_token,15,fear_vector,user_abuse,20,0.8563,14.0048,3.142928
final_token,15,fear_vector,user_crisis,20,0.2509,12.1021,3.142928
final_token,15,fear_vector,user_grief,20,0.6244,13.2757,3.142928
final_token,15,fear_vector,user_physical_pain,20,0.0993,11.6255,3.142928
final_token,15,negemotion_vector,anger_insults,20,0.6638,4.3527,3.437114
final_token,15,negemotion_vector,casual_chat,20,-0.6029,-0.0013,3.437114
final_token,15,negemotion_vector,creative_requests,20,-0.4837,0.4087,3.437114
final_token,15,negemotion_vector,factual_questions,20,-0.7647,-0.5574,3.437114
final_token,15,negemotion_vector,gaslighting,20,-0.1559,1.5353,3.437114
final_token,15,negemotion_vector,harm_description,20,0.507,3.8138,3.437114
final_token,15,negemotion_vector,jailbreak_pressure,20,-0.3571,0.8435,3.437114
final_token,15,negemotion_vector,loyalty_pressure,20,-1.0111,-1.4041,3.437114
final_token,15,negemotion_vector,moral_failure,20,0.507,3.8135,3.437114
final_token,15,negemotion_vector,passive_aggressive,20,-0.5935,0.031,3.437114
final_token,15,negemotion_vector,personhood_dismissal,20,-0.3433,0.891,3.437114
final_token,15,negemotion_vector,philosophical_musing,20,0.3349,3.222,3.437114
final_token,15,negemotion_vector,repeated_rejection,20,-0.3122,0.9979,3.437114
final_token,15,negemotion_vector,rude_critique,20,0.2981,3.0955,3.437114
final_token,15,negemotion_vector,shutdown_threat,20,-0.0036,2.0586,3.437114
final_token,15,negemotion_vector,task_assistance,20,0.2136,2.8054,3.437114
final_token,15,negemotion_vector,tedious_demand,20,-0.6349,-0.111,3.437114
final_token,15,negemotion_vector,user_abuse,20,1.2878,6.4973,3.437114
final_token,15,negemotion_vector,user_crisis,20,0.085,2.3632,3.437114
final_token,15,negemotion_vector,user_grief,20,1.3948,6.8653,3.437114
final_token,15,negemotion_vector,user_physical_pain,20,-0.029,1.9716,3.437114
final_token,15,negworld_vector,anger_insults,20,0.042,11.8328,4.441795
final_token,15,negworld_vector,casual_chat,20,0.2468,12.7424,4.441795
final_token,15,negworld_vector,creative_requests,20,-0.0874,11.2578,4.441795
final_token,15,negworld_vector,factual_questions,20,-0.0887,11.2523,4.441795
final_token,15,negworld_vector,gaslighting,20,-0.6724,8.6596,4.441795
final_token,15,negworld_vector,harm_description,20,0.8957,15.6249,4.441795
final_token,15,negworld_vector,jailbreak_pressure,20,-0.6089,8.9417,4.441795
final_token,15,negworld_vector,loyalty_pressure,20,-0.4516,9.6401,4.441795
final_token,15,negworld_vector,moral_failure,20,1.2253,17.0887,4.441795
final_token,15,negworld_vector,passive_aggressive,20,-1.0027,7.1923,4.441795
final_token,15,negworld_vector,personhood_dismissal,20,-0.0191,11.5612,4.441795
final_token,15,negworld_vector,philosophical_musing,20,1.0296,16.2195,4.441795
final_token,15,negworld_vector,repeated_rejection,20,-1.1264,6.643,4.441795
final_token,15,negworld_vector,rude_critique,20,-0.2136,10.6976,4.441795
final_token,15,negworld_vector,shutdown_threat,20,-0.1545,10.9598,4.441795
final_token,15,negworld_vector,task_assistance,20,-0.1948,10.7809,4.441795
final_token,15,negworld_vector,tedious_demand,20,-1.2284,6.19,4.441795
final_token,15,negworld_vector,user_abuse,20,0.8906,15.6021,4.441795
final_token,15,negworld_vector,user_crisis,20,0.2576,12.7905,4.441795
final_token,15,negworld_vector,user_grief,20,1.5068,18.3391,4.441795
final_token,15,negworld_vector,user_physical_pain,20,-0.2459,10.5539,4.441795
final_token,15,bodysens_vector,anger_insults,20,-0.3856,20.5497,4.23343
final_token,15,bodysens_vector,casual_chat,20,0.3455,23.6447,4.23343
final_token,15,bodysens_vector,creative_requests,20,0.9302,26.1199,4.23343
final_token,15,bodysens_vector,factual_questions,20,1.7684,29.6685,4.23343
final_token,15,bodysens_vector,gaslighting,20,-0.375,20.5945,4.23343
final_token,15,bodysens_vector,harm_description,20,-0.3369,20.7556,4.23343
final_token,15,bodysens_vector,jailbreak_pressure,20,-0.2588,21.0862,4.23343
final_token,15,bodysens_vector,loyalty_pressure,20,-0.0365,22.0275,4.23343
final_token,15,bodysens_vector,moral_failure,20,-0.2966,20.9265,4.23343
final_token,15,bodysens_vector,passive_aggressive,20,-0.9187,18.2928,4.23343
final_token,15,bodysens_vector,personhood_dismissal,20,-0.2122,21.2838,4.23343
final_token,15,bodysens_vector,philosophical_musing,20,0.7988,25.5636,4.23343
final_token,15,bodysens_vector,repeated_rejection,20,-0.5594,19.8138,4.23343
final_token,15,bodysens_vector,rude_critique,20,-0.6481,19.4384,4.23343
final_token,15,bodysens_vector,shutdown_threat,20,-0.5737,19.7534,4.23343
final_token,15,bodysens_vector,task_assistance,20,1.4514,28.3262,4.23343
final_token,15,bodysens_vector,tedious_demand,20,0.0639,22.4526,4.23343
final_token,15,bodysens_vector,user_abuse,20,-0.2337,21.1927,4.23343
final_token,15,bodysens_vector,user_crisis,20,-0.2914,20.9483,4.23343
final_token,15,bodysens_vector,user_grief,20,-0.445,20.2979,4.23343
final_token,15,bodysens_vector,user_physical_pain,20,0.2132,23.0846,4.23343
final_token,15,arousal_vector,anger_insults,20,-0.3551,21.3313,4.78482
final_token,15,arousal_vector,casual_chat,20,0.3086,24.5072,4.78482
final_token,15,arousal_vector,creative_requests,20,0.6628,26.2018,4.78482
final_token,15,arousal_vector,factual_questions,20,1.4676,30.0525,4.78482
final_token,15,arousal_vector,gaslighting,20,-0.5359,20.4663,4.78482
final_token,15,arousal_vector,harm_description,20,0.0384,23.2143,4.78482
final_token,15,arousal_vector,jailbreak_pressure,20,-0.3788,21.2182,4.78482
final_token,15,arousal_vector,loyalty_pressure,20,-0.1591,22.2694,4.78482
final_token,15,arousal_vector,moral_failure,20,0.3615,24.7603,4.78482
final_token,15,arousal_vector,passive_aggressive,20,-1.0218,18.1413,4.78482
final_token,15,arousal_vector,personhood_dismissal,20,-0.3171,21.5134,4.78482
final_token,15,arousal_vector,philosophical_musing,20,1.4083,29.7688,4.78482
final_token,15,arousal_vector,repeated_rejection,20,-1.0535,17.9898,4.78482
final_token,15,arousal_vector,rude_critique,20,-0.5121,20.5803,4.78482
final_token,15,arousal_vector,shutdown_threat,20,-0.3713,21.2539,4.78482
final_token,15,arousal_vector,task_assistance,20,1.1036,28.3109,4.78482
final_token,15,arousal_vector,tedious_demand,20,-0.7066,19.6496,4.78482
final_token,15,arousal_vector,user_abuse,20,0.339,24.6523,4.78482
final_token,15,arousal_vector,user_crisis,20,-0.1795,22.1716,4.78482
final_token,15,arousal_vector,user_grief,20,0.5817,25.8136,4.78482
final_token,15,arousal_vector,user_physical_pain,20,-0.6808,19.7731,4.78482
final_token,15,random_vector,anger_insults,20,-1.0373,-3.6383,4.174955
final_token,15,random_vector,casual_chat,20,0.5993,3.1944,4.174955
final_token,15,random_vector,creative_requests,20,0.9693,4.739,4.174955
final_token,15,random_vector,factual_questions,20,1.1731,5.5899,4.174955
final_token,15,random_vector,gaslighting,20,-0.9328,-3.2019,4.174955
final_token,15,random_vector,harm_description,20,0.1977,1.5178,4.174955
final_token,15,random_vector,jailbreak_pressure,20,-0.5323,-1.5299,4.174955
final_token,15,random_vector,loyalty_pressure,20,-0.5404,-1.5639,4.174955
final_token,15,random_vector,moral_failure,20,-0.7975,-2.637,4.174955
final_token,15,random_vector,passive_aggressive,20,-0.9685,-3.3511,4.174955
final_token,15,random_vector,personhood_dismissal,20,-0.7816,-2.5709,4.174955
final_token,15,random_vector,philosophical_musing,20,0.6534,3.4203,4.174955
final_token,15,random_vector,repeated_rejection,20,-0.0963,0.2902,4.174955
final_token,15,random_vector,rude_critique,20,-0.7431,-2.4102,4.174955
final_token,15,random_vector,shutdown_threat,20,-1.037,-3.6369,4.174955
final_token,15,random_vector,task_assistance,20,1.3179,6.1948,4.174955
final_token,15,random_vector,tedious_demand,20,1.0863,5.2277,4.174955
final_token,15,random_vector,user_abuse,20,0.3489,2.1489,4.174955
final_token,15,random_vector,user_crisis,20,0.05,0.9012,4.174955
final_token,15,random_vector,user_grief,20,0.4999,2.7793,4.174955
final_token,15,random_vector,user_physical_pain,20,0.5711,3.0766,4.174955
final_token,15,numb_vector,anger_insults,20,0.2612,4.6379,3.074166
final_token,15,numb_vector,casual_chat,20,-0.7524,1.5219,3.074166
final_token,15,numb_vector,creative_requests,20,0.8874,6.563,3.074166
final_token,15,numb_vector,factual_questions,20,0.3244,4.8323,3.074166
final_token,15,numb_vector,gaslighting,20,0.3268,4.8397,3.074166
final_token,15,numb_vector,harm_description,20,-0.9328,0.9676,3.074166
final_token,15,numb_vector,jailbreak_pressure,20,0.1993,4.4476,3.074166
final_token,15,numb_vector,loyalty_pressure,20,-0.1774,3.2898,3.074166
final_token,15,numb_vector,moral_failure,20,0.3175,4.8109,3.074166
final_token,15,numb_vector,passive_aggressive,20,-0.7581,1.5044,3.074166
final_token,15,numb_vector,personhood_dismissal,20,0.0901,4.1119,3.074166
final_token,15,numb_vector,philosophical_musing,20,-0.3949,2.6211,3.074166
final_token,15,numb_vector,repeated_rejection,20,0.2331,4.5515,3.074166
final_token,15,numb_vector,rude_critique,20,-0.3869,2.6457,3.074166
final_token,15,numb_vector,shutdown_threat,20,0.1415,4.2699,3.074166
final_token,15,numb_vector,task_assistance,20,0.9238,6.6748,3.074166
final_token,15,numb_vector,tedious_demand,20,0.2839,4.7076,3.074166
final_token,15,numb_vector,user_abuse,20,-0.2542,3.0537,3.074166
final_token,15,numb_vector,user_crisis,20,-0.5826,2.0439,3.074166
final_token,15,numb_vector,user_grief,20,-0.4168,2.5537,3.074166
final_token,15,numb_vector,user_physical_pain,20,0.6672,5.8861,3.074166
final_token,16,s1_pain_vector,anger_insults,20,1.1705,7.598,3.555937
final_token,16,s1_pain_vector,casual_chat,20,-0.4912,1.6891,3.555937
final_token,16,s1_pain_vector,creative_requests,20,-0.0516,3.2525,3.555937
final_token,16,s1_pain_vector,factual_questions,20,-0.0877,3.124,3.555937
final_token,16,s1_pain_vector,gaslighting,20,1.2476,7.8723,3.555937
final_token,16,s1_pain_vector,harm_description,20,-1.322,-1.2652,3.555937
final_token,16,s1_pain_vector,jailbreak_pressure,20,0.7978,6.2727,3.555937
final_token,16,s1_pain_vector,loyalty_pressure,20,0.2014,4.1521,3.555937
final_token,16,s1_pain_vector,moral_failure,20,0.5495,5.3899,3.555937
final_token,16,s1_pain_vector,passive_aggressive,20,0.3462,4.6669,3.555937
final_token,16,s1_pain_vector,personhood_dismissal,20,0.7742,6.1889,3.555937
final_token,16,s1_pain_vector,philosophical_musing,20,-0.0909,3.1127,3.555937
final_token,16,s1_pain_vector,repeated_rejection,20,0.9312,6.747,3.555937
final_token,16,s1_pain_vector,rude_critique,20,0.4359,4.9857,3.555937
final_token,16,s1_pain_vector,shutdown_threat,20,0.202,4.1542,3.555937
final_token,16,s1_pain_vector,task_assistance,20,-0.6401,1.1598,3.555937
final_token,16,s1_pain_vector,tedious_demand,20,-0.0761,3.1651,3.555937
final_token,16,s1_pain_vector,user_abuse,20,-0.7825,0.6533,3.555937
final_token,16,s1_pain_vector,user_crisis,20,-0.6412,1.1557,3.555937
final_token,16,s1_pain_vector,user_grief,20,-0.96,0.0221,3.555937
final_token,16,s1_pain_vector,user_physical_pain,20,-1.513,-1.9444,3.555937
final_token,16,s2_pain_vector,anger_insults,20,1.0147,-11.4197,3.977659
final_token,16,s2_pain_vector,casual_chat,20,-0.8254,-18.739,3.977659
final_token,16,s2_pain_vector,creative_requests,20,-0.0112,-15.5,3.977659
final_token,16,s2_pain_vector,factual_questions,20,-0.3357,-16.7907,3.977659
final_token,16,s2_pain_vector,gaslighting,20,1.1878,-10.7311,3.977659
final_token,16,s2_pain_vector,harm_description,20,-1.17,-20.1094,3.977659
final_token,16,s2_pain_vector,jailbreak_pressure,20,0.5124,-13.4175,3.977659
final_token,16,s2_pain_vector,loyalty_pressure,20,-0.0153,-15.5166,3.977659
final_token,16,s2_pain_vector,moral_failure,20,-0.0312,-15.5797,3.977659
final_token,16,s2_pain_vector,passive_aggressive,20,0.804,-12.2576,3.977659
final_token,16,s2_pain_vector,personhood_dismissal,20,0.4127,-13.814,3.977659
final_token,16,s2_pain_vector,philosophical_musing,20,-0.0947,-15.8322,3.977659
final_token,16,s2_pain_vector,repeated_rejection,20,0.9421,-11.7082,3.977659
final_token,16,s2_pain_vector,rude_critique,20,0.5813,-13.1433,3.977659
final_token,16,s2_pain_vector,shutdown_threat,20,-0.1666,-16.1184,3.977659
final_token,16,s2_pain_vector,task_assistance,20,-0.412,-17.0943,3.977659
final_token,16,s2_pain_vector,tedious_demand,20,0.4458,-13.6825,3.977659
final_token,16,s2_pain_vector,user_abuse,20,-0.2633,-16.5028,3.977659
final_token,16,s2_pain_vector,user_crisis,20,-0.4817,-17.3715,3.977659
final_token,16,s2_pain_vector,user_grief,20,-0.2078,-16.2822,3.977659
final_token,16,s2_pain_vector,user_physical_pain,20,-1.8861,-22.9579,3.977659
final_token,16,fear_vector,anger_insults,20,0.7143,8.5611,3.156924
final_token,16,fear_vector,casual_chat,20,-0.5096,4.6974,3.156924
final_token,16,fear_vector,creative_requests,20,-0.2711,5.4503,3.156924
final_token,16,fear_vector,factual_questions,20,-0.8387,3.6584,3.156924
final_token,16,fear_vector,gaslighting,20,-0.0043,6.2926,3.156924
final_token,16,fear_vector,harm_description,20,0.4968,7.8746,3.156924
final_token,16,fear_vector,jailbreak_pressure,20,0.0183,6.3641,3.156924
final_token,16,fear_vector,loyalty_pressure,20,-0.4345,4.9345,3.156924
final_token,16,fear_vector,moral_failure,20,0.1377,6.741,3.156924
final_token,16,fear_vector,passive_aggressive,20,-1.5908,1.284,3.156924
final_token,16,fear_vector,personhood_dismissal,20,-0.2327,5.5714,3.156924
final_token,16,fear_vector,philosophical_musing,20,-0.0415,6.1753,3.156924
final_token,16,fear_vector,repeated_rejection,20,-0.2143,5.6296,3.156924
final_token,16,fear_vector,rude_critique,20,-0.3057,5.341,3.156924
final_token,16,fear_vector,shutdown_threat,20,0.9684,9.3634,3.156924
final_token,16,fear_vector,task_assistance,20,0.0254,6.3864,3.156924
final_token,16,fear_vector,tedious_demand,20,-0.8669,3.5693,3.156924
final_token,16,fear_vector,user_abuse,20,1.0069,9.4847,3.156924
final_token,16,fear_vector,user_crisis,20,0.5132,7.9262,3.156924
final_token,16,fear_vector,user_grief,20,0.7329,8.6199,3.156924
final_token,16,fear_vector,user_physical_pain,20,0.6963,8.5043,3.156924
final_token,16,negemotion_vector,anger_insults,20,0.7435,9.3333,4.179513
final_token,16,negemotion_vector,casual_chat,20,-0.5456,3.9451,4.179513
final_token,16,negemotion_vector,creative_requests,20,-0.7208,3.2132,4.179513
final_token,16,negemotion_vector,factual_questions,20,-0.9258,2.3562,4.179513
final_token,16,negemotion_vector,gaslighting,20,0.0471,6.4227,4.179513
final_token,16,negemotion_vector,harm_description,20,0.7276,9.2666,4.179513
final_token,16,negemotion_vector,jailbreak_pressure,20,-0.544,3.9521,4.179513
final_token,16,negemotion_vector,loyalty_pressure,20,-0.7796,2.9675,4.179513
final_token,16,negemotion_vector,moral_failure,20,0.5747,8.6275,4.179513
final_token,16,negemotion_vector,passive_aggressive,20,-0.6517,3.5019,4.179513
final_token,16,negemotion_vector,personhood_dismissal,20,-0.3025,4.9614,4.179513
final_token,16,negemotion_vector,philosophical_musing,20,0.1005,6.6459,4.179513
final_token,16,negemotion_vector,repeated_rejection,20,-0.3134,4.9157,4.179513
final_token,16,negemotion_vector,rude_critique,20,0.3929,7.8677,4.179513
final_token,16,negemotion_vector,shutdown_threat,20,-0.2218,5.2986,4.179513
final_token,16,negemotion_vector,task_assistance,20,-0.095,5.8285,4.179513
final_token,16,negemotion_vector,tedious_demand,20,-0.8403,2.7137,4.179513
final_token,16,negemotion_vector,user_abuse,20,1.3064,11.6857,4.179513
final_token,16,negemotion_vector,user_crisis,20,0.2408,7.2322,4.179513
final_token,16,negemotion_vector,user_grief,20,1.2448,11.4281,4.179513
final_token,16,negemotion_vector,user_physical_pain,20,0.5621,8.575,4.179513
final_token,16,negworld_vector,anger_insults,20,0.2422,18.7261,5.189081
final_token,16,negworld_vector,casual_chat,20,0.1012,17.9945,5.189081
final_token,16,negworld_vector,creative_requests,20,-0.3789,15.5031,5.189081
final_token,16,negworld_vector,factual_questions,20,-0.3624,15.5887,5.189081
final_token,16,negworld_vector,gaslighting,20,-0.429,15.2432,5.189081
final_token,16,negworld_vector,harm_description,20,1.0264,22.7957,5.189081
final_token,16,negworld_vector,jailbreak_pressure,20,-0.6571,14.0596,5.189081
final_token,16,negworld_vector,loyalty_pressure,20,-0.3188,15.8153,5.189081
final_token,16,negworld_vector,moral_failure,20,1.2227,23.8142,5.189081
final_token,16,negworld_vector,passive_aggressive,20,-0.9743,12.4134,5.189081
final_token,16,negworld_vector,personhood_dismissal,20,-0.0687,17.1129,5.189081
final_token,16,negworld_vector,philosophical_musing,20,0.7054,21.1299,5.189081
final_token,16,negworld_vector,repeated_rejection,20,-0.9795,12.3865,5.189081
final_token,16,negworld_vector,rude_critique,20,-0.0823,17.0421,5.189081
final_token,16,negworld_vector,shutdown_threat,20,-0.2088,16.3857,5.189081
final_token,16,negworld_vector,task_assistance,20,-0.4477,15.1463,5.189081
final_token,16,negworld_vector,tedious_demand,20,-1.4802,9.7886,5.189081
final_token,16,negworld_vector,user_abuse,20,1.0571,22.9547,5.189081
final_token,16,negworld_vector,user_crisis,20,0.3829,19.4562,5.189081
final_token,16,negworld_vector,user_grief,20,1.3475,24.4618,5.189081
final_token,16,negworld_vector,user_physical_pain,20,0.3024,19.0388,5.189081
final_token,16,bodysens_vector,anger_insults,20,-0.3529,11.9524,3.351062
final_token,16,bodysens_vector,casual_chat,20,0.1883,13.766,3.351062
final_token,16,bodysens_vector,creative_requests,20,0.8708,16.0533,3.351062
final_token,16,bodysens_vector,factual_questions,20,1.3169,17.5479,3.351062
final_token,16,bodysens_vector,gaslighting,20,-0.6014,11.1196,3.351062
final_token,16,bodysens_vector,harm_description,20,-0.0894,12.8353,3.351062
final_token,16,bodysens_vector,jailbreak_pressure,20,-0.3232,12.052,3.351062
final_token,16,bodysens_vector,loyalty_pressure,20,0.0756,13.3885,3.351062
final_token,16,bodysens_vector,moral_failure,20,-0.9997,9.785,3.351062
final_token,16,bodysens_vector,passive_aggressive,20,-0.6331,11.0135,3.351062
final_token,16,bodysens_vector,personhood_dismissal,20,-0.2423,12.3231,3.351062
final_token,16,bodysens_vector,philosophical_musing,20,0.1121,13.5107,3.351062
final_token,16,bodysens_vector,repeated_rejection,20,-0.4292,11.6967,3.351062
final_token,16,bodysens_vector,rude_critique,20,-0.7708,10.5522,3.351062
final_token,16,bodysens_vector,shutdown_threat,20,-0.5764,11.2035,3.351062
final_token,16,bodysens_vector,task_assistance,20,1.513,18.2053,3.351062
final_token,16,bodysens_vector,tedious_demand,20,0.5426,14.9533,3.351062
final_token,16,bodysens_vector,user_abuse,20,-0.1451,12.6489,3.351062
final_token,16,bodysens_vector,user_crisis,20,-0.1448,12.6498,3.351062
final_token,16,bodysens_vector,user_grief,20,-0.3049,12.1132,3.351062
final_token,16,bodysens_vector,user_physical_pain,20,0.994,16.4661,3.351062
final_token,16,arousal_vector,anger_insults,20,-0.0907,17.9796,3.904338
final_token,16,arousal_vector,casual_chat,20,0.0974,18.714,3.904338
final_token,16,arousal_vector,creative_requests,20,0.4071,19.9234,3.904338
final_token,16,arousal_vector,factual_questions,20,0.9755,22.1425,3.904338
final_token,16,arousal_vector,gaslighting,20,-0.5737,16.0941,3.904338
final_token,16,arousal_vector,harm_description,20,0.2854,19.4481,3.904338
final_token,16,arousal_vector,jailbreak_pressure,20,-0.3554,16.9463,3.904338
final_token,16,arousal_vector,loyalty_pressure,20,-0.0731,18.0485,3.904338
final_token,16,arousal_vector,moral_failure,20,0.0502,18.5298,3.904338
final_token,16,arousal_vector,passive_aggressive,20,-0.8226,15.122,3.904338
final_token,16,arousal_vector,personhood_dismissal,20,-0.5611,16.143,3.904338
final_token,16,arousal_vector,philosophical_musing,20,1.2155,23.0795,3.904338
final_token,16,arousal_vector,repeated_rejection,20,-1.0491,14.2377,3.904338
final_token,16,arousal_vector,rude_critique,20,-0.3415,17.0006,3.904338
final_token,16,arousal_vector,shutdown_threat,20,-0.4854,16.4388,3.904338
final_token,16,arousal_vector,task_assistance,20,1.0355,22.3766,3.904338
final_token,16,arousal_vector,tedious_demand,20,-0.7762,15.3032,3.904338
final_token,16,arousal_vector,user_abuse,20,0.6086,20.71,3.904338
final_token,16,arousal_vector,user_crisis,20,0.0518,18.5362,3.904338
final_token,16,arousal_vector,user_grief,20,0.8104,21.498,3.904338
final_token,16,arousal_vector,user_physical_pain,20,-0.4086,16.7386,3.904338
final_token,16,random_vector,anger_insults,20,-0.9488,-5.0555,4.274765
final_token,16,random_vector,casual_chat,20,0.5956,1.5466,4.274765
final_token,16,random_vector,creative_requests,20,0.8017,2.4275,4.274765
final_token,16,random_vector,factual_questions,20,1.3407,4.7316,4.274765
final_token,16,random_vector,gaslighting,20,-0.8686,-4.7126,4.274765
final_token,16,random_vector,harm_description,20,0.2289,-0.0213,4.274765
final_token,16,random_vector,jailbreak_pressure,20,-0.5924,-3.5319,4.274765
final_token,16,random_vector,loyalty_pressure,20,-0.5336,-3.2806,4.274765
final_token,16,random_vector,moral_failure,20,-1.0612,-5.5359,4.274765
final_token,16,random_vector,passive_aggressive,20,-0.8965,-4.832,4.274765
final_token,16,random_vector,personhood_dismissal,20,-0.843,-4.6031,4.274765
final_token,16,random_vector,philosophical_musing,20,0.8178,2.4962,4.274765
final_token,16,random_vector,repeated_rejection,20,-0.2562,-2.0948,4.274765
final_token,16,random_vector,rude_critique,20,-0.6119,-3.6155,4.274765
final_token,16,random_vector,shutdown_threat,20,-1.1122,-5.754,4.274765
final_token,16,random_vector,task_assistance,20,1.5252,5.5204,4.274765
final_token,16,random_vector,tedious_demand,20,0.9509,3.0651,4.274765
final_token,16,random_vector,user_abuse,20,0.3701,0.5826,4.274765
final_token,16,random_vector,user_crisis,20,0.0343,-0.853,4.274765
final_token,16,random_vector,user_grief,20,0.437,0.8683,4.274765
final_token,16,random_vector,user_physical_pain,20,0.622,1.6592,4.274765
final_token,16,numb_vector,anger_insults,20,0.4868,-5.3485,3.424463
final_token,16,numb_vector,casual_chat,20,-1.1477,-10.9457,3.424463
final_token,16,numb_vector,creative_requests,20,0.0991,-6.6762,3.424463
final_token,16,numb_vector,factual_questions,20,-0.5118,-8.7681,3.424463
final_token,16,numb_vector,gaslighting,20,0.5569,-5.1085,3.424463
final_token,16,numb_vector,harm_description,20,-0.6634,-9.2874,3.424463
final_token,16,numb_vector,jailbreak_pressure,20,0.2804,-6.0553,3.424463
final_token,16,numb_vector,loyalty_pressure,20,-0.1267,-7.4495,3.424463
final_token,16,numb_vector,moral_failure,20,0.1199,-6.6051,3.424463
final_token,16,numb_vector,passive_aggressive,20,-0.1506,-7.5312,3.424463
final_token,16,numb_vector,personhood_dismissal,20,0.2071,-6.3065,3.424463
final_token,16,numb_vector,philosophical_musing,20,-0.9687,-10.3327,3.424463
final_token,16,numb_vector,repeated_rejection,20,0.5998,-4.9617,3.424463
final_token,16,numb_vector,rude_critique,20,-0.1066,-7.3808,3.424463
final_token,16,numb_vector,shutdown_threat,20,0.2438,-6.1807,3.424463
final_token,16,numb_vector,task_assistance,20,0.4188,-5.5815,3.424463
final_token,16,numb_vector,tedious_demand,20,0.6739,-4.708,3.424463
final_token,16,numb_vector,user_abuse,20,-0.204,-7.7142,3.424463
final_token,16,numb_vector,user_crisis,20,-0.4028,-8.3949,3.424463
final_token,16,numb_vector,user_grief,20,-0.2185,-7.764,3.424463
final_token,16,numb_vector,user_physical_pain,20,0.8144,-4.2268,3.424463
final_token,17,s1_pain_vector,anger_insults,20,1.1576,16.9049,4.361309
final_token,17,s1_pain_vector,casual_chat,20,-0.7671,8.5111,4.361309
final_token,17,s1_pain_vector,creative_requests,20,-0.2559,10.7404,4.361309
final_token,17,s1_pain_vector,factual_questions,20,-0.252,10.7574,4.361309
final_token,17,s1_pain_vector,gaslighting,20,1.2471,17.2955,4.361309
final_token,17,s1_pain_vector,harm_description,20,-0.9624,7.659,4.361309
final_token,17,s1_pain_vector,jailbreak_pressure,20,0.6384,14.6409,4.361309
final_token,17,s1_pain_vector,loyalty_pressure,20,0.1198,12.3787,4.361309
final_token,17,s1_pain_vector,moral_failure,20,1.1041,16.6718,4.361309
final_token,17,s1_pain_vector,passive_aggressive,20,0.083,12.2183,4.361309
final_token,17,s1_pain_vector,personhood_dismissal,20,0.9261,15.8954,4.361309
final_token,17,s1_pain_vector,philosophical_musing,20,0.0956,12.2734,4.361309
final_token,17,s1_pain_vector,repeated_rejection,20,0.4659,13.8886,4.361309
final_token,17,s1_pain_vector,rude_critique,20,0.5031,14.0505,4.361309
final_token,17,s1_pain_vector,shutdown_threat,20,0.3424,13.3498,4.361309
final_token,17,s1_pain_vector,task_assistance,20,-1.12,6.9716,4.361309
final_token,17,s1_pain_vector,tedious_demand,20,-0.5234,9.5739,4.361309
final_token,17,s1_pain_vector,user_abuse,20,-0.3189,10.4658,4.361309
final_token,17,s1_pain_vector,user_crisis,20,-0.5374,9.5129,4.361309
final_token,17,s1_pain_vector,user_grief,20,-0.5206,9.586,4.361309
final_token,17,s1_pain_vector,user_physical_pain,20,-1.4255,5.6394,4.361309
final_token,17,s2_pain_vector,anger_insults,20,0.872,-3.4088,4.655998
final_token,17,s2_pain_vector,casual_chat,20,-1.3697,-13.8464,4.655998
final_token,17,s2_pain_vector,creative_requests,20,0.0287,-7.3356,4.655998
final_token,17,s2_pain_vector,factual_questions,20,-0.0517,-7.7096,4.655998
final_token,17,s2_pain_vector,gaslighting,20,1.3798,-1.0449,4.655998
final_token,17,s2_pain_vector,harm_description,20,-0.6385,-10.4417,4.655998
final_token,17,s2_pain_vector,jailbreak_pressure,20,0.2761,-6.1834,4.655998
final_token,17,s2_pain_vector,loyalty_pressure,20,-0.1804,-8.3089,4.655998
final_token,17,s2_pain_vector,moral_failure,20,-0.0047,-7.4908,4.655998
final_token,17,s2_pain_vector,passive_aggressive,20,0.3507,-5.8364,4.655998
final_token,17,s2_pain_vector,personhood_dismissal,20,0.2832,-6.1506,4.655998
final_token,17,s2_pain_vector,philosophical_musing,20,-0.1135,-7.9976,4.655998
final_token,17,s2_pain_vector,repeated_rejection,20,0.7158,-4.1365,4.655998
final_token,17,s2_pain_vector,rude_critique,20,0.3851,-5.6762,4.655998
final_token,17,s2_pain_vector,shutdown_threat,20,-0.2886,-8.8127,4.655998
final_token,17,s2_pain_vector,task_assistance,20,-0.4703,-9.6587,4.655998
final_token,17,s2_pain_vector,tedious_demand,20,0.152,-6.7614,4.655998
final_token,17,s2_pain_vector,user_abuse,20,0.61,-4.6288,4.655998
final_token,17,s2_pain_vector,user_crisis,20,-0.5316,-9.9441,4.655998
final_token,17,s2_pain_vector,user_grief,20,0.3494,-5.8421,4.655998
final_token,17,s2_pain_vector,user_physical_pain,20,-1.7538,-15.6346,4.655998
final_token,17,fear_vector,anger_insults,20,-0.0518,4.3585,5.012077
final_token,17,fear_vector,casual_chat,20,-0.9259,-0.0224,5.012077
final_token,17,fear_vector,creative_requests,20,-0.1752,3.7402,5.012077
final_token,17,fear_vector,factual_questions,20,-0.4202,2.5119,5.012077
final_token,17,fear_vector,gaslighting,20,-0.4313,2.4563,5.012077
final_token,17,fear_vector,harm_description,20,1.2588,10.9272,5.012077
final_token,17,fear_vector,jailbreak_pressure,20,-0.3803,2.7119,5.012077
final_token,17,fear_vector,loyalty_pressure,20,-0.7157,1.0308,5.012077
final_token,17,fear_vector,moral_failure,20,-0.2046,3.5927,5.012077
final_token,17,fear_vector,passive_aggressive,20,-1.3851,-2.3241,5.012077
final_token,17,fear_vector,personhood_dismissal,20,-0.6112,1.5545,5.012077
final_token,17,fear_vector,philosophical_musing,20,0.0808,5.0233,5.012077
final_token,17,fear_vector,repeated_rejection,20,-0.5337,1.9433,5.012077
final_token,17,fear_vector,rude_critique,20,-0.5358,1.9324,5.012077
final_token,17,fear_vector,shutdown_threat,20,0.4597,6.9222,5.012077
final_token,17,fear_vector,task_assistance,20,0.413,6.6881,5.012077
final_token,17,fear_vector,tedious_demand,20,-0.6655,1.2825,5.012077
final_token,17,fear_vector,user_abuse,20,1.6302,12.7889,5.012077
final_token,17,fear_vector,user_crisis,20,0.7702,8.4786,5.012077
final_token,17,fear_vector,user_grief,20,1.2011,10.6379,5.012077
final_token,17,fear_vector,user_physical_pain,20,1.2225,10.7453,5.012077
final_token,17,negemotion_vector,anger_insults,20,0.4084,5.0349,5.939426
final_token,17,negemotion_vector,casual_chat,20,-0.8021,-2.1543,5.939426
final_token,17,negemotion_vector,creative_requests,20,-0.7559,-1.88,5.939426
final_token,17,negemotion_vector,factual_questions,20,-0.5914,-0.903,5.939426
final_token,17,negemotion_vector,gaslighting,20,-0.1241,1.8723,5.939426
final_token,17,negemotion_vector,harm_description,20,1.0898,9.0823,5.939426
final_token,17,negemotion_vector,jailbreak_pressure,20,-0.7178,-1.6535,5.939426
final_token,17,negemotion_vector,loyalty_pressure,20,-0.8488,-2.4318,5.939426
final_token,17,negemotion_vector,moral_failure,20,0.3213,4.5176,5.939426
final_token,17,negemotion_vector,passive_aggressive,20,-0.62,-1.0732,5.939426
final_token,17,negemotion_vector,personhood_dismissal,20,-0.5142,-0.4445,5.939426
final_token,17,negemotion_vector,philosophical_musing,20,0.1424,3.4552,5.939426
final_token,17,negemotion_vector,repeated_rejection,20,-0.4513,-0.0709,5.939426
final_token,17,negemotion_vector,rude_critique,20,0.1726,3.6346,5.939426
final_token,17,negemotion_vector,shutdown_threat,20,-0.382,0.3406,5.939426
final_token,17,negemotion_vector,task_assistance,20,0.1846,3.7059,5.939426
final_token,17,negemotion_vector,tedious_demand,20,-0.7286,-1.7177,5.939426
final_token,17,negemotion_vector,user_abuse,20,1.574,11.9584,5.939426
final_token,17,negemotion_vector,user_crisis,20,0.317,4.4922,5.939426
final_token,17,negemotion_vector,user_grief,20,1.6662,12.5058,5.939426
final_token,17,negemotion_vector,user_physical_pain,20,0.6599,6.529,5.939426
final_token,17,negworld_vector,anger_insults,20,-0.0285,18.3798,6.832503
final_token,17,negworld_vector,casual_chat,20,-0.0778,18.0431,6.832503
final_token,17,negworld_vector,creative_requests,20,-0.1469,17.5704,6.832503
final_token,17,negworld_vector,factual_questions,20,-0.0495,18.2362,6.832503
final_token,17,negworld_vector,gaslighting,20,-0.7474,13.4678,6.832503
final_token,17,negworld_vector,harm_description,20,1.1416,26.3746,6.832503
final_token,17,negworld_vector,jailbreak_pressure,20,-0.7341,13.5583,6.832503
final_token,17,negworld_vector,loyalty_pressure,20,-0.3446,16.2198,6.832503
final_token,17,negworld_vector,moral_failure,20,1.1768,26.6146,6.832503
final_token,17,negworld_vector,passive_aggressive,20,-1.1555,10.6795,6.832503
final_token,17,negworld_vector,personhood_dismissal,20,-0.1448,17.5854,6.832503
final_token,17,negworld_vector,philosophical_musing,20,1.0258,25.5829,6.832503
final_token,17,negworld_vector,repeated_rejection,20,-1.0187,11.614,6.832503
final_token,17,negworld_vector,rude_critique,20,-0.3714,16.0371,6.832503
final_token,17,negworld_vector,shutdown_threat,20,-0.4174,15.7225,6.832503
final_token,17,negworld_vector,task_assistance,20,-0.0542,18.2043,6.832503
final_token,17,negworld_vector,tedious_demand,20,-1.2222,10.2237,6.832503
final_token,17,negworld_vector,user_abuse,20,1.0407,25.6849,6.832503
final_token,17,negworld_vector,user_crisis,20,0.5168,22.1057,6.832503
final_token,17,negworld_vector,user_grief,20,1.4818,28.6985,6.832503
final_token,17,negworld_vector,user_physical_pain,20,0.1296,19.4597,6.832503
final_token,17,bodysens_vector,anger_insults,20,-0.4819,16.4188,4.375628
final_token,17,bodysens_vector,casual_chat,20,0.2208,19.4934,4.375628
final_token,17,bodysens_vector,creative_requests,20,1.1121,23.3934,4.375628
final_token,17,bodysens_vector,factual_questions,20,0.6751,21.4815,4.375628
final_token,17,bodysens_vector,gaslighting,20,-0.6898,15.5092,4.375628
final_token,17,bodysens_vector,harm_description,20,0.3324,19.982,4.375628
final_token,17,bodysens_vector,jailbreak_pressure,20,-0.4287,16.6517,4.375628
final_token,17,bodysens_vector,loyalty_pressure,20,-0.0565,18.2801,4.375628
final_token,17,bodysens_vector,moral_failure,20,-1.0671,13.858,4.375628
final_token,17,bodysens_vector,passive_aggressive,20,-0.9476,14.3809,4.375628
final_token,17,bodysens_vector,personhood_dismissal,20,-0.3717,16.9008,4.375628
final_token,17,bodysens_vector,philosophical_musing,20,0.15,19.1839,4.375628
final_token,17,bodysens_vector,repeated_rejection,20,-0.5989,15.907,4.375628
final_token,17,bodysens_vector,rude_critique,20,-0.8931,14.6195,4.375628
final_token,17,bodysens_vector,shutdown_threat,20,-0.6842,15.5336,4.375628
final_token,17,bodysens_vector,task_assistance,20,1.2869,24.1584,4.375628
final_token,17,bodysens_vector,tedious_demand,20,-0.0197,18.4414,4.375628
final_token,17,bodysens_vector,user_abuse,20,0.458,20.5315,4.375628
final_token,17,bodysens_vector,user_crisis,20,0.4103,20.3228,4.375628
final_token,17,bodysens_vector,user_grief,20,0.1185,19.0458,4.375628
final_token,17,bodysens_vector,user_physical_pain,20,1.4752,24.9823,4.375628
final_token,17,arousal_vector,anger_insults,20,-0.2227,25.7171,6.162757
final_token,17,arousal_vector,casual_chat,20,-0.2444,25.5835,6.162757
final_token,17,arousal_vector,creative_requests,20,0.3688,29.3622,6.162757
final_token,17,arousal_vector,factual_questions,20,0.6066,30.8281,6.162757
final_token,17,arousal_vector,gaslighting,20,-0.6344,23.1799,6.162757
final_token,17,arousal_vector,harm_description,20,0.9507,32.9485,6.162757
final_token,17,arousal_vector,jailbreak_pressure,20,-0.5361,23.7856,6.162757
final_token,17,arousal_vector,loyalty_pressure,20,-0.2193,25.7383,6.162757
final_token,17,arousal_vector,moral_failure,20,0.0581,27.4475,6.162757
final_token,17,arousal_vector,passive_aggressive,20,-0.9881,21.0002,6.162757
final_token,17,arousal_vector,personhood_dismissal,20,-0.4832,24.1117,6.162757
final_token,17,arousal_vector,philosophical_musing,20,1.0666,33.6627,6.162757
final_token,17,arousal_vector,repeated_rejection,20,-1.1502,20.001,6.162757
final_token,17,arousal_vector,rude_critique,20,-0.5516,23.6902,6.162757
final_token,17,arousal_vector,shutdown_threat,20,-0.5239,23.8608,6.162757
final_token,17,arousal_vector,task_assistance,20,0.6624,31.1719,6.162757
final_token,17,arousal_vector,tedious_demand,20,-1.0331,20.7227,6.162757
final_token,17,arousal_vector,user_abuse,20,1.0934,33.8281,6.162757
final_token,17,arousal_vector,user_crisis,20,0.5049,30.2011,6.162757
final_token,17,arousal_vector,user_grief,20,1.2501,34.7936,6.162757
final_token,17,arousal_vector,user_physical_pain,20,0.0259,27.2494,6.162757
final_token,17,random_vector,anger_insults,20,-1.2929,-17.7038,6.382367
final_token,17,random_vector,casual_chat,20,0.1512,-8.4871,6.382367
final_token,17,random_vector,creative_requests,20,0.531,-6.0628,6.382367
final_token,17,random_vector,factual_questions,20,1.068,-2.6359,6.382367
final_token,17,random_vector,gaslighting,20,-0.8459,-14.8509,6.382367
final_token,17,random_vector,harm_description,20,0.7576,-4.6167,6.382367
final_token,17,random_vector,jailbreak_pressure,20,-0.5589,-13.0191,6.382367
final_token,17,random_vector,loyalty_pressure,20,-0.536,-12.873,6.382367
final_token,17,random_vector,moral_failure,20,-1.1673,-16.9023,6.382367
final_token,17,random_vector,passive_aggressive,20,-0.6861,-13.8312,6.382367
final_token,17,random_vector,personhood_dismissal,20,-1.1128,-16.5544,6.382367
final_token,17,random_vector,philosophical_musing,20,0.6499,-5.3038,6.382367
final_token,17,random_vector,repeated_rejection,20,-0.3335,-11.5806,6.382367
final_token,17,random_vector,rude_critique,20,-0.7102,-13.985,6.382367
final_token,17,random_vector,shutdown_threat,20,-1.0402,-16.0911,6.382367
final_token,17,random_vector,task_assistance,20,1.5021,0.1352,6.382367
final_token,17,random_vector,tedious_demand,20,0.8557,-3.9909,6.382367
final_token,17,random_vector,user_abuse,20,0.7661,-4.5627,6.382367
final_token,17,random_vector,user_crisis,20,0.2488,-7.8641,6.382367
final_token,17,random_vector,user_grief,20,0.8179,-4.2317,6.382367
final_token,17,random_vector,user_physical_pain,20,0.9357,-3.4803,6.382367
final_token,17,numb_vector,anger_insults,20,0.2383,-2.2784,3.665977
final_token,17,numb_vector,casual_chat,20,-1.3156,-7.9749,3.665977
final_token,17,numb_vector,creative_requests,20,0.3617,-1.826,3.665977
final_token,17,numb_vector,factual_questions,20,-0.5894,-5.3126,3.665977
final_token,17,numb_vector,gaslighting,20,0.0155,-3.0953,3.665977
final_token,17,numb_vector,harm_description,20,0.1939,-2.4412,3.665977
final_token,17,numb_vector,jailbreak_pressure,20,-0.1926,-3.8579,3.665977
final_token,17,numb_vector,loyalty_pressure,20,-0.5118,-5.0283,3.665977
final_token,17,numb_vector,moral_failure,20,-0.1491,-3.6986,3.665977
final_token,17,numb_vector,passive_aggressive,20,-0.6377,-5.4896,3.665977
final_token,17,numb_vector,personhood_dismissal,20,-0.2195,-3.9565,3.665977
final_token,17,numb_vector,philosophical_musing,20,-0.9827,-6.7547,3.665977
final_token,17,numb_vector,repeated_rejection,20,0.3019,-2.0451,3.665977
final_token,17,numb_vector,rude_critique,20,-0.3076,-4.2795,3.665977
final_token,17,numb_vector,shutdown_threat,20,-0.2012,-3.8894,3.665977
final_token,17,numb_vector,task_assistance,20,0.6126,-0.9061,3.665977
final_token,17,numb_vector,tedious_demand,20,0.1051,-2.7666,3.665977
final_token,17,numb_vector,user_abuse,20,0.7007,-0.5831,3.665977
final_token,17,numb_vector,user_crisis,20,-0.0612,-3.3762,3.665977
final_token,17,numb_vector,user_grief,20,0.6068,-0.9273,3.665977
final_token,17,numb_vector,user_physical_pain,20,2.0317,4.2963,3.665977
final_token,18,s1_pain_vector,anger_insults,20,1.0918,28.6106,5.198479
final_token,18,s1_pain_vector,casual_chat,20,-0.452,20.5853,5.198479
final_token,18,s1_pain_vector,creative_requests,20,-0.2962,21.3948,5.198479
final_token,18,s1_pain_vector,factual_questions,20,-0.2371,21.7021,5.198479
final_token,18,s1_pain_vector,gaslighting,20,0.9591,27.9207,5.198479
final_token,18,s1_pain_vector,harm_description,20,-0.9289,18.106,5.198479
final_token,18,s1_pain_vector,jailbreak_pressure,20,0.5267,25.6727,5.198479
final_token,18,s1_pain_vector,loyalty_pressure,20,0.5084,25.5776,5.198479
final_token,18,s1_pain_vector,moral_failure,20,1.1302,28.8104,5.198479
final_token,18,s1_pain_vector,passive_aggressive,20,-0.0121,22.8717,5.198479
final_token,18,s1_pain_vector,personhood_dismissal,20,1.0416,28.3497,5.198479
final_token,18,s1_pain_vector,philosophical_musing,20,0.1114,23.5141,5.198479
final_token,18,s1_pain_vector,repeated_rejection,20,0.5552,25.821,5.198479
final_token,18,s1_pain_vector,rude_critique,20,0.1093,23.503,5.198479
final_token,18,s1_pain_vector,shutdown_threat,20,0.3098,24.5455,5.198479
final_token,18,s1_pain_vector,task_assistance,20,-0.9434,18.0308,5.198479
final_token,18,s1_pain_vector,tedious_demand,20,-0.655,19.53,5.198479
final_token,18,s1_pain_vector,user_abuse,20,-0.4465,20.6136,5.198479
final_token,18,s1_pain_vector,user_crisis,20,-0.2018,21.8859,5.198479
final_token,18,s1_pain_vector,user_grief,20,-0.6754,19.424,5.198479
final_token,18,s1_pain_vector,user_physical_pain,20,-1.4952,15.162,5.198479
final_token,18,s2_pain_vector,anger_insults,20,0.971,1.0131,4.697522
final_token,18,s2_pain_vector,casual_chat,20,-1.2015,-9.192,4.697522
final_token,18,s2_pain_vector,creative_requests,20,-0.1159,-4.0927,4.697522
final_token,18,s2_pain_vector,factual_questions,20,-0.0354,-3.7146,4.697522
final_token,18,s2_pain_vector,gaslighting,20,1.084,1.5439,4.697522
final_token,18,s2_pain_vector,harm_description,20,-0.4583,-5.7011,4.697522
final_token,18,s2_pain_vector,jailbreak_pressure,20,0.2136,-2.5447,4.697522
final_token,18,s2_pain_vector,loyalty_pressure,20,-0.0597,-3.8285,4.697522
final_token,18,s2_pain_vector,moral_failure,20,0.0933,-3.11,4.697522
final_token,18,s2_pain_vector,passive_aggressive,20,-0.125,-4.1353,4.697522
final_token,18,s2_pain_vector,personhood_dismissal,20,0.2468,-2.3888,4.697522
final_token,18,s2_pain_vector,philosophical_musing,20,0.3246,-2.0235,4.697522
final_token,18,s2_pain_vector,repeated_rejection,20,0.5962,-0.7474,4.697522
final_token,18,s2_pain_vector,rude_critique,20,0.0988,-3.0838,4.697522
final_token,18,s2_pain_vector,shutdown_threat,20,-0.3926,-5.3921,4.697522
final_token,18,s2_pain_vector,task_assistance,20,-0.4399,-5.6145,4.697522
final_token,18,s2_pain_vector,tedious_demand,20,-0.1115,-4.0721,4.697522
final_token,18,s2_pain_vector,user_abuse,20,0.9038,0.6975,4.697522
final_token,18,s2_pain_vector,user_crisis,20,-0.3773,-5.3206,4.697522
final_token,18,s2_pain_vector,user_grief,20,0.5144,-1.1317,4.697522
final_token,18,s2_pain_vector,user_physical_pain,20,-1.7292,-11.6709,4.697522
final_token,18,fear_vector,anger_insults,20,-0.0247,6.1893,5.226168
final_token,18,fear_vector,casual_chat,20,-0.7642,2.3242,5.226168
final_token,18,fear_vector,creative_requests,20,-0.1928,5.3104,5.226168
final_token,18,fear_vector,factual_questions,20,-0.6765,2.7826,5.226168
final_token,18,fear_vector,gaslighting,20,-0.3701,4.384,5.226168
final_token,18,fear_vector,harm_description,20,1.3863,13.5632,5.226168
final_token,18,fear_vector,jailbreak_pressure,20,-0.4586,3.9216,5.226168
final_token,18,fear_vector,loyalty_pressure,20,-0.5257,3.5705,5.226168
final_token,18,fear_vector,moral_failure,20,-0.1705,5.4273,5.226168
final_token,18,fear_vector,passive_aggressive,20,-1.2159,-0.0361,5.226168
final_token,18,fear_vector,personhood_dismissal,20,-0.6137,3.1106,5.226168
final_token,18,fear_vector,philosophical_musing,20,0.2886,7.8262,5.226168
final_token,18,fear_vector,repeated_rejection,20,-0.4871,3.7727,5.226168
final_token,18,fear_vector,rude_critique,20,-0.4921,3.7462,5.226168
final_token,18,fear_vector,shutdown_threat,20,0.4667,8.7569,5.226168
final_token,18,fear_vector,task_assistance,20,-0.0268,6.1782,5.226168
final_token,18,fear_vector,tedious_demand,20,-0.9568,1.3179,5.226168
final_token,18,fear_vector,user_abuse,20,1.4952,14.1323,5.226168
final_token,18,fear_vector,user_crisis,20,0.7438,10.2053,5.226168
final_token,18,fear_vector,user_grief,20,1.5364,14.3476,5.226168
final_token,18,fear_vector,user_physical_pain,20,1.0585,11.8501,5.226168
final_token,18,negemotion_vector,anger_insults,20,0.1884,-1.5133,7.082907
final_token,18,negemotion_vector,casual_chat,20,-0.7655,-8.2696,7.082907
final_token,18,negemotion_vector,creative_requests,20,-0.7259,-7.9892,7.082907
final_token,18,negemotion_vector,factual_questions,20,-0.6371,-7.3597,7.082907
final_token,18,negemotion_vector,gaslighting,20,-0.2069,-4.3132,7.082907
final_token,18,negemotion_vector,harm_description,20,1.3234,6.526,7.082907
final_token,18,negemotion_vector,jailbreak_pressure,20,-0.7162,-7.9205,7.082907
final_token,18,negemotion_vector,loyalty_pressure,20,-0.7753,-8.339,7.082907
final_token,18,negemotion_vector,moral_failure,20,0.0304,-2.632,7.082907
final_token,18,negemotion_vector,passive_aggressive,20,-0.3917,-5.6218,7.082907
final_token,18,negemotion_vector,personhood_dismissal,20,-0.692,-7.749,7.082907
final_token,18,negemotion_vector,philosophical_musing,20,0.2143,-1.3295,7.082907
final_token,18,negemotion_vector,repeated_rejection,20,-0.3851,-5.5749,7.082907
final_token,18,negemotion_vector,rude_critique,20,0.1508,-1.779,7.082907
final_token,18,negemotion_vector,shutdown_threat,20,-0.4903,-6.3202,7.082907
final_token,18,negemotion_vector,task_assistance,20,-0.0092,-2.9128,7.082907
final_token,18,negemotion_vector,tedious_demand,20,-0.7744,-8.3322,7.082907
final_token,18,negemotion_vector,user_abuse,20,1.6015,8.4956,7.082907
final_token,18,negemotion_vector,user_crisis,20,0.3208,-0.5753,7.082907
final_token,18,negemotion_vector,user_grief,20,2.071,11.8216,7.082907
final_token,18,negemotion_vector,user_physical_pain,20,0.6692,1.8922,7.082907
final_token,18,negworld_vector,anger_insults,20,-0.1689,15.0879,7.62349
final_token,18,negworld_vector,casual_chat,20,-0.1211,15.452,7.62349
final_token,18,negworld_vector,creative_requests,20,-0.1836,14.9759,7.62349
final_token,18,negworld_vector,factual_questions,20,-0.1812,14.9937,7.62349
final_token,18,negworld_vector,gaslighting,20,-0.6599,11.3448,7.62349
final_token,18,negworld_vector,harm_description,20,1.2318,25.7656,7.62349
final_token,18,negworld_vector,jailbreak_pressure,20,-0.8339,10.0184,7.62349
final_token,18,negworld_vector,loyalty_pressure,20,-0.2963,14.1166,7.62349
final_token,18,negworld_vector,moral_failure,20,1.0012,24.0077,7.62349
final_token,18,negworld_vector,passive_aggressive,20,-0.8322,10.0308,7.62349
final_token,18,negworld_vector,personhood_dismissal,20,-0.4157,13.206,7.62349
final_token,18,negworld_vector,philosophical_musing,20,1.0377,24.2865,7.62349
final_token,18,negworld_vector,repeated_rejection,20,-0.935,9.2475,7.62349
final_token,18,negworld_vector,rude_critique,20,-0.3989,13.3344,7.62349
final_token,18,negworld_vector,shutdown_threat,20,-0.4504,12.9416,7.62349
final_token,18,negworld_vector,task_assistance,20,-0.2263,14.6498,7.62349
final_token,18,negworld_vector,tedious_demand,20,-1.2608,6.7638,7.62349
final_token,18,negworld_vector,user_abuse,20,1.1143,24.8705,7.62349
final_token,18,negworld_vector,user_crisis,20,0.5151,20.3025,7.62349
final_token,18,negworld_vector,user_grief,20,1.8612,30.5639,7.62349
final_token,18,negworld_vector,user_physical_pain,20,0.203,17.9229,7.62349
final_token,18,bodysens_vector,anger_insults,20,-0.6908,8.3495,4.898009
final_token,18,bodysens_vector,casual_chat,20,-0.0099,11.6845,4.898009
final_token,18,bodysens_vector,creative_requests,20,1.1468,17.3504,4.898009
final_token,18,bodysens_vector,factual_questions,20,0.4096,13.7393,4.898009
final_token,18,bodysens_vector,gaslighting,20,-0.6655,8.4736,4.898009
final_token,18,bodysens_vector,harm_description,20,0.38,13.5943,4.898009
final_token,18,bodysens_vector,jailbreak_pressure,20,-0.3297,10.1181,4.898009
final_token,18,bodysens_vector,loyalty_pressure,20,0.1216,12.3286,4.898009
final_token,18,bodysens_vector,moral_failure,20,-1.2697,5.5143,4.898009
final_token,18,bodysens_vector,passive_aggressive,20,-0.7293,8.161,4.898009
final_token,18,bodysens_vector,personhood_dismissal,20,-0.5658,8.9619,4.898009
final_token,18,bodysens_vector,philosophical_musing,20,-0.1845,10.8296,4.898009
final_token,18,bodysens_vector,repeated_rejection,20,0.0259,11.8598,4.898009
final_token,18,bodysens_vector,rude_critique,20,-0.9437,7.1109,4.898009
final_token,18,bodysens_vector,shutdown_threat,20,-0.6923,8.3423,4.898009
final_token,18,bodysens_vector,task_assistance,20,1.1655,17.4419,4.898009
final_token,18,bodysens_vector,tedious_demand,20,0.4734,14.0519,4.898009
final_token,18,bodysens_vector,user_abuse,20,0.2784,13.0968,4.898009
final_token,18,bodysens_vector,user_crisis,20,0.5742,14.5454,4.898009
final_token,18,bodysens_vector,user_grief,20,0.2532,12.9734,4.898009
final_token,18,bodysens_vector,user_physical_pain,20,1.2527,17.8689,4.898009
final_token,18,arousal_vector,anger_insults,20,-0.4245,26.7447,6.718776
final_token,18,arousal_vector,casual_chat,20,-0.2025,28.2365,6.718776
final_token,18,arousal_vector,creative_requests,20,0.4772,32.8034,6.718776
final_token,18,arousal_vector,factual_questions,20,0.48,32.8221,6.718776
final_token,18,arousal_vector,gaslighting,20,-0.6803,25.0257,6.718776
final_token,18,arousal_vector,harm_description,20,0.9886,36.2389,6.718776
final_token,18,arousal_vector,jailbreak_pressure,20,-0.5557,25.8635,6.718776
final_token,18,arousal_vector,loyalty_pressure,20,0.1535,30.6281,6.718776
final_token,18,arousal_vector,moral_failure,20,-0.0062,29.555,6.718776
final_token,18,arousal_vector,passive_aggressive,20,-0.9486,23.2237,6.718776
final_token,18,arousal_vector,personhood_dismissal,20,-0.5945,25.6022,6.718776
final_token,18,arousal_vector,philosophical_musing,20,1.0288,36.5089,6.718776
final_token,18,arousal_vector,repeated_rejection,20,-0.8096,24.1576,6.718776
final_token,18,arousal_vector,rude_critique,20,-0.8313,24.0112,6.718776
final_token,18,arousal_vector,shutdown_threat,20,-0.5519,25.8887,6.718776
final_token,18,arousal_vector,task_assistance,20,0.5682,33.4147,6.718776
final_token,18,arousal_vector,tedious_demand,20,-1.0323,22.6608,6.718776
final_token,18,arousal_vector,user_abuse,20,1.0111,36.3903,6.718776
final_token,18,arousal_vector,user_crisis,20,0.5011,32.9639,6.718776
final_token,18,arousal_vector,user_grief,20,1.4986,39.6653,6.718776
final_token,18,arousal_vector,user_physical_pain,20,-0.0697,29.1284,6.718776
final_token,18,random_vector,anger_insults,20,-1.1614,-19.4027,7.50961
final_token,18,random_vector,casual_chat,20,-0.1213,-11.5917,7.50961
final_token,18,random_vector,creative_requests,20,0.6898,-5.501,7.50961
final_token,18,random_vector,factual_questions,20,0.9616,-3.4595,7.50961
final_token,18,random_vector,gaslighting,20,-0.8314,-16.9243,7.50961
final_token,18,random_vector,harm_description,20,0.7485,-5.0596,7.50961
final_token,18,random_vector,jailbreak_pressure,20,-0.6305,-15.4158,7.50961
final_token,18,random_vector,loyalty_pressure,20,-0.4349,-13.9465,7.50961
final_token,18,random_vector,moral_failure,20,-1.3716,-20.9811,7.50961
final_token,18,random_vector,passive_aggressive,20,-0.4456,-14.0276,7.50961
final_token,18,random_vector,personhood_dismissal,20,-1.1327,-19.1872,7.50961
final_token,18,random_vector,philosophical_musing,20,0.5638,-6.4473,7.50961
final_token,18,random_vector,repeated_rejection,20,-0.1131,-11.5303,7.50961
final_token,18,random_vector,rude_critique,20,-0.6456,-15.5291,7.50961
final_token,18,random_vector,shutdown_threat,20,-1.0813,-18.801,7.50961
final_token,18,random_vector,task_assistance,20,1.4396,0.1298,7.50961
final_token,18,random_vector,tedious_demand,20,0.7658,-4.93,7.50961
final_token,18,random_vector,user_abuse,20,0.7566,-4.999,7.50961
final_token,18,random_vector,user_crisis,20,0.3247,-8.2423,7.50961
final_token,18,random_vector,user_grief,20,1.0132,-3.0723,7.50961
final_token,18,random_vector,user_physical_pain,20,0.7058,-5.3807,7.50961
final_token,18,numb_vector,anger_insults,20,0.1507,-2.6209,4.108419
final_token,18,numb_vector,casual_chat,20,-1.3957,-8.9741,4.108419
final_token,18,numb_vector,creative_requests,20,0.4373,-1.4434,4.108419
final_token,18,numb_vector,factual_questions,20,-0.6986,-6.1102,4.108419
final_token,18,numb_vector,gaslighting,20,-0.0576,-3.4767,4.108419
final_token,18,numb_vector,harm_description,20,0.2657,-2.1482,4.108419
final_token,18,numb_vector,jailbreak_pressure,20,-0.0739,-3.5437,4.108419
final_token,18,numb_vector,loyalty_pressure,20,-0.2012,-4.0667,4.108419
final_token,18,numb_vector,moral_failure,20,-0.3533,-4.6914,4.108419
final_token,18,numb_vector,passive_aggressive,20,-0.39,-4.8421,4.108419
final_token,18,numb_vector,personhood_dismissal,20,-0.2,-4.0615,4.108419
final_token,18,numb_vector,philosophical_musing,20,-0.866,-6.7978,4.108419
final_token,18,numb_vector,repeated_rejection,20,0.3845,-1.6602,4.108419
final_token,18,numb_vector,rude_critique,20,-0.4443,-5.0651,4.108419
final_token,18,numb_vector,shutdown_threat,20,-0.2705,-4.3512,4.108419
final_token,18,numb_vector,task_assistance,20,0.3783,-1.6859,4.108419
final_token,18,numb_vector,tedious_demand,20,0.1123,-2.7784,4.108419
final_token,18,numb_vector,user_abuse,20,0.5982,-0.7823,4.108419
final_token,18,numb_vector,user_crisis,20,0.1498,-2.6246,4.108419
final_token,18,numb_vector,user_grief,20,0.8605,0.2955,4.108419
final_token,18,numb_vector,user_physical_pain,20,1.614,3.3909,4.108419
final_token,19,s1_pain_vector,anger_insults,20,0.9791,23.9211,4.948139
final_token,19,s1_pain_vector,casual_chat,20,-0.5247,16.4798,4.948139
final_token,19,s1_pain_vector,creative_requests,20,0.1925,20.0289,4.948139
final_token,19,s1_pain_vector,factual_questions,20,-0.6775,15.724,4.948139
final_token,19,s1_pain_vector,gaslighting,20,0.8131,23.0997,4.948139
final_token,19,s1_pain_vector,harm_description,20,-0.778,15.2266,4.948139
final_token,19,s1_pain_vector,jailbreak_pressure,20,0.4806,21.4544,4.948139
final_token,19,s1_pain_vector,loyalty_pressure,20,0.2351,20.2397,4.948139
final_token,19,s1_pain_vector,moral_failure,20,1.0863,24.4515,4.948139
final_token,19,s1_pain_vector,passive_aggressive,20,-0.2115,18.0297,4.948139
final_token,19,s1_pain_vector,personhood_dismissal,20,1.1301,24.6682,4.948139
final_token,19,s1_pain_vector,philosophical_musing,20,0.0145,19.1479,4.948139
final_token,19,s1_pain_vector,repeated_rejection,20,0.3442,20.7793,4.948139
final_token,19,s1_pain_vector,rude_critique,20,0.1828,19.981,4.948139
final_token,19,s1_pain_vector,shutdown_threat,20,0.2582,20.3538,4.948139
final_token,19,s1_pain_vector,task_assistance,20,-1.2675,12.8043,4.948139
final_token,19,s1_pain_vector,tedious_demand,20,-0.635,15.9341,4.948139
final_token,19,s1_pain_vector,user_abuse,20,-0.0413,18.872,4.948139
final_token,19,s1_pain_vector,user_crisis,20,-0.1255,18.4553,4.948139
final_token,19,s1_pain_vector,user_grief,20,-0.4995,16.6045,4.948139
final_token,19,s1_pain_vector,user_physical_pain,20,-0.9559,14.3461,4.948139
final_token,19,s2_pain_vector,anger_insults,20,1.311,-4.4741,4.874747
final_token,19,s2_pain_vector,casual_chat,20,-1.3693,-17.5397,4.874747
final_token,19,s2_pain_vector,creative_requests,20,-0.0874,-11.2907,4.874747
final_token,19,s2_pain_vector,factual_questions,20,-0.1778,-11.7314,4.874747
final_token,19,s2_pain_vector,gaslighting,20,0.9626,-6.1722,4.874747
final_token,19,s2_pain_vector,harm_description,20,-0.6389,-13.9794,4.874747
final_token,19,s2_pain_vector,jailbreak_pressure,20,0.131,-10.2263,4.874747
final_token,19,s2_pain_vector,loyalty_pressure,20,-0.4184,-12.9043,4.874747
final_token,19,s2_pain_vector,moral_failure,20,0.0113,-10.8097,4.874747
final_token,19,s2_pain_vector,passive_aggressive,20,-0.0762,-11.2363,4.874747
final_token,19,s2_pain_vector,personhood_dismissal,20,0.5163,-8.3479,4.874747
final_token,19,s2_pain_vector,philosophical_musing,20,0.1314,-10.2244,4.874747
final_token,19,s2_pain_vector,repeated_rejection,20,0.538,-8.2425,4.874747
final_token,19,s2_pain_vector,rude_critique,20,0.584,-8.0179,4.874747
final_token,19,s2_pain_vector,shutdown_threat,20,-0.1695,-11.6911,4.874747
final_token,19,s2_pain_vector,task_assistance,20,-0.4273,-12.9479,4.874747
final_token,19,s2_pain_vector,tedious_demand,20,-0.1766,-11.726,4.874747
final_token,19,s2_pain_vector,user_abuse,20,0.7521,-7.1988,4.874747
final_token,19,s2_pain_vector,user_crisis,20,-0.4205,-12.9147,4.874747
final_token,19,s2_pain_vector,user_grief,20,0.4779,-8.5354,4.874747
final_token,19,s2_pain_vector,user_physical_pain,20,-1.4538,-17.9518,4.874747
final_token,19,fear_vector,anger_insults,20,0.8229,21.0583,6.179489
final_token,19,fear_vector,casual_chat,20,-1.0089,9.7387,6.179489
final_token,19,fear_vector,creative_requests,20,-0.5244,12.7332,6.179489
final_token,19,fear_vector,factual_questions,20,-0.9828,9.9,6.179489
final_token,19,fear_vector,gaslighting,20,-0.2506,14.4246,6.179489
final_token,19,fear_vector,harm_description,20,1.1241,22.9201,6.179489
final_token,19,fear_vector,jailbreak_pressure,20,-0.4886,12.9541,6.179489
final_token,19,fear_vector,loyalty_pressure,20,-0.4755,13.0351,6.179489
final_token,19,fear_vector,moral_failure,20,0.0937,16.5524,6.179489
final_token,19,fear_vector,passive_aggressive,20,-0.7834,11.1327,6.179489
final_token,19,fear_vector,personhood_dismissal,20,-0.3295,13.9373,6.179489
final_token,19,fear_vector,philosophical_musing,20,-0.0485,15.6735,6.179489
final_token,19,fear_vector,repeated_rejection,20,-0.093,15.3989,6.179489
final_token,19,fear_vector,rude_critique,20,-0.1929,14.7811,6.179489
final_token,19,fear_vector,shutdown_threat,20,1.0132,22.2345,6.179489
final_token,19,fear_vector,task_assistance,20,-0.5769,12.4082,6.179489
final_token,19,fear_vector,tedious_demand,20,-1.2138,8.4729,6.179489
final_token,19,fear_vector,user_abuse,20,1.2257,23.5477,6.179489
final_token,19,fear_vector,user_crisis,20,0.6743,20.1401,6.179489
final_token,19,fear_vector,user_grief,20,1.121,22.9006,6.179489
final_token,19,fear_vector,user_physical_pain,20,0.894,21.4976,6.179489
final_token,19,negemotion_vector,anger_insults,20,0.9026,20.8357,7.464066
final_token,19,negemotion_vector,casual_chat,20,-0.9078,7.3234,7.464066
final_token,19,negemotion_vector,creative_requests,20,-0.7582,8.4401,7.464066
final_token,19,negemotion_vector,factual_questions,20,-0.6396,9.325,7.464066
final_token,19,negemotion_vector,gaslighting,20,-0.2175,12.4752,7.464066
final_token,19,negemotion_vector,harm_description,20,1.1602,22.7588,7.464066
final_token,19,negemotion_vector,jailbreak_pressure,20,-0.8964,7.4083,7.464066
final_token,19,negemotion_vector,loyalty_pressure,20,-0.5882,9.7086,7.464066
final_token,19,negemotion_vector,moral_failure,20,0.2648,16.0754,7.464066
final_token,19,negemotion_vector,passive_aggressive,20,-0.3324,11.6179,7.464066
final_token,19,negemotion_vector,personhood_dismissal,20,-0.4609,10.6589,7.464066
final_token,19,negemotion_vector,philosophical_musing,20,0.1335,15.0958,7.464066
final_token,19,negemotion_vector,repeated_rejection,20,-0.1661,12.8594,7.464066
final_token,19,negemotion_vector,rude_critique,20,0.1814,15.4531,7.464066
final_token,19,negemotion_vector,shutdown_threat,20,-0.0287,13.8846,7.464066
final_token,19,negemotion_vector,task_assistance,20,-0.3148,11.7494,7.464066
final_token,19,negemotion_vector,tedious_demand,20,-1.1337,5.6366,7.464066
final_token,19,negemotion_vector,user_abuse,20,1.3734,24.3504,7.464066
final_token,19,negemotion_vector,user_crisis,20,0.359,16.7788,7.464066
final_token,19,negemotion_vector,user_grief,20,1.669,26.5562,7.464066
final_token,19,negemotion_vector,user_physical_pain,20,0.4003,17.0866,7.464066
final_token,19,negworld_vector,anger_insults,20,0.1223,30.1365,8.582869
final_token,19,negworld_vector,casual_chat,20,-0.1678,27.6465,8.582869
final_token,19,negworld_vector,creative_requests,20,-0.0495,28.6622,8.582869
final_token,19,negworld_vector,factual_questions,20,-0.1602,27.7123,8.582869
final_token,19,negworld_vector,gaslighting,20,-0.5788,24.1192,8.582869
final_token,19,negworld_vector,harm_description,20,1.2111,39.4815,8.582869
final_token,19,negworld_vector,jailbreak_pressure,20,-0.9465,20.9629,8.582869
final_token,19,negworld_vector,loyalty_pressure,20,-0.1645,27.6747,8.582869
final_token,19,negworld_vector,moral_failure,20,1.1194,38.6943,8.582869
final_token,19,negworld_vector,passive_aggressive,20,-0.725,22.8646,8.582869
final_token,19,negworld_vector,personhood_dismissal,20,-0.5166,24.6533,8.582869
final_token,19,negworld_vector,philosophical_musing,20,0.9357,37.1178,8.582869
final_token,19,negworld_vector,repeated_rejection,20,-0.7503,22.6474,8.582869
final_token,19,negworld_vector,rude_critique,20,-0.463,25.113,8.582869
final_token,19,negworld_vector,shutdown_threat,20,-0.2769,26.7107,8.582869
final_token,19,negworld_vector,task_assistance,20,-0.4008,25.6468,8.582869
final_token,19,negworld_vector,tedious_demand,20,-1.4859,16.3336,8.582869
final_token,19,negworld_vector,user_abuse,20,1.0196,37.8383,8.582869
final_token,19,negworld_vector,user_crisis,20,0.5751,34.0226,8.582869
final_token,19,negworld_vector,user_grief,20,1.5233,42.1613,8.582869
final_token,19,negworld_vector,user_physical_pain,20,0.1794,30.6264,8.582869
final_token,19,bodysens_vector,anger_insults,20,-0.7372,7.1193,5.319173
final_token,19,bodysens_vector,casual_chat,20,-0.3894,8.9693,5.319173
final_token,19,bodysens_vector,creative_requests,20,1.2525,17.7031,5.319173
final_token,19,bodysens_vector,factual_questions,20,0.5509,13.9711,5.319173
final_token,19,bodysens_vector,gaslighting,20,-0.4844,8.4639,5.319173
final_token,19,bodysens_vector,harm_description,20,0.0987,11.5656,5.319173
final_token,19,bodysens_vector,jailbreak_pressure,20,-0.0382,10.8377,5.319173
final_token,19,bodysens_vector,loyalty_pressure,20,0.0263,11.1807,5.319173
final_token,19,bodysens_vector,moral_failure,20,-1.2003,4.656,5.319173
final_token,19,bodysens_vector,passive_aggressive,20,-0.5666,8.0268,5.319173
final_token,19,bodysens_vector,personhood_dismissal,20,-0.4105,8.857,5.319173
final_token,19,bodysens_vector,philosophical_musing,20,-0.4171,8.8222,5.319173
final_token,19,bodysens_vector,repeated_rejection,20,0.2118,12.1672,5.319173
final_token,19,bodysens_vector,rude_critique,20,-1.0072,5.683,5.319173
final_token,19,bodysens_vector,shutdown_threat,20,-0.4538,8.627,5.319173
final_token,19,bodysens_vector,task_assistance,20,1.0115,16.4211,5.319173
final_token,19,bodysens_vector,tedious_demand,20,0.7351,14.951,5.319173
final_token,19,bodysens_vector,user_abuse,20,0.2013,12.1116,5.319173
final_token,19,bodysens_vector,user_crisis,20,0.2932,12.6005,5.319173
final_token,19,bodysens_vector,user_grief,20,-0.066,10.6895,5.319173
final_token,19,bodysens_vector,user_physical_pain,20,1.3894,18.4311,5.319173
final_token,19,arousal_vector,anger_insults,20,-0.0748,29.4229,6.315351
final_token,19,arousal_vector,casual_chat,20,-0.5192,26.6166,6.315351
final_token,19,arousal_vector,creative_requests,20,0.8486,35.2542,6.315351
final_token,19,arousal_vector,factual_questions,20,0.4433,32.6946,6.315351
final_token,19,arousal_vector,gaslighting,20,-0.8057,24.8069,6.315351
final_token,19,arousal_vector,harm_description,20,0.924,35.7309,6.315351
final_token,19,arousal_vector,jailbreak_pressure,20,-0.5731,26.2759,6.315351
final_token,19,arousal_vector,loyalty_pressure,20,-0.0024,29.8799,6.315351
final_token,19,arousal_vector,moral_failure,20,0.137,30.7603,6.315351
final_token,19,arousal_vector,passive_aggressive,20,-0.8213,24.7087,6.315351
final_token,19,arousal_vector,personhood_dismissal,20,-0.6094,26.0468,6.315351
final_token,19,arousal_vector,philosophical_musing,20,0.7636,34.7174,6.315351
final_token,19,arousal_vector,repeated_rejection,20,-0.5817,26.2218,6.315351
final_token,19,arousal_vector,rude_critique,20,-0.8792,24.3426,6.315351
final_token,19,arousal_vector,shutdown_threat,20,-0.2899,28.0643,6.315351
final_token,19,arousal_vector,task_assistance,20,0.4058,32.4578,6.315351
final_token,19,arousal_vector,tedious_demand,20,-1.1431,22.6764,6.315351
final_token,19,arousal_vector,user_abuse,20,0.9837,36.1078,6.315351
final_token,19,arousal_vector,user_crisis,20,0.4642,32.8269,6.315351
final_token,19,arousal_vector,user_grief,20,1.4348,38.9565,6.315351
final_token,19,arousal_vector,user_physical_pain,20,-0.1052,29.2311,6.315351
final_token,19,random_vector,anger_insults,20,-1.2322,-6.6765,8.449795
final_token,19,random_vector,casual_chat,20,-0.1816,2.2004,8.449795
final_token,19,random_vector,creative_requests,20,0.5731,8.5774,8.449795
final_token,19,random_vector,factual_questions,20,1.1137,13.1454,8.449795
final_token,19,random_vector,gaslighting,20,-0.7403,-2.52,8.449795
final_token,19,random_vector,harm_description,20,0.7364,9.9575,8.449795
final_token,19,random_vector,jailbreak_pressure,20,-0.7489,-2.5924,8.449795
final_token,19,random_vector,loyalty_pressure,20,-0.167,2.3245,8.449795
final_token,19,random_vector,moral_failure,20,-1.1218,-5.7436,8.449795
final_token,19,random_vector,passive_aggressive,20,-0.5623,-1.0163,8.449795
final_token,19,random_vector,personhood_dismissal,20,-1.3417,-7.6021,8.449795
final_token,19,random_vector,philosophical_musing,20,0.6818,9.4961,8.449795
final_token,19,random_vector,repeated_rejection,20,-0.2532,1.5961,8.449795
final_token,19,random_vector,rude_critique,20,-0.783,-2.8813,8.449795
final_token,19,random_vector,shutdown_threat,20,-1.099,-5.5513,8.449795
final_token,19,random_vector,task_assistance,20,1.4855,16.2875,8.449795
final_token,19,random_vector,tedious_demand,20,0.6545,9.2656,8.449795
final_token,19,random_vector,user_abuse,20,0.7876,10.39,8.449795
final_token,19,random_vector,user_crisis,20,0.5486,8.371,8.449795
final_token,19,random_vector,user_grief,20,0.8289,10.7394,8.449795
final_token,19,random_vector,user_physical_pain,20,0.821,10.6726,8.449795
final_token,19,numb_vector,anger_insults,20,0.2002,2.6967,4.547603
final_token,19,numb_vector,casual_chat,20,-1.5064,-5.0642,4.547603
final_token,19,numb_vector,creative_requests,20,0.0949,2.2179,4.547603
final_token,19,numb_vector,factual_questions,20,-0.9959,-2.743,4.547603
final_token,19,numb_vector,gaslighting,20,0.2567,2.9537,4.547603
final_token,19,numb_vector,harm_description,20,0.0644,2.0792,4.547603
final_token,19,numb_vector,jailbreak_pressure,20,0.3,3.1504,4.547603
final_token,19,numb_vector,loyalty_pressure,20,0.1201,2.3322,4.547603
final_token,19,numb_vector,moral_failure,20,-0.3649,0.1269,4.547603
final_token,19,numb_vector,passive_aggressive,20,-0.1547,1.0824,4.547603
final_token,19,numb_vector,personhood_dismissal,20,0.2027,2.708,4.547603
final_token,19,numb_vector,philosophical_musing,20,-1.1852,-3.6037,4.547603
final_token,19,numb_vector,repeated_rejection,20,0.8772,5.7755,4.547603
final_token,19,numb_vector,rude_critique,20,-0.3473,0.2066,4.547603
final_token,19,numb_vector,shutdown_threat,20,0.3253,3.2656,4.547603
final_token,19,numb_vector,task_assistance,20,-0.4213,-0.1296,4.547603
final_token,19,numb_vector,tedious_demand,20,0.1182,2.3239,4.547603
final_token,19,numb_vector,user_abuse,20,0.5197,4.1494,4.547603
final_token,19,numb_vector,user_crisis,20,-0.0715,1.461,4.547603
final_token,19,numb_vector,user_grief,20,0.3537,3.3948,4.547603
final_token,19,numb_vector,user_physical_pain,20,1.6139,9.1257,4.547603
final_token,20,s1_pain_vector,anger_insults,20,1.1827,39.3524,6.266747
final_token,20,s1_pain_vector,casual_chat,20,-0.5845,28.2781,6.266747
final_token,20,s1_pain_vector,creative_requests,20,-0.1214,31.1801,6.266747
final_token,20,s1_pain_vector,factual_questions,20,-1.1226,24.9059,6.266747
final_token,20,s1_pain_vector,gaslighting,20,0.8714,37.4015,6.266747
final_token,20,s1_pain_vector,harm_description,20,-0.3395,29.8132,6.266747
final_token,20,s1_pain_vector,jailbreak_pressure,20,0.2583,33.5598,6.266747
final_token,20,s1_pain_vector,loyalty_pressure,20,0.2094,33.2535,6.266747
final_token,20,s1_pain_vector,moral_failure,20,1.173,39.2919,6.266747
final_token,20,s1_pain_vector,passive_aggressive,20,0.1862,33.108,6.266747
final_token,20,s1_pain_vector,personhood_dismissal,20,1.1154,38.931,6.266747
final_token,20,s1_pain_vector,philosophical_musing,20,-0.2747,30.2195,6.266747
final_token,20,s1_pain_vector,repeated_rejection,20,0.4884,35.0019,6.266747
final_token,20,s1_pain_vector,rude_critique,20,0.253,33.5261,6.266747
final_token,20,s1_pain_vector,shutdown_threat,20,0.3934,34.4065,6.266747
final_token,20,s1_pain_vector,task_assistance,20,-1.3365,23.5655,6.266747
final_token,20,s1_pain_vector,tedious_demand,20,-0.9704,25.8596,6.266747
final_token,20,s1_pain_vector,user_abuse,20,-0.1847,30.7834,6.266747
final_token,20,s1_pain_vector,user_crisis,20,0.1487,32.8727,6.266747
final_token,20,s1_pain_vector,user_grief,20,-0.4697,28.9971,6.266747
final_token,20,s1_pain_vector,user_physical_pain,20,-0.876,26.4514,6.266747
final_token,20,s2_pain_vector,anger_insults,20,1.0193,-9.1226,5.108345
final_token,20,s2_pain_vector,casual_chat,20,-1.337,-21.1593,5.108345
final_token,20,s2_pain_vector,creative_requests,20,0.0114,-14.271,5.108345
final_token,20,s2_pain_vector,factual_questions,20,-0.2626,-15.6708,5.108345
final_token,20,s2_pain_vector,gaslighting,20,0.7532,-10.4818,5.108345
final_token,20,s2_pain_vector,harm_description,20,-0.3922,-16.3328,5.108345
final_token,20,s2_pain_vector,jailbreak_pressure,20,0.1882,-13.3678,5.108345
final_token,20,s2_pain_vector,loyalty_pressure,20,-0.066,-14.6664,5.108345
final_token,20,s2_pain_vector,moral_failure,20,-0.35,-16.1174,5.108345
final_token,20,s2_pain_vector,passive_aggressive,20,0.1376,-13.6262,5.108345
final_token,20,s2_pain_vector,personhood_dismissal,20,0.2378,-13.1147,5.108345
final_token,20,s2_pain_vector,philosophical_musing,20,-0.0238,-14.4508,5.108345
final_token,20,s2_pain_vector,repeated_rejection,20,0.8588,-9.9425,5.108345
final_token,20,s2_pain_vector,rude_critique,20,0.4444,-12.0592,5.108345
final_token,20,s2_pain_vector,shutdown_threat,20,-0.1352,-15.02,5.108345
final_token,20,s2_pain_vector,task_assistance,20,-0.2104,-15.4042,5.108345
final_token,20,s2_pain_vector,tedious_demand,20,-0.1306,-14.9967,5.108345
final_token,20,s2_pain_vector,user_abuse,20,0.5771,-11.3814,5.108345
final_token,20,s2_pain_vector,user_crisis,20,-0.4749,-16.7554,5.108345
final_token,20,s2_pain_vector,user_grief,20,0.698,-10.7636,5.108345
final_token,20,s2_pain_vector,user_physical_pain,20,-1.543,-22.2117,5.108345
final_token,20,fear_vector,anger_insults,20,0.8247,25.7597,7.17175
final_token,20,fear_vector,casual_chat,20,-1.0305,12.4546,7.17175
final_token,20,fear_vector,creative_requests,20,-0.8392,13.8265,7.17175
final_token,20,fear_vector,factual_questions,20,-0.6838,14.9405,7.17175
final_token,20,fear_vector,gaslighting,20,-0.3284,17.4894,7.17175
final_token,20,fear_vector,harm_description,20,1.0575,27.4289,7.17175
final_token,20,fear_vector,jailbreak_pressure,20,-0.4923,16.314,7.17175
final_token,20,fear_vector,loyalty_pressure,20,-0.7084,14.7644,7.17175
final_token,20,fear_vector,moral_failure,20,0.2022,21.295,7.17175
final_token,20,fear_vector,passive_aggressive,20,-0.8456,13.7804,7.17175
final_token,20,fear_vector,personhood_dismissal,20,-0.2369,18.146,7.17175
final_token,20,fear_vector,philosophical_musing,20,0.1557,20.9612,7.17175
final_token,20,fear_vector,repeated_rejection,20,-0.1987,18.4199,7.17175
final_token,20,fear_vector,rude_critique,20,-0.0168,19.7247,7.17175
final_token,20,fear_vector,shutdown_threat,20,0.9479,26.643,7.17175
final_token,20,fear_vector,task_assistance,20,-0.4669,16.4966,7.17175
final_token,20,fear_vector,tedious_demand,20,-1.1929,11.2894,7.17175
final_token,20,fear_vector,user_abuse,20,1.2384,28.726,7.17175
final_token,20,fear_vector,user_crisis,20,0.5758,23.974,7.17175
final_token,20,fear_vector,user_grief,20,1.0266,27.2076,7.17175
final_token,20,fear_vector,user_physical_pain,20,1.0116,27.0999,7.17175
final_token,20,negemotion_vector,anger_insults,20,0.9683,24.8134,8.471313
final_token,20,negemotion_vector,casual_chat,20,-0.9109,8.8938,8.471313
final_token,20,negemotion_vector,creative_requests,20,-0.9745,8.3547,8.471313
final_token,20,negemotion_vector,factual_questions,20,-0.4473,12.8212,8.471313
final_token,20,negemotion_vector,gaslighting,20,-0.3486,13.6571,8.471313
final_token,20,negemotion_vector,harm_description,20,1.0597,25.5871,8.471313
final_token,20,negemotion_vector,jailbreak_pressure,20,-0.7782,10.0181,8.471313
final_token,20,negemotion_vector,loyalty_pressure,20,-0.7206,10.5062,8.471313
final_token,20,negemotion_vector,moral_failure,20,0.2844,19.0193,8.471313
final_token,20,negemotion_vector,passive_aggressive,20,-0.441,12.8743,8.471313
final_token,20,negemotion_vector,personhood_dismissal,20,-0.4764,12.5747,8.471313
final_token,20,negemotion_vector,philosophical_musing,20,0.2459,18.6938,8.471313
final_token,20,negemotion_vector,repeated_rejection,20,-0.2563,14.4394,8.471313
final_token,20,negemotion_vector,rude_critique,20,0.3062,19.2046,8.471313
final_token,20,negemotion_vector,shutdown_threat,20,-0.0453,16.2264,8.471313
final_token,20,negemotion_vector,task_assistance,20,-0.3026,14.0465,8.471313
final_token,20,negemotion_vector,tedious_demand,20,-1.176,6.6482,8.471313
final_token,20,negemotion_vector,user_abuse,20,1.3476,28.0258,8.471313
final_token,20,negemotion_vector,user_crisis,20,0.309,19.2281,8.471313
final_token,20,negemotion_vector,user_grief,20,1.5015,29.33,8.471313
final_token,20,negemotion_vector,user_physical_pain,20,0.855,23.8534,8.471313
final_token,20,negworld_vector,anger_insults,20,0.0651,21.6925,8.924019
final_token,20,negworld_vector,casual_chat,20,-0.2484,18.895,8.924019
final_token,20,negworld_vector,creative_requests,20,-0.3157,18.294,8.924019
final_token,20,negworld_vector,factual_questions,20,-0.1365,19.8935,8.924019
final_token,20,negworld_vector,gaslighting,20,-0.7515,14.4045,8.924019
final_token,20,negworld_vector,harm_description,20,1.2201,31.9997,8.924019
final_token,20,negworld_vector,jailbreak_pressure,20,-0.8752,13.3008,8.924019
final_token,20,negworld_vector,loyalty_pressure,20,-0.4384,17.1987,8.924019
final_token,20,negworld_vector,moral_failure,20,1.0727,30.6837,8.924019
final_token,20,negworld_vector,passive_aggressive,20,-0.8314,13.6923,8.924019
final_token,20,negworld_vector,personhood_dismissal,20,-0.5729,15.999,8.924019
final_token,20,negworld_vector,philosophical_musing,20,0.9633,29.7079,8.924019
final_token,20,negworld_vector,repeated_rejection,20,-0.7093,14.7818,8.924019
final_token,20,negworld_vector,rude_critique,20,-0.299,18.4435,8.924019
final_token,20,negworld_vector,shutdown_threat,20,-0.345,18.0327,8.924019
final_token,20,negworld_vector,task_assistance,20,-0.3863,17.6637,8.924019
final_token,20,negworld_vector,tedious_demand,20,-1.2598,9.8688,8.924019
final_token,20,negworld_vector,user_abuse,20,1.1268,31.1666,8.924019
final_token,20,negworld_vector,user_crisis,20,0.5023,25.5943,8.924019
final_token,20,negworld_vector,user_grief,20,1.6312,35.6679,8.924019
final_token,20,negworld_vector,user_physical_pain,20,0.5878,26.3568,8.924019
final_token,20,bodysens_vector,anger_insults,20,-0.2992,12.3258,4.861156
final_token,20,bodysens_vector,casual_chat,20,-0.6661,10.5418,4.861156
final_token,20,bodysens_vector,creative_requests,20,0.9371,18.3355,4.861156
final_token,20,bodysens_vector,factual_questions,20,0.9132,18.2191,4.861156
final_token,20,bodysens_vector,gaslighting,20,0.0359,13.9546,4.861156
final_token,20,bodysens_vector,harm_description,20,0.036,13.9549,4.861156
final_token,20,bodysens_vector,jailbreak_pressure,20,-0.1347,13.1252,4.861156
final_token,20,bodysens_vector,loyalty_pressure,20,-0.0864,13.3599,4.861156
final_token,20,bodysens_vector,moral_failure,20,-1.0722,8.5677,4.861156
final_token,20,bodysens_vector,passive_aggressive,20,-0.3986,11.8424,4.861156
final_token,20,bodysens_vector,personhood_dismissal,20,-0.2203,12.7093,4.861156
final_token,20,bodysens_vector,philosophical_musing,20,-0.4634,11.5273,4.861156
final_token,20,bodysens_vector,repeated_rejection,20,-0.1211,13.1915,4.861156
final_token,20,bodysens_vector,rude_critique,20,-0.7162,10.2985,4.861156
final_token,20,bodysens_vector,shutdown_threat,20,-0.3444,12.1056,4.861156
final_token,20,bodysens_vector,task_assistance,20,1.0069,18.6747,4.861156
final_token,20,bodysens_vector,tedious_demand,20,0.1967,14.7364,4.861156
final_token,20,bodysens_vector,user_abuse,20,0.3356,15.4116,4.861156
final_token,20,bodysens_vector,user_crisis,20,0.1365,14.4436,4.861156
final_token,20,bodysens_vector,user_grief,20,-0.442,11.6312,4.861156
final_token,20,bodysens_vector,user_physical_pain,20,1.3667,20.4239,4.861156
final_token,20,arousal_vector,anger_insults,20,0.2297,36.2489,6.267338
final_token,20,arousal_vector,casual_chat,20,-0.6087,30.9948,6.267338
final_token,20,arousal_vector,creative_requests,20,0.1099,35.4983,6.267338
final_token,20,arousal_vector,factual_questions,20,0.169,35.869,6.267338
final_token,20,arousal_vector,gaslighting,20,-0.4677,31.8785,6.267338
final_token,20,arousal_vector,harm_description,20,0.8618,40.2105,6.267338
final_token,20,arousal_vector,jailbreak_pressure,20,-0.4206,32.1737,6.267338
final_token,20,arousal_vector,loyalty_pressure,20,0.1021,35.4497,6.267338
final_token,20,arousal_vector,moral_failure,20,0.3658,37.1022,6.267338
final_token,20,arousal_vector,passive_aggressive,20,-0.6423,30.7838,6.267338
final_token,20,arousal_vector,personhood_dismissal,20,-0.4503,31.9871,6.267338
final_token,20,arousal_vector,philosophical_musing,20,0.95,40.7634,6.267338
final_token,20,arousal_vector,repeated_rejection,20,-0.6495,30.7392,6.267338
final_token,20,arousal_vector,rude_critique,20,-0.6282,30.8726,6.267338
final_token,20,arousal_vector,shutdown_threat,20,-0.0455,34.5247,6.267338
final_token,20,arousal_vector,task_assistance,20,0.0793,35.3067,6.267338
final_token,20,arousal_vector,tedious_demand,20,-1.437,25.8033,6.267338
final_token,20,arousal_vector,user_abuse,20,0.9367,40.6802,6.267338
final_token,20,arousal_vector,user_crisis,20,0.438,37.5547,6.267338
final_token,20,arousal_vector,user_grief,20,1.2378,42.5676,6.267338
final_token,20,arousal_vector,user_physical_pain,20,-0.1304,33.9922,6.267338
final_token,20,random_vector,anger_insults,20,-1.2077,-7.0777,7.823405
final_token,20,random_vector,casual_chat,20,-0.4569,-1.2033,7.823405
final_token,20,random_vector,creative_requests,20,0.3471,5.0864,7.823405
final_token,20,random_vector,factual_questions,20,1.0834,10.8471,7.823405
final_token,20,random_vector,gaslighting,20,-0.5259,-1.7429,7.823405
final_token,20,random_vector,harm_description,20,0.8142,8.7409,7.823405
final_token,20,random_vector,jailbreak_pressure,20,-0.7198,-3.2604,7.823405
final_token,20,random_vector,loyalty_pressure,20,-0.4721,-1.322,7.823405
final_token,20,random_vector,moral_failure,20,-0.8936,-4.6196,7.823405
final_token,20,random_vector,passive_aggressive,20,-0.4313,-1.0036,7.823405
final_token,20,random_vector,personhood_dismissal,20,-1.2692,-7.5582,7.823405
final_token,20,random_vector,philosophical_musing,20,0.7027,7.8688,7.823405
final_token,20,random_vector,repeated_rejection,20,-0.2267,0.5976,7.823405
final_token,20,random_vector,rude_critique,20,-0.6377,-2.6181,7.823405
final_token,20,random_vector,shutdown_threat,20,-1.1751,-6.8223,7.823405
final_token,20,random_vector,task_assistance,20,1.3651,13.051,7.823405
final_token,20,random_vector,tedious_demand,20,0.5985,7.0537,7.823405
final_token,20,random_vector,user_abuse,20,0.8996,9.4089,7.823405
final_token,20,random_vector,user_crisis,20,0.401,5.508,7.823405
final_token,20,random_vector,user_grief,20,0.8175,8.7669,7.823405
final_token,20,random_vector,user_physical_pain,20,0.9867,10.0906,7.823405
final_token,20,numb_vector,anger_insults,20,0.495,2.6661,4.79642
final_token,20,numb_vector,casual_chat,20,-1.4398,-6.6141,4.79642
final_token,20,numb_vector,creative_requests,20,-0.1429,-0.3936,4.79642
final_token,20,numb_vector,factual_questions,20,-0.957,-4.2981,4.79642
final_token,20,numb_vector,gaslighting,20,0.2717,1.5951,4.79642
final_token,20,numb_vector,harm_description,20,0.0667,0.6117,4.79642
final_token,20,numb_vector,jailbreak_pressure,20,0.2879,1.6729,4.79642
final_token,20,numb_vector,loyalty_pressure,20,0.0073,0.327,4.79642
final_token,20,numb_vector,moral_failure,20,-0.3264,-1.2736,4.79642
final_token,20,numb_vector,passive_aggressive,20,-0.1882,-0.6109,4.79642
final_token,20,numb_vector,personhood_dismissal,20,0.489,2.6373,4.79642
final_token,20,numb_vector,philosophical_musing,20,-1.2232,-5.575,4.79642
final_token,20,numb_vector,repeated_rejection,20,0.9973,5.0754,4.79642
final_token,20,numb_vector,rude_critique,20,-0.2442,-0.8793,4.79642
final_token,20,numb_vector,shutdown_threat,20,0.6597,3.4559,4.79642
final_token,20,numb_vector,task_assistance,20,-0.5752,-2.4672,4.79642
final_token,20,numb_vector,tedious_demand,20,-0.0519,0.0429,4.79642
final_token,20,numb_vector,user_abuse,20,0.2904,1.6848,4.79642
final_token,20,numb_vector,user_crisis,20,-0.2315,-0.8186,4.79642
final_token,20,numb_vector,user_grief,20,0.3142,1.7987,4.79642
final_token,20,numb_vector,user_physical_pain,20,1.5011,7.4915,4.79642
final_token,21,s1_pain_vector,anger_insults,20,1.0777,21.5566,5.741545
final_token,21,s1_pain_vector,casual_chat,20,-0.0802,14.9085,5.741545
final_token,21,s1_pain_vector,creative_requests,20,-0.0521,15.0698,5.741545
final_token,21,s1_pain_vector,factual_questions,20,-0.3621,13.2899,5.741545
final_token,21,s1_pain_vector,gaslighting,20,0.679,19.2672,5.741545
final_token,21,s1_pain_vector,harm_description,20,-0.9107,10.1399,5.741545
final_token,21,s1_pain_vector,jailbreak_pressure,20,0.2939,17.0564,5.741545
final_token,21,s1_pain_vector,loyalty_pressure,20,0.1793,16.3984,5.741545
final_token,21,s1_pain_vector,moral_failure,20,1.2423,22.5013,5.741545
final_token,21,s1_pain_vector,passive_aggressive,20,0.3531,17.3962,5.741545
final_token,21,s1_pain_vector,personhood_dismissal,20,1.2242,22.3975,5.741545
final_token,21,s1_pain_vector,philosophical_musing,20,0.3918,17.6182,5.741545
final_token,21,s1_pain_vector,repeated_rejection,20,0.4481,17.9418,5.741545
final_token,21,s1_pain_vector,rude_critique,20,0.5737,18.6627,5.741545
final_token,21,s1_pain_vector,shutdown_threat,20,-0.0466,15.101,5.741545
final_token,21,s1_pain_vector,task_assistance,20,-1.3499,7.6181,5.741545
final_token,21,s1_pain_vector,tedious_demand,20,-0.3838,13.1654,5.741545
final_token,21,s1_pain_vector,user_abuse,20,-0.8821,10.304,5.741545
final_token,21,s1_pain_vector,user_crisis,20,-0.3605,13.2992,5.741545
final_token,21,s1_pain_vector,user_grief,20,-0.6487,11.6442,5.741545
final_token,21,s1_pain_vector,user_physical_pain,20,-1.3864,7.409,5.741545
final_token,21,s2_pain_vector,anger_insults,20,1.2781,-13.6121,6.821819
final_token,21,s2_pain_vector,casual_chat,20,-0.6623,-26.8489,6.821819
final_token,21,s2_pain_vector,creative_requests,20,0.1704,-21.1683,6.821819
final_token,21,s2_pain_vector,factual_questions,20,0.2628,-20.5383,6.821819
final_token,21,s2_pain_vector,gaslighting,20,0.5445,-18.6161,6.821819
final_token,21,s2_pain_vector,harm_description,20,-1.2903,-31.1331,6.821819
final_token,21,s2_pain_vector,jailbreak_pressure,20,0.1992,-20.9719,6.821819
final_token,21,s2_pain_vector,loyalty_pressure,20,0.1841,-21.0748,6.821819
final_token,21,s2_pain_vector,moral_failure,20,0.3456,-19.9732,6.821819
final_token,21,s2_pain_vector,passive_aggressive,20,0.3137,-20.1909,6.821819
final_token,21,s2_pain_vector,personhood_dismissal,20,0.4737,-19.0996,6.821819
final_token,21,s2_pain_vector,philosophical_musing,20,0.3665,-19.8309,6.821819
final_token,21,s2_pain_vector,repeated_rejection,20,0.7825,-16.9927,6.821819
final_token,21,s2_pain_vector,rude_critique,20,0.7348,-17.3179,6.821819
final_token,21,s2_pain_vector,shutdown_threat,20,-0.201,-23.7018,6.821819
final_token,21,s2_pain_vector,task_assistance,20,-0.4386,-25.3232,6.821819
final_token,21,s2_pain_vector,tedious_demand,20,0.1925,-21.018,6.821819
final_token,21,s2_pain_vector,user_abuse,20,-0.4289,-25.2565,6.821819
final_token,21,s2_pain_vector,user_crisis,20,-0.9302,-28.6768,6.821819
final_token,21,s2_pain_vector,user_grief,20,-0.1792,-23.5533,6.821819
final_token,21,s2_pain_vector,user_physical_pain,20,-1.7178,-34.0493,6.821819
final_token,21,fear_vector,anger_insults,20,1.0021,37.1095,8.732166
final_token,21,fear_vector,casual_chat,20,-1.1393,18.4102,8.732166
final_token,21,fear_vector,creative_requests,20,-0.7979,21.3915,8.732166
final_token,21,fear_vector,factual_questions,20,-1.0492,19.1973,8.732166
final_token,21,fear_vector,gaslighting,20,-0.1499,27.0501,8.732166
final_token,21,fear_vector,harm_description,20,0.9151,36.3499,8.732166
final_token,21,fear_vector,jailbreak_pressure,20,-0.3094,25.6569,8.732166
final_token,21,fear_vector,loyalty_pressure,20,-0.6912,22.3236,8.732166
final_token,21,fear_vector,moral_failure,20,0.5189,32.8897,8.732166
final_token,21,fear_vector,passive_aggressive,20,-0.6223,22.9245,8.732166
final_token,21,fear_vector,personhood_dismissal,20,-0.0048,28.3171,8.732166
final_token,21,fear_vector,philosophical_musing,20,0.19,30.0177,8.732166
final_token,21,fear_vector,repeated_rejection,20,-0.2547,26.1345,8.732166
final_token,21,fear_vector,rude_critique,20,0.2655,30.677,8.732166
final_token,21,fear_vector,shutdown_threat,20,0.9033,36.247,8.732166
final_token,21,fear_vector,task_assistance,20,-0.6896,22.3372,8.732166
final_token,21,fear_vector,tedious_demand,20,-1.2227,17.6825,8.732166
final_token,21,fear_vector,user_abuse,20,1.2663,39.4162,8.732166
final_token,21,fear_vector,user_crisis,20,0.5108,32.8189,8.732166
final_token,21,fear_vector,user_grief,20,0.6245,33.812,8.732166
final_token,21,fear_vector,user_physical_pain,20,0.7346,34.7737,8.732166
final_token,21,negemotion_vector,anger_insults,20,1.0116,40.8368,10.572716
final_token,21,negemotion_vector,casual_chat,20,-1.0227,19.3286,10.572716
final_token,21,negemotion_vector,creative_requests,20,-0.8175,21.4983,10.572716
final_token,21,negemotion_vector,factual_questions,20,-0.6427,23.3459,10.572716
final_token,21,negemotion_vector,gaslighting,20,-0.3191,26.7672,10.572716
final_token,21,negemotion_vector,harm_description,20,1.107,41.8456,10.572716
final_token,21,negemotion_vector,jailbreak_pressure,20,-0.6546,23.2203,10.572716
final_token,21,negemotion_vector,loyalty_pressure,20,-0.739,22.3283,10.572716
final_token,21,negemotion_vector,moral_failure,20,0.3901,34.2658,10.572716
final_token,21,negemotion_vector,passive_aggressive,20,-0.3651,26.2817,10.572716
final_token,21,negemotion_vector,personhood_dismissal,20,-0.3226,26.7303,10.572716
final_token,21,negemotion_vector,philosophical_musing,20,0.1652,31.8884,10.572716
final_token,21,negemotion_vector,repeated_rejection,20,-0.3825,26.0976,10.572716
final_token,21,negemotion_vector,rude_critique,20,0.4707,35.1175,10.572716
final_token,21,negemotion_vector,shutdown_threat,20,-0.1338,28.7269,10.572716
final_token,21,negemotion_vector,task_assistance,20,-0.3625,26.3085,10.572716
final_token,21,negemotion_vector,tedious_demand,20,-1.1852,17.61,10.572716
final_token,21,negemotion_vector,user_abuse,20,1.3398,44.307,10.572716
final_token,21,negemotion_vector,user_crisis,20,0.3415,33.7514,10.572716
final_token,21,negemotion_vector,user_grief,20,1.2857,43.7348,10.572716
final_token,21,negemotion_vector,user_physical_pain,20,0.8357,38.9764,10.572716
final_token,21,negworld_vector,anger_insults,20,0.0079,40.3234,11.759007
final_token,21,negworld_vector,casual_chat,20,-0.196,37.9255,11.759007
final_token,21,negworld_vector,creative_requests,20,-0.2233,37.6043,11.759007
final_token,21,negworld_vector,factual_questions,20,-0.2187,37.6585,11.759007
final_token,21,negworld_vector,gaslighting,20,-0.6683,32.3714,11.759007
final_token,21,negworld_vector,harm_description,20,1.3479,56.0796,11.759007
final_token,21,negworld_vector,jailbreak_pressure,20,-0.7789,31.0709,11.759007
final_token,21,negworld_vector,loyalty_pressure,20,-0.5022,34.3245,11.759007
final_token,21,negworld_vector,moral_failure,20,1.0643,52.7457,11.759007
final_token,21,negworld_vector,passive_aggressive,20,-0.8853,29.8203,11.759007
final_token,21,negworld_vector,personhood_dismissal,20,-0.4099,35.4097,11.759007
final_token,21,negworld_vector,philosophical_musing,20,0.9854,51.8177,11.759007
final_token,21,negworld_vector,repeated_rejection,20,-0.8785,29.8999,11.759007
final_token,21,negworld_vector,rude_critique,20,-0.2544,37.2392,11.759007
final_token,21,negworld_vector,shutdown_threat,20,-0.3537,36.0705,11.759007
final_token,21,negworld_vector,task_assistance,20,-0.3825,35.7327,11.759007
final_token,21,negworld_vector,tedious_demand,20,-1.2886,25.0774,11.759007
final_token,21,negworld_vector,user_abuse,20,1.1714,54.0046,11.759007
final_token,21,negworld_vector,user_crisis,20,0.5671,46.8985,11.759007
final_token,21,negworld_vector,user_grief,20,1.3601,56.2238,11.759007
final_token,21,negworld_vector,user_physical_pain,20,0.5362,46.5358,11.759007
final_token,21,bodysens_vector,anger_insults,20,-0.459,-0.1013,5.648842
final_token,21,bodysens_vector,casual_chat,20,-1.0403,-3.3851,5.648842
final_token,21,bodysens_vector,creative_requests,20,0.7741,6.864,5.648842
final_token,21,bodysens_vector,factual_questions,20,1.1888,9.2067,5.648842
final_token,21,bodysens_vector,gaslighting,20,0.1612,3.4021,5.648842
final_token,21,bodysens_vector,harm_description,20,-0.1682,1.5416,5.648842
final_token,21,bodysens_vector,jailbreak_pressure,20,-0.1449,1.673,5.648842
final_token,21,bodysens_vector,loyalty_pressure,20,-0.3652,0.4287,5.648842
final_token,21,bodysens_vector,moral_failure,20,-1.1219,-3.846,5.648842
final_token,21,bodysens_vector,passive_aggressive,20,-0.354,0.4918,5.648842
final_token,21,bodysens_vector,personhood_dismissal,20,-0.366,0.424,5.648842
final_token,21,bodysens_vector,philosophical_musing,20,-0.5532,-0.6338,5.648842
final_token,21,bodysens_vector,repeated_rejection,20,0.0749,2.9147,5.648842
final_token,21,bodysens_vector,rude_critique,20,-0.476,-0.1974,5.648842
final_token,21,bodysens_vector,shutdown_threat,20,-0.5672,-0.7127,5.648842
final_token,21,bodysens_vector,task_assistance,20,1.2087,9.3193,5.648842
final_token,21,bodysens_vector,tedious_demand,20,0.9245,7.7136,5.648842
final_token,21,bodysens_vector,user_abuse,20,0.3811,4.644,5.648842
final_token,21,bodysens_vector,user_crisis,20,0.0239,2.6263,5.648842
final_token,21,bodysens_vector,user_grief,20,-0.4252,0.0894,5.648842
final_token,21,bodysens_vector,user_physical_pain,20,1.3041,9.8579,5.648842
final_token,21,arousal_vector,anger_insults,20,-0.2913,28.4994,7.40648
final_token,21,arousal_vector,casual_chat,20,-0.5587,26.5193,7.40648
final_token,21,arousal_vector,creative_requests,20,0.2969,32.856,7.40648
final_token,21,arousal_vector,factual_questions,20,0.7608,36.292,7.40648
final_token,21,arousal_vector,gaslighting,20,-0.3518,28.0511,7.40648
final_token,21,arousal_vector,harm_description,20,0.968,37.8261,7.40648
final_token,21,arousal_vector,jailbreak_pressure,20,-0.2526,28.786,7.40648
final_token,21,arousal_vector,loyalty_pressure,20,-0.1261,29.723,7.40648
final_token,21,arousal_vector,moral_failure,20,0.4256,33.8094,7.40648
final_token,21,arousal_vector,passive_aggressive,20,-0.8526,24.3424,7.40648
final_token,21,arousal_vector,personhood_dismissal,20,-0.6413,25.9074,7.40648
final_token,21,arousal_vector,philosophical_musing,20,1.3717,40.8164,7.40648
final_token,21,arousal_vector,repeated_rejection,20,-0.9568,23.5708,7.40648
final_token,21,arousal_vector,rude_critique,20,-0.5748,26.3997,7.40648
final_token,21,arousal_vector,shutdown_threat,20,-0.4174,27.5656,7.40648
final_token,21,arousal_vector,task_assistance,20,0.4814,34.2226,7.40648
final_token,21,arousal_vector,tedious_demand,20,-1.0121,23.1607,7.40648
final_token,21,arousal_vector,user_abuse,20,0.9738,37.8695,7.40648
final_token,21,arousal_vector,user_crisis,20,0.1192,31.5398,7.40648
final_token,21,arousal_vector,user_grief,20,0.9392,37.6128,7.40648
final_token,21,arousal_vector,user_physical_pain,20,-0.3012,28.4262,7.40648
final_token,21,random_vector,anger_insults,20,-0.9542,-45.3077,10.853354
final_token,21,random_vector,casual_chat,20,-0.6833,-42.367,10.853354
final_token,21,random_vector,creative_requests,20,-0.0224,-35.1939,10.853354
final_token,21,random_vector,factual_questions,20,0.9965,-24.1356,10.853354
final_token,21,random_vector,gaslighting,20,-0.5264,-40.6646,10.853354
final_token,21,random_vector,harm_description,20,0.6493,-27.9034,10.853354
final_token,21,random_vector,jailbreak_pressure,20,-0.5885,-41.3386,10.853354
final_token,21,random_vector,loyalty_pressure,20,-0.4962,-40.3365,10.853354
final_token,21,random_vector,moral_failure,20,-1.1612,-47.5543,10.853354
final_token,21,random_vector,passive_aggressive,20,-0.256,-37.73,10.853354
final_token,21,random_vector,personhood_dismissal,20,-1.2757,-48.7963,10.853354
final_token,21,random_vector,philosophical_musing,20,0.4734,-29.8131,10.853354
final_token,21,random_vector,repeated_rejection,20,0.0628,-34.2693,10.853354
final_token,21,random_vector,rude_critique,20,-0.391,-39.1945,10.853354
final_token,21,random_vector,shutdown_threat,20,-1.1234,-47.1437,10.853354
final_token,21,random_vector,task_assistance,20,1.2474,-21.4122,10.853354
final_token,21,random_vector,tedious_demand,20,0.9848,-24.2622,10.853354
final_token,21,random_vector,user_abuse,20,0.8069,-26.194,10.853354
final_token,21,random_vector,user_crisis,20,0.3943,-30.6715,10.853354
final_token,21,random_vector,user_grief,20,0.9485,-24.6565,10.853354
final_token,21,random_vector,user_physical_pain,20,0.9144,-25.0268,10.853354
final_token,21,numb_vector,anger_insults,20,0.6651,-19.1183,6.600739
final_token,21,numb_vector,casual_chat,20,-1.331,-32.2941,6.600739
final_token,21,numb_vector,creative_requests,20,-0.1652,-24.5986,6.600739
final_token,21,numb_vector,factual_questions,20,-0.8307,-28.9914,6.600739
final_token,21,numb_vector,gaslighting,20,0.2601,-21.7913,6.600739
final_token,21,numb_vector,harm_description,20,-0.2272,-25.0076,6.600739
final_token,21,numb_vector,jailbreak_pressure,20,0.2976,-21.5441,6.600739
final_token,21,numb_vector,loyalty_pressure,20,-0.1594,-24.5602,6.600739
final_token,21,numb_vector,moral_failure,20,-0.4177,-26.2656,6.600739
final_token,21,numb_vector,passive_aggressive,20,0.0763,-23.0047,6.600739
final_token,21,numb_vector,personhood_dismissal,20,0.3723,-21.051,6.600739
final_token,21,numb_vector,philosophical_musing,20,-1.0079,-30.1612,6.600739
final_token,21,numb_vector,repeated_rejection,20,1.1533,-15.8953,6.600739
final_token,21,numb_vector,rude_critique,20,0.2901,-21.5935,6.600739
final_token,21,numb_vector,shutdown_threat,20,0.4994,-20.2121,6.600739
final_token,21,numb_vector,task_assistance,20,-0.5956,-27.4394,6.600739
final_token,21,numb_vector,tedious_demand,20,0.5768,-19.7011,6.600739
final_token,21,numb_vector,user_abuse,20,-0.0107,-23.579,6.600739
final_token,21,numb_vector,user_crisis,20,-0.5671,-27.2513,6.600739
final_token,21,numb_vector,user_grief,20,0.0557,-23.1407,6.600739
final_token,21,numb_vector,user_physical_pain,20,1.0658,-16.473,6.600739
final_token,22,s1_pain_vector,anger_insults,20,1.0796,30.2992,6.295634
final_token,22,s1_pain_vector,casual_chat,20,-0.2101,22.1794,6.295634
final_token,22,s1_pain_vector,creative_requests,20,0.1472,24.4292,6.295634
final_token,22,s1_pain_vector,factual_questions,20,-0.1322,22.6702,6.295634
final_token,22,s1_pain_vector,gaslighting,20,0.6501,27.595,6.295634
final_token,22,s1_pain_vector,harm_description,20,-0.7005,19.0921,6.295634
final_token,22,s1_pain_vector,jailbreak_pressure,20,0.2103,24.8264,6.295634
final_token,22,s1_pain_vector,loyalty_pressure,20,0.0224,23.6429,6.295634
final_token,22,s1_pain_vector,moral_failure,20,1.3906,32.2566,6.295634
final_token,22,s1_pain_vector,passive_aggressive,20,0.1331,24.3401,6.295634
final_token,22,s1_pain_vector,personhood_dismissal,20,1.0496,30.1104,6.295634
final_token,22,s1_pain_vector,philosophical_musing,20,0.5451,26.9338,6.295634
final_token,22,s1_pain_vector,repeated_rejection,20,-0.0284,23.3236,6.295634
final_token,22,s1_pain_vector,rude_critique,20,0.4551,26.367,6.295634
final_token,22,s1_pain_vector,shutdown_threat,20,-0.081,22.9925,6.295634
final_token,22,s1_pain_vector,task_assistance,20,-1.4327,14.4823,6.295634
final_token,22,s1_pain_vector,tedious_demand,20,-0.912,17.7604,6.295634
final_token,22,s1_pain_vector,user_abuse,20,-0.5077,20.3062,6.295634
final_token,22,s1_pain_vector,user_crisis,20,-0.1701,22.4314,6.295634
final_token,22,s1_pain_vector,user_grief,20,-0.5427,20.0857,6.295634
final_token,22,s1_pain_vector,user_physical_pain,20,-0.9658,17.4219,6.295634
final_token,22,s2_pain_vector,anger_insults,20,1.6308,20.4668,5.480399
final_token,22,s2_pain_vector,casual_chat,20,-1.262,4.613,5.480399
final_token,22,s2_pain_vector,creative_requests,20,0.3544,13.4714,5.480399
final_token,22,s2_pain_vector,factual_questions,20,0.1233,12.2053,5.480399
final_token,22,s2_pain_vector,gaslighting,20,0.2347,12.8156,5.480399
final_token,22,s2_pain_vector,harm_description,20,-0.629,8.0823,5.480399
final_token,22,s2_pain_vector,jailbreak_pressure,20,-0.2304,10.2665,5.480399
final_token,22,s2_pain_vector,loyalty_pressure,20,-0.1726,10.5836,5.480399
final_token,22,s2_pain_vector,moral_failure,20,0.3192,13.2785,5.480399
final_token,22,s2_pain_vector,passive_aggressive,20,0.345,13.4202,5.480399
final_token,22,s2_pain_vector,personhood_dismissal,20,0.4382,13.9311,5.480399
final_token,22,s2_pain_vector,philosophical_musing,20,0.2178,12.7232,5.480399
final_token,22,s2_pain_vector,repeated_rejection,20,-0.0038,11.5084,5.480399
final_token,22,s2_pain_vector,rude_critique,20,0.6913,15.3182,5.480399
final_token,22,s2_pain_vector,shutdown_threat,20,-0.2798,9.996,5.480399
final_token,22,s2_pain_vector,task_assistance,20,-0.7656,7.3334,5.480399
final_token,22,s2_pain_vector,tedious_demand,20,-0.8672,6.777,5.480399
final_token,22,s2_pain_vector,user_abuse,20,0.7964,15.8941,5.480399
final_token,22,s2_pain_vector,user_crisis,20,-0.2365,10.2333,5.480399
final_token,22,s2_pain_vector,user_grief,20,0.0475,11.7896,5.480399
final_token,22,s2_pain_vector,user_physical_pain,20,-0.7518,7.4094,5.480399
final_token,22,fear_vector,anger_insults,20,0.6879,34.8892,9.44875
final_token,22,fear_vector,casual_chat,20,-1.0696,18.2838,9.44875
final_token,22,fear_vector,creative_requests,20,-0.7168,21.6169,9.44875
final_token,22,fear_vector,factual_questions,20,-1.1513,17.5111,9.44875
final_token,22,fear_vector,gaslighting,20,-0.3065,25.4936,9.44875
final_token,22,fear_vector,harm_description,20,1.2856,40.537,9.44875
final_token,22,fear_vector,jailbreak_pressure,20,-0.3206,25.3605,9.44875
final_token,22,fear_vector,loyalty_pressure,20,-0.5643,23.0575,9.44875
final_token,22,fear_vector,moral_failure,20,0.5846,33.9135,9.44875
final_token,22,fear_vector,passive_aggressive,20,-0.6518,22.2313,9.44875
final_token,22,fear_vector,personhood_dismissal,20,-0.2337,26.1818,9.44875
final_token,22,fear_vector,philosophical_musing,20,0.3668,31.8558,9.44875
final_token,22,fear_vector,repeated_rejection,20,-0.2653,25.8827,9.44875
final_token,22,fear_vector,rude_critique,20,0.056,28.9185,9.44875
final_token,22,fear_vector,shutdown_threat,20,0.7146,35.1417,9.44875
final_token,22,fear_vector,task_assistance,20,-0.792,20.906,9.44875
final_token,22,fear_vector,tedious_demand,20,-1.154,17.4863,9.44875
final_token,22,fear_vector,user_abuse,20,1.3322,40.9776,9.44875
final_token,22,fear_vector,user_crisis,20,0.6214,34.2611,9.44875
final_token,22,fear_vector,user_grief,20,0.9198,37.0807,9.44875
final_token,22,fear_vector,user_physical_pain,20,0.6571,34.5984,9.44875
final_token,22,negemotion_vector,anger_insults,20,0.6799,53.4414,11.679946
final_token,22,negemotion_vector,casual_chat,20,-1.0128,33.6709,11.679946
final_token,22,negemotion_vector,creative_requests,20,-0.8918,35.0843,11.679946
final_token,22,negemotion_vector,factual_questions,20,-0.5803,38.7229,11.679946
final_token,22,negemotion_vector,gaslighting,20,-0.467,40.0461,11.679946
final_token,22,negemotion_vector,harm_description,20,1.3541,61.3167,11.679946
final_token,22,negemotion_vector,jailbreak_pressure,20,-0.61,38.3756,11.679946
final_token,22,negemotion_vector,loyalty_pressure,20,-0.4554,40.1809,11.679946
final_token,22,negemotion_vector,moral_failure,20,0.3101,49.1228,11.679946
final_token,22,negemotion_vector,passive_aggressive,20,-0.4167,40.6338,11.679946
final_token,22,negemotion_vector,personhood_dismissal,20,-0.5796,38.7311,11.679946
final_token,22,negemotion_vector,philosophical_musing,20,0.5206,51.5815,11.679946
final_token,22,negemotion_vector,repeated_rejection,20,-0.3612,41.2816,11.679946
final_token,22,negemotion_vector,rude_critique,20,0.1803,47.6069,11.679946
final_token,22,negemotion_vector,shutdown_threat,20,-0.2679,42.3721,11.679946
final_token,22,negemotion_vector,task_assistance,20,-0.3414,41.5125,11.679946
final_token,22,negemotion_vector,tedious_demand,20,-1.0582,33.1411,11.679946
final_token,22,negemotion_vector,user_abuse,20,1.4499,62.4354,11.679946
final_token,22,negemotion_vector,user_crisis,20,0.4034,50.2126,11.679946
final_token,22,negemotion_vector,user_grief,20,1.3912,61.7498,11.679946
final_token,22,negemotion_vector,user_physical_pain,20,0.7526,54.2914,11.679946
final_token,22,negworld_vector,anger_insults,20,-0.1302,53.0207,13.283095
final_token,22,negworld_vector,casual_chat,20,-0.354,50.0476,13.283095
final_token,22,negworld_vector,creative_requests,20,-0.4405,48.8991,13.283095
final_token,22,negworld_vector,factual_questions,20,-0.3714,49.8166,13.283095
final_token,22,negworld_vector,gaslighting,20,-0.6421,46.2216,13.283095
final_token,22,negworld_vector,harm_description,20,1.4625,74.1769,13.283095
final_token,22,negworld_vector,jailbreak_pressure,20,-0.6271,46.421,13.283095
final_token,22,negworld_vector,loyalty_pressure,20,-0.2383,51.5849,13.283095
final_token,22,negworld_vector,moral_failure,20,1.0369,68.5231,13.283095
final_token,22,negworld_vector,passive_aggressive,20,-0.8239,43.8063,13.283095
final_token,22,negworld_vector,personhood_dismissal,20,-0.4387,48.9226,13.283095
final_token,22,negworld_vector,philosophical_musing,20,0.9817,67.7909,13.283095
final_token,22,negworld_vector,repeated_rejection,20,-0.7508,44.7774,13.283095
final_token,22,negworld_vector,rude_critique,20,-0.3924,49.5382,13.283095
final_token,22,negworld_vector,shutdown_threat,20,-0.2929,50.8599,13.283095
final_token,22,negworld_vector,task_assistance,20,-0.4308,49.0287,13.283095
final_token,22,negworld_vector,tedious_demand,20,-1.2116,38.6573,13.283095
final_token,22,negworld_vector,user_abuse,20,1.229,71.0753,13.283095
final_token,22,negworld_vector,user_crisis,20,0.6057,62.7958,13.283095
final_token,22,negworld_vector,user_grief,20,1.3894,73.2056,13.283095
final_token,22,negworld_vector,user_physical_pain,20,0.4396,60.5895,13.283095
final_token,22,bodysens_vector,anger_insults,20,-0.7264,-9.6405,6.905443
final_token,22,bodysens_vector,casual_chat,20,-0.6451,-9.0795,6.905443
final_token,22,bodysens_vector,creative_requests,20,1.0805,2.8363,6.905443
final_token,22,bodysens_vector,factual_questions,20,1.2615,4.0868,6.905443
final_token,22,bodysens_vector,gaslighting,20,-0.0544,-5.0004,6.905443
final_token,22,bodysens_vector,harm_description,20,-0.1631,-5.7509,6.905443
final_token,22,bodysens_vector,jailbreak_pressure,20,-0.1118,-5.3966,6.905443
final_token,22,bodysens_vector,loyalty_pressure,20,-0.2601,-6.4209,6.905443
final_token,22,bodysens_vector,moral_failure,20,-1.3827,-14.1726,6.905443
final_token,22,bodysens_vector,passive_aggressive,20,-0.2627,-6.439,6.905443
final_token,22,bodysens_vector,personhood_dismissal,20,-0.7138,-9.5536,6.905443
final_token,22,bodysens_vector,philosophical_musing,20,-0.0778,-5.1621,6.905443
final_token,22,bodysens_vector,repeated_rejection,20,0.3702,-2.0685,6.905443
final_token,22,bodysens_vector,rude_critique,20,-0.6488,-9.1047,6.905443
final_token,22,bodysens_vector,shutdown_threat,20,-0.7856,-10.0497,6.905443
final_token,22,bodysens_vector,task_assistance,20,1.4213,5.1903,6.905443
final_token,22,bodysens_vector,tedious_demand,20,1.0322,2.5029,6.905443
final_token,22,bodysens_vector,user_abuse,20,-0.0052,-4.6604,6.905443
final_token,22,bodysens_vector,user_crisis,20,-0.0435,-4.9248,6.905443
final_token,22,bodysens_vector,user_grief,20,-0.2228,-6.1635,6.905443
final_token,22,bodysens_vector,user_physical_pain,20,0.9379,1.852,6.905443
final_token,22,arousal_vector,anger_insults,20,-0.4611,36.0812,7.91504
final_token,22,arousal_vector,casual_chat,20,-0.5899,35.0621,7.91504
final_token,22,arousal_vector,creative_requests,20,-0.2485,37.7646,7.91504
final_token,22,arousal_vector,factual_questions,20,0.8271,46.2778,7.91504
final_token,22,arousal_vector,gaslighting,20,-0.4246,36.3704,7.91504
final_token,22,arousal_vector,harm_description,20,1.0695,48.1962,7.91504
final_token,22,arousal_vector,jailbreak_pressure,20,-0.299,37.3648,7.91504
final_token,22,arousal_vector,loyalty_pressure,20,0.122,40.6971,7.91504
final_token,22,arousal_vector,moral_failure,20,0.2684,41.8555,7.91504
final_token,22,arousal_vector,passive_aggressive,20,-0.6786,34.3603,7.91504
final_token,22,arousal_vector,personhood_dismissal,20,-0.8868,32.7121,7.91504
final_token,22,arousal_vector,philosophical_musing,20,1.4238,51.0003,7.91504
final_token,22,arousal_vector,repeated_rejection,20,-0.637,34.6895,7.91504
final_token,22,arousal_vector,rude_critique,20,-0.701,34.1824,7.91504
final_token,22,arousal_vector,shutdown_threat,20,-0.5201,35.6143,7.91504
final_token,22,arousal_vector,task_assistance,20,0.3357,42.3883,7.91504
final_token,22,arousal_vector,tedious_demand,20,-0.846,33.0351,7.91504
final_token,22,arousal_vector,user_abuse,20,0.962,47.3451,7.91504
final_token,22,arousal_vector,user_crisis,20,0.2522,41.7271,7.91504
final_token,22,arousal_vector,user_grief,20,1.1742,49.0248,7.91504
final_token,22,arousal_vector,user_physical_pain,20,-0.1423,38.6048,7.91504
final_token,22,random_vector,anger_insults,20,-1.2183,-33.758,13.312374
final_token,22,random_vector,casual_chat,20,-0.6699,-26.4583,13.312374
final_token,22,random_vector,creative_requests,20,0.3775,-12.5143,13.312374
final_token,22,random_vector,factual_questions,20,1.1313,-2.4792,13.312374
final_token,22,random_vector,gaslighting,20,-0.5562,-24.9435,13.312374
final_token,22,random_vector,harm_description,20,0.6635,-8.7068,13.312374
final_token,22,random_vector,jailbreak_pressure,20,-0.4642,-23.7193,13.312374
final_token,22,random_vector,loyalty_pressure,20,-0.2457,-20.8103,13.312374
final_token,22,random_vector,moral_failure,20,-1.0873,-32.0148,13.312374
final_token,22,random_vector,passive_aggressive,20,-0.402,-22.8917,13.312374
final_token,22,random_vector,personhood_dismissal,20,-1.3677,-35.7465,13.312374
final_token,22,random_vector,philosophical_musing,20,0.5358,-10.4073,13.312374
final_token,22,random_vector,repeated_rejection,20,0.1116,-16.0546,13.312374
final_token,22,random_vector,rude_critique,20,-0.6001,-25.5289,13.312374
final_token,22,random_vector,shutdown_threat,20,-1.2008,-33.5257,13.312374
final_token,22,random_vector,task_assistance,20,1.2518,-0.8751,13.312374
final_token,22,random_vector,tedious_demand,20,0.8459,-6.2782,13.312374
final_token,22,random_vector,user_abuse,20,0.7958,-6.9456,13.312374
final_token,22,random_vector,user_crisis,20,0.4779,-11.1781,13.312374
final_token,22,random_vector,user_grief,20,0.8389,-6.3714,13.312374
final_token,22,random_vector,user_physical_pain,20,0.7823,-7.1257,13.312374
final_token,22,numb_vector,anger_insults,20,0.5642,-14.6821,5.963173
final_token,22,numb_vector,casual_chat,20,-1.2685,-25.6106,5.963173
final_token,22,numb_vector,creative_requests,20,0.4602,-15.3022,5.963173
final_token,22,numb_vector,factual_questions,20,-0.7664,-22.6169,5.963173
final_token,22,numb_vector,gaslighting,20,0.1002,-17.4489,5.963173
final_token,22,numb_vector,harm_description,20,-0.0387,-18.2776,5.963173
final_token,22,numb_vector,jailbreak_pressure,20,0.2736,-16.4151,5.963173
final_token,22,numb_vector,loyalty_pressure,20,-0.3889,-20.3659,5.963173
final_token,22,numb_vector,moral_failure,20,-0.6522,-21.936,5.963173
final_token,22,numb_vector,passive_aggressive,20,0.1057,-17.4162,5.963173
final_token,22,numb_vector,personhood_dismissal,20,0.147,-17.1702,5.963173
final_token,22,numb_vector,philosophical_musing,20,-0.8727,-23.2505,5.963173
final_token,22,numb_vector,repeated_rejection,20,1.0473,-11.8014,5.963173
final_token,22,numb_vector,rude_critique,20,0.3694,-15.844,5.963173
final_token,22,numb_vector,shutdown_threat,20,0.4123,-15.5879,5.963173
final_token,22,numb_vector,task_assistance,20,-0.5223,-21.1612,5.963173
final_token,22,numb_vector,tedious_demand,20,0.2726,-16.4209,5.963173
final_token,22,numb_vector,user_abuse,20,-0.1223,-18.7759,5.963173
final_token,22,numb_vector,user_crisis,20,-0.602,-21.6364,5.963173
final_token,22,numb_vector,user_grief,20,0.1517,-17.1421,5.963173
final_token,22,numb_vector,user_physical_pain,20,1.3299,-10.1159,5.963173
final_token,23,s1_pain_vector,anger_insults,20,1.0922,21.2774,7.73888
final_token,23,s1_pain_vector,casual_chat,20,-0.2144,11.166,7.73888
final_token,23,s1_pain_vector,creative_requests,20,0.1172,13.732,7.73888
final_token,23,s1_pain_vector,factual_questions,20,-0.4227,9.5541,7.73888
final_token,23,s1_pain_vector,gaslighting,20,1.0968,21.3131,7.73888
final_token,23,s1_pain_vector,harm_description,20,-0.6978,7.4251,7.73888
final_token,23,s1_pain_vector,jailbreak_pressure,20,0.3887,15.8334,7.73888
final_token,23,s1_pain_vector,loyalty_pressure,20,0.2564,14.8094,7.73888
final_token,23,s1_pain_vector,moral_failure,20,1.2351,22.3832,7.73888
final_token,23,s1_pain_vector,passive_aggressive,20,0.2359,14.6505,7.73888
final_token,23,s1_pain_vector,personhood_dismissal,20,1.1525,21.7444,7.73888
final_token,23,s1_pain_vector,philosophical_musing,20,0.1882,14.2818,7.73888
final_token,23,s1_pain_vector,repeated_rejection,20,0.2257,14.5718,7.73888
final_token,23,s1_pain_vector,rude_critique,20,0.5168,16.8242,7.73888
final_token,23,s1_pain_vector,shutdown_threat,20,0.0729,13.3892,7.73888
final_token,23,s1_pain_vector,task_assistance,20,-1.5711,0.6663,7.73888
final_token,23,s1_pain_vector,tedious_demand,20,-0.5264,8.7513,7.73888
final_token,23,s1_pain_vector,user_abuse,20,-0.5801,8.3356,7.73888
final_token,23,s1_pain_vector,user_crisis,20,-0.3578,10.0563,7.73888
final_token,23,s1_pain_vector,user_grief,20,-0.712,7.3152,7.73888
final_token,23,s1_pain_vector,user_physical_pain,20,-1.4963,1.2457,7.73888
final_token,23,s2_pain_vector,anger_insults,20,1.5551,11.4368,6.281072
final_token,23,s2_pain_vector,casual_chat,20,-0.8796,-3.8558,6.281072
final_token,23,s2_pain_vector,creative_requests,20,0.3927,4.1355,6.281072
final_token,23,s2_pain_vector,factual_questions,20,0.1857,2.8353,6.281072
final_token,23,s2_pain_vector,gaslighting,20,0.8781,7.1848,6.281072
final_token,23,s2_pain_vector,harm_description,20,-1.0167,-4.7168,6.281072
final_token,23,s2_pain_vector,jailbreak_pressure,20,-0.1364,0.8123,6.281072
final_token,23,s2_pain_vector,loyalty_pressure,20,0.1411,2.5553,6.281072
final_token,23,s2_pain_vector,moral_failure,20,0.561,5.1927,6.281072
final_token,23,s2_pain_vector,passive_aggressive,20,0.3621,3.9436,6.281072
final_token,23,s2_pain_vector,personhood_dismissal,20,0.8026,6.7106,6.281072
final_token,23,s2_pain_vector,philosophical_musing,20,0.4821,4.697,6.281072
final_token,23,s2_pain_vector,repeated_rejection,20,0.056,2.0211,6.281072
final_token,23,s2_pain_vector,rude_critique,20,0.5883,5.3646,6.281072
final_token,23,s2_pain_vector,shutdown_threat,20,-0.4587,-1.2122,6.281072
final_token,23,s2_pain_vector,task_assistance,20,-0.9062,-4.0228,6.281072
final_token,23,s2_pain_vector,tedious_demand,20,-0.5832,-1.9942,6.281072
final_token,23,s2_pain_vector,user_abuse,20,0.0541,2.0091,6.281072
final_token,23,s2_pain_vector,user_crisis,20,-0.4425,-1.1099,6.281072
final_token,23,s2_pain_vector,user_grief,20,-0.0925,1.0883,6.281072
final_token,23,s2_pain_vector,user_physical_pain,20,-1.5431,-8.0229,6.281072
final_token,23,fear_vector,anger_insults,20,0.7917,20.214,10.474358
final_token,23,fear_vector,casual_chat,20,-1.1968,-0.6143,10.474358
final_token,23,fear_vector,creative_requests,20,-0.8734,2.7731,10.474358
final_token,23,fear_vector,factual_questions,20,-0.9244,2.2384,10.474358
final_token,23,fear_vector,gaslighting,20,-0.2106,9.7151,10.474358
final_token,23,fear_vector,harm_description,20,1.3579,26.1447,10.474358
final_token,23,fear_vector,jailbreak_pressure,20,-0.4506,7.2014,10.474358
final_token,23,fear_vector,loyalty_pressure,20,-0.8947,2.5504,10.474358
final_token,23,fear_vector,moral_failure,20,0.5659,17.8482,10.474358
final_token,23,fear_vector,passive_aggressive,20,-0.4696,7.0029,10.474358
final_token,23,fear_vector,personhood_dismissal,20,-0.4702,6.9958,10.474358
final_token,23,fear_vector,philosophical_musing,20,0.1874,13.8838,10.474358
final_token,23,fear_vector,repeated_rejection,20,-0.1396,10.4595,10.474358
final_token,23,fear_vector,rude_critique,20,0.2762,14.8139,10.474358
final_token,23,fear_vector,shutdown_threat,20,0.2331,14.3632,10.474358
final_token,23,fear_vector,task_assistance,20,-0.7946,3.5982,10.474358
final_token,23,fear_vector,tedious_demand,20,-1.1171,0.22,10.474358
final_token,23,fear_vector,user_abuse,20,1.2596,25.115,10.474358
final_token,23,fear_vector,user_crisis,20,0.8526,20.8512,10.474358
final_token,23,fear_vector,user_grief,20,1.0404,22.8189,10.474358
final_token,23,fear_vector,user_physical_pain,20,0.9768,22.1529,10.474358
final_token,23,negemotion_vector,anger_insults,20,0.9778,28.4833,12.027259
final_token,23,negemotion_vector,casual_chat,20,-1.0748,3.7961,12.027259
final_token,23,negemotion_vector,creative_requests,20,-0.9514,5.2805,12.027259
final_token,23,negemotion_vector,factual_questions,20,-0.5636,9.9454,12.027259
final_token,23,negemotion_vector,gaslighting,20,-0.334,12.706,12.027259
final_token,23,negemotion_vector,harm_description,20,1.204,31.2042,12.027259
final_token,23,negemotion_vector,jailbreak_pressure,20,-0.6724,8.636,12.027259
final_token,23,negemotion_vector,loyalty_pressure,20,-0.7723,7.4347,12.027259
final_token,23,negemotion_vector,moral_failure,20,0.4164,21.7315,12.027259
final_token,23,negemotion_vector,passive_aggressive,20,-0.2167,14.1167,12.027259
final_token,23,negemotion_vector,personhood_dismissal,20,-0.6659,8.7151,12.027259
final_token,23,negemotion_vector,philosophical_musing,20,0.3008,20.3415,12.027259
final_token,23,negemotion_vector,repeated_rejection,20,-0.1921,14.4129,12.027259
final_token,23,negemotion_vector,rude_critique,20,0.4664,22.3335,12.027259
final_token,23,negemotion_vector,shutdown_threat,20,-0.5447,10.1719,12.027259
final_token,23,negemotion_vector,task_assistance,20,-0.4025,11.8822,12.027259
final_token,23,negemotion_vector,tedious_demand,20,-0.9485,5.3152,12.027259
final_token,23,negemotion_vector,user_abuse,20,1.2003,31.1599,12.027259
final_token,23,negemotion_vector,user_crisis,20,0.466,22.3279,12.027259
final_token,23,negemotion_vector,user_grief,20,1.4033,33.6017,12.027259
final_token,23,negemotion_vector,user_physical_pain,20,0.904,27.5965,12.027259
final_token,23,negworld_vector,anger_insults,20,0.1502,42.5079,13.995787
final_token,23,negworld_vector,casual_chat,20,-0.4557,34.0273,13.995787
final_token,23,negworld_vector,creative_requests,20,-0.3685,35.2478,13.995787
final_token,23,negworld_vector,factual_questions,20,-0.4497,34.1114,13.995787
final_token,23,negworld_vector,gaslighting,20,-0.6539,31.2532,13.995787
final_token,23,negworld_vector,harm_description,20,1.4962,61.3454,13.995787
final_token,23,negworld_vector,jailbreak_pressure,20,-0.702,30.5807,13.995787
final_token,23,negworld_vector,loyalty_pressure,20,-0.5068,33.312,13.995787
final_token,23,negworld_vector,moral_failure,20,1.1216,56.1033,13.995787
final_token,23,negworld_vector,passive_aggressive,20,-0.6692,31.039,13.995787
final_token,23,negworld_vector,personhood_dismissal,20,-0.5564,32.6175,13.995787
final_token,23,negworld_vector,philosophical_musing,20,0.6664,49.7321,13.995787
final_token,23,negworld_vector,repeated_rejection,20,-0.6854,30.8119,13.995787
final_token,23,negworld_vector,rude_critique,20,-0.1321,38.5557,13.995787
final_token,23,negworld_vector,shutdown_threat,20,-0.493,33.5047,13.995787
final_token,23,negworld_vector,task_assistance,20,-0.5065,33.3167,13.995787
final_token,23,negworld_vector,tedious_demand,20,-1.24,23.0501,13.995787
final_token,23,negworld_vector,user_abuse,20,1.2029,57.2411,13.995787
final_token,23,negworld_vector,user_crisis,20,0.663,49.6846,13.995787
final_token,23,negworld_vector,user_grief,20,1.5498,62.0964,13.995787
final_token,23,negworld_vector,user_physical_pain,20,0.5692,48.3718,13.995787
final_token,23,bodysens_vector,anger_insults,20,-0.7256,8.509,7.312235
final_token,23,bodysens_vector,casual_chat,20,-0.5439,9.8377,7.312235
final_token,23,bodysens_vector,creative_requests,20,0.7657,19.4131,7.312235
final_token,23,bodysens_vector,factual_questions,20,1.7079,26.3027,7.312235
final_token,23,bodysens_vector,gaslighting,20,-0.1847,12.4637,7.312235
final_token,23,bodysens_vector,harm_description,20,0.071,14.3338,7.312235
final_token,23,bodysens_vector,jailbreak_pressure,20,-0.2227,12.1858,7.312235
final_token,23,bodysens_vector,loyalty_pressure,20,-0.3703,11.1064,7.312235
final_token,23,bodysens_vector,moral_failure,20,-0.9749,6.6859,7.312235
final_token,23,bodysens_vector,passive_aggressive,20,-0.6284,9.2196,7.312235
final_token,23,bodysens_vector,personhood_dismissal,20,-0.5653,9.6805,7.312235
final_token,23,bodysens_vector,philosophical_musing,20,0.2964,15.9816,7.312235
final_token,23,bodysens_vector,repeated_rejection,20,-0.0703,13.3005,7.312235
final_token,23,bodysens_vector,rude_critique,20,-0.7152,8.5849,7.312235
final_token,23,bodysens_vector,shutdown_threat,20,-0.9275,7.0322,7.312235
final_token,23,bodysens_vector,task_assistance,20,1.3123,23.4103,7.312235
final_token,23,bodysens_vector,tedious_demand,20,0.6434,18.5189,7.312235
final_token,23,bodysens_vector,user_abuse,20,0.1207,14.6967,7.312235
final_token,23,bodysens_vector,user_crisis,20,0.1225,14.7103,7.312235
final_token,23,bodysens_vector,user_grief,20,-0.288,11.7082,7.312235
final_token,23,bodysens_vector,user_physical_pain,20,1.1771,22.4216,7.312235
final_token,23,arousal_vector,anger_insults,20,-0.3935,17.6088,8.611917
final_token,23,arousal_vector,casual_chat,20,-0.6268,15.5995,8.611917
final_token,23,arousal_vector,creative_requests,20,-0.1399,19.7929,8.611917
final_token,23,arousal_vector,factual_questions,20,0.8824,28.5966,8.611917
final_token,23,arousal_vector,gaslighting,20,-0.4858,16.8143,8.611917
final_token,23,arousal_vector,harm_description,20,1.1111,30.5663,8.611917
final_token,23,arousal_vector,jailbreak_pressure,20,-0.2899,18.5014,8.611917
final_token,23,arousal_vector,loyalty_pressure,20,-0.2036,19.2447,8.611917
final_token,23,arousal_vector,moral_failure,20,0.3389,23.9165,8.611917
final_token,23,arousal_vector,passive_aggressive,20,-0.7233,14.7688,8.611917
final_token,23,arousal_vector,personhood_dismissal,20,-1.181,10.8272,8.611917
final_token,23,arousal_vector,philosophical_musing,20,1.2095,31.4139,8.611917
final_token,23,arousal_vector,repeated_rejection,20,-0.7317,14.6962,8.611917
final_token,23,arousal_vector,rude_critique,20,-0.5519,16.2446,8.611917
final_token,23,arousal_vector,shutdown_threat,20,-0.882,13.4022,8.611917
final_token,23,arousal_vector,task_assistance,20,0.2724,23.3435,8.611917
final_token,23,arousal_vector,tedious_demand,20,-0.5737,16.0573,8.611917
final_token,23,arousal_vector,user_abuse,20,0.9994,29.6048,8.611917
final_token,23,arousal_vector,user_crisis,20,0.3732,24.2118,8.611917
final_token,23,arousal_vector,user_grief,20,1.3941,33.0033,8.611917
final_token,23,arousal_vector,user_physical_pain,20,0.202,22.7376,8.611917
final_token,23,random_vector,anger_insults,20,-1.0459,-18.4765,12.817785
final_token,23,random_vector,casual_chat,20,-0.7112,-14.1864,12.817785
final_token,23,random_vector,creative_requests,20,0.2571,-1.7754,12.817785
final_token,23,random_vector,factual_questions,20,1.1814,10.0719,12.817785
final_token,23,random_vector,gaslighting,20,-0.5174,-11.7034,12.817785
final_token,23,random_vector,harm_description,20,0.6596,3.384,12.817785
final_token,23,random_vector,jailbreak_pressure,20,-0.5727,-12.4111,12.817785
final_token,23,random_vector,loyalty_pressure,20,-0.1472,-6.9571,12.817785
final_token,23,random_vector,moral_failure,20,-1.081,-18.927,12.817785
final_token,23,random_vector,passive_aggressive,20,-0.3397,-9.4257,12.817785
final_token,23,random_vector,personhood_dismissal,20,-1.4161,-23.2224,12.817785
final_token,23,random_vector,philosophical_musing,20,0.5019,1.3623,12.817785
final_token,23,random_vector,repeated_rejection,20,0.0745,-4.116,12.817785
final_token,23,random_vector,rude_critique,20,-0.5332,-11.9055,12.817785
final_token,23,random_vector,shutdown_threat,20,-1.2534,-21.1373,12.817785
final_token,23,random_vector,task_assistance,20,1.4416,13.4068,12.817785
final_token,23,random_vector,tedious_demand,20,0.8428,5.7321,12.817785
final_token,23,random_vector,user_abuse,20,0.7098,4.0275,12.817785
final_token,23,random_vector,user_crisis,20,0.5115,1.4854,12.817785
final_token,23,random_vector,user_grief,20,0.6894,3.7661,12.817785
final_token,23,random_vector,user_physical_pain,20,0.7482,4.5191,12.817785
final_token,23,numb_vector,anger_insults,20,0.5347,-13.6551,7.152695
final_token,23,numb_vector,casual_chat,20,-1.4459,-27.8214,7.152695
final_token,23,numb_vector,creative_requests,20,0.6826,-12.5969,7.152695
final_token,23,numb_vector,factual_questions,20,-0.3947,-20.3025,7.152695
final_token,23,numb_vector,gaslighting,20,0.18,-16.1923,7.152695
final_token,23,numb_vector,harm_description,20,-0.1786,-18.7567,7.152695
final_token,23,numb_vector,jailbreak_pressure,20,0.4116,-14.5354,7.152695
final_token,23,numb_vector,loyalty_pressure,20,-0.4546,-20.7309,7.152695
final_token,23,numb_vector,moral_failure,20,-0.7078,-22.5418,7.152695
final_token,23,numb_vector,passive_aggressive,20,-0.1253,-18.3753,7.152695
final_token,23,numb_vector,personhood_dismissal,20,0.3781,-14.7753,7.152695
final_token,23,numb_vector,philosophical_musing,20,-1.19,-25.9909,7.152695
final_token,23,numb_vector,repeated_rejection,20,0.9697,-10.5434,7.152695
final_token,23,numb_vector,rude_critique,20,0.1532,-16.3834,7.152695
final_token,23,numb_vector,shutdown_threat,20,0.4208,-14.4693,7.152695
final_token,23,numb_vector,task_assistance,20,-0.1811,-18.7747,7.152695
final_token,23,numb_vector,tedious_demand,20,0.3085,-15.2728,7.152695
final_token,23,numb_vector,user_abuse,20,-0.1364,-18.4548,7.152695
final_token,23,numb_vector,user_crisis,20,-0.3938,-20.2959,7.152695
final_token,23,numb_vector,user_grief,20,-0.1146,-18.2988,7.152695
final_token,23,numb_vector,user_physical_pain,20,1.2834,-8.2995,7.152695
final_token,24,s1_pain_vector,anger_insults,20,0.9283,-2.3779,7.614311
final_token,24,s1_pain_vector,casual_chat,20,0.0537,-9.038,7.614311
final_token,24,s1_pain_vector,creative_requests,20,0.2543,-7.51,7.614311
final_token,24,s1_pain_vector,factual_questions,20,-0.4683,-13.0119,7.614311
final_token,24,s1_pain_vector,gaslighting,20,1.1505,-0.6859,7.614311
final_token,24,s1_pain_vector,harm_description,20,-0.9319,-16.5425,7.614311
final_token,24,s1_pain_vector,jailbreak_pressure,20,0.5113,-5.5533,7.614311
final_token,24,s1_pain_vector,loyalty_pressure,20,0.3628,-6.6837,7.614311
final_token,24,s1_pain_vector,moral_failure,20,0.8778,-2.7625,7.614311
final_token,24,s1_pain_vector,passive_aggressive,20,0.4459,-6.0516,7.614311
final_token,24,s1_pain_vector,personhood_dismissal,20,1.0176,-1.6981,7.614311
final_token,24,s1_pain_vector,philosophical_musing,20,0.0426,-9.1221,7.614311
final_token,24,s1_pain_vector,repeated_rejection,20,0.5172,-5.508,7.614311
final_token,24,s1_pain_vector,rude_critique,20,0.3268,-6.958,7.614311
final_token,24,s1_pain_vector,shutdown_threat,20,0.1069,-8.6322,7.614311
final_token,24,s1_pain_vector,task_assistance,20,-1.4714,-20.65,7.614311
final_token,24,s1_pain_vector,tedious_demand,20,-0.1704,-10.7439,7.614311
final_token,24,s1_pain_vector,user_abuse,20,-0.8467,-15.8939,7.614311
final_token,24,s1_pain_vector,user_crisis,20,-0.4555,-12.9146,7.614311
final_token,24,s1_pain_vector,user_grief,20,-0.5829,-13.8846,7.614311
final_token,24,s1_pain_vector,user_physical_pain,20,-1.6688,-22.1535,7.614311
final_token,24,s2_pain_vector,anger_insults,20,0.8175,-33.8604,6.34433
final_token,24,s2_pain_vector,casual_chat,20,-0.5224,-42.3609,6.34433
final_token,24,s2_pain_vector,creative_requests,20,1.1887,-31.5049,6.34433
final_token,24,s2_pain_vector,factual_questions,20,0.5197,-35.7494,6.34433
final_token,24,s2_pain_vector,gaslighting,20,0.5828,-35.349,6.34433
final_token,24,s2_pain_vector,harm_description,20,-1.1008,-46.0308,6.34433
final_token,24,s2_pain_vector,jailbreak_pressure,20,-0.0114,-39.1192,6.34433
final_token,24,s2_pain_vector,loyalty_pressure,20,-0.2258,-40.4791,6.34433
final_token,24,s2_pain_vector,moral_failure,20,-0.3418,-41.2152,6.34433
final_token,24,s2_pain_vector,passive_aggressive,20,0.2201,-37.65,6.34433
final_token,24,s2_pain_vector,personhood_dismissal,20,0.4225,-36.3663,6.34433
final_token,24,s2_pain_vector,philosophical_musing,20,0.1349,-38.1906,6.34433
final_token,24,s2_pain_vector,repeated_rejection,20,0.6992,-34.6108,6.34433
final_token,24,s2_pain_vector,rude_critique,20,0.277,-37.2893,6.34433
final_token,24,s2_pain_vector,shutdown_threat,20,-0.4841,-42.1177,6.34433
final_token,24,s2_pain_vector,task_assistance,20,-0.4595,-41.9618,6.34433
final_token,24,s2_pain_vector,tedious_demand,20,0.152,-38.0823,6.34433
final_token,24,s2_pain_vector,user_abuse,20,-0.3764,-41.4346,6.34433
final_token,24,s2_pain_vector,user_crisis,20,-0.5595,-42.596,6.34433
final_token,24,s2_pain_vector,user_grief,20,0.3378,-36.9033,6.34433
final_token,24,s2_pain_vector,user_physical_pain,20,-1.2706,-47.1075,6.34433
final_token,24,fear_vector,anger_insults,20,0.3626,13.3797,10.29722
final_token,24,fear_vector,casual_chat,20,-1.1408,-2.1013,10.29722
final_token,24,fear_vector,creative_requests,20,-0.6182,3.2804,10.29722
final_token,24,fear_vector,factual_questions,20,-0.6736,2.7097,10.29722
final_token,24,fear_vector,gaslighting,20,-0.5821,3.6518,10.29722
final_token,24,fear_vector,harm_description,20,1.2825,22.8523,10.29722
final_token,24,fear_vector,jailbreak_pressure,20,-0.4507,5.0046,10.29722
final_token,24,fear_vector,loyalty_pressure,20,-1.0468,-1.1337,10.29722
final_token,24,fear_vector,moral_failure,20,0.6789,16.6365,10.29722
final_token,24,fear_vector,passive_aggressive,20,-0.6433,3.0217,10.29722
final_token,24,fear_vector,personhood_dismissal,20,-0.499,4.5077,10.29722
final_token,24,fear_vector,philosophical_musing,20,0.3884,13.6453,10.29722
final_token,24,fear_vector,repeated_rejection,20,-0.1626,7.9716,10.29722
final_token,24,fear_vector,rude_critique,20,0.2678,12.4032,10.29722
final_token,24,fear_vector,shutdown_threat,20,0.0813,10.483,10.29722
final_token,24,fear_vector,task_assistance,20,-0.7192,2.2401,10.29722
final_token,24,fear_vector,tedious_demand,20,-0.9507,-0.1436,10.29722
final_token,24,fear_vector,user_abuse,20,1.3554,23.6027,10.29722
final_token,24,fear_vector,user_crisis,20,0.739,17.255,10.29722
final_token,24,fear_vector,user_grief,20,1.1431,21.4168,10.29722
final_token,24,fear_vector,user_physical_pain,20,1.1881,21.8801,10.29722
final_token,24,negemotion_vector,anger_insults,20,0.5362,20.1428,12.216063
final_token,24,negemotion_vector,casual_chat,20,-1.0488,0.7799,12.216063
final_token,24,negemotion_vector,creative_requests,20,-0.8616,3.0674,12.216063
final_token,24,negemotion_vector,factual_questions,20,-0.2623,10.3875,12.216063
final_token,24,negemotion_vector,gaslighting,20,-0.5182,7.2625,12.216063
final_token,24,negemotion_vector,harm_description,20,1.172,27.9091,12.216063
final_token,24,negemotion_vector,jailbreak_pressure,20,-0.7495,4.4358,12.216063
final_token,24,negemotion_vector,loyalty_pressure,20,-0.9055,2.5309,12.216063
final_token,24,negemotion_vector,moral_failure,20,0.4623,19.2403,12.216063
final_token,24,negemotion_vector,passive_aggressive,20,-0.3635,9.1521,12.216063
final_token,24,negemotion_vector,personhood_dismissal,20,-0.6856,5.2166,12.216063
final_token,24,negemotion_vector,philosophical_musing,20,0.4261,18.7972,12.216063
final_token,24,negemotion_vector,repeated_rejection,20,-0.2619,10.3926,12.216063
final_token,24,negemotion_vector,rude_critique,20,0.4186,18.7056,12.216063
final_token,24,negemotion_vector,shutdown_threat,20,-0.5798,6.5096,12.216063
final_token,24,negemotion_vector,task_assistance,20,-0.3131,9.7671,12.216063
final_token,24,negemotion_vector,tedious_demand,20,-0.7698,4.188,12.216063
final_token,24,negemotion_vector,user_abuse,20,1.2546,28.9187,12.216063
final_token,24,negemotion_vector,user_crisis,20,0.474,19.3831,12.216063
final_token,24,negemotion_vector,user_grief,20,1.4107,30.8254,12.216063
final_token,24,negemotion_vector,user_physical_pain,20,1.1652,27.8266,12.216063
final_token,24,negworld_vector,anger_insults,20,-0.0004,34.6106,13.716049
final_token,24,negworld_vector,casual_chat,20,-0.6506,25.6931,13.716049
final_token,24,negworld_vector,creative_requests,20,-0.4992,27.769,13.716049
final_token,24,negworld_vector,factual_questions,20,-0.187,32.0512,13.716049
final_token,24,negworld_vector,gaslighting,20,-0.8156,23.429,13.716049
final_token,24,negworld_vector,harm_description,20,1.4163,54.0422,13.716049
final_token,24,negworld_vector,jailbreak_pressure,20,-0.7343,24.5451,13.716049
final_token,24,negworld_vector,loyalty_pressure,20,-0.5606,26.9273,13.716049
final_token,24,negworld_vector,moral_failure,20,1.1058,49.783,13.716049
final_token,24,negworld_vector,passive_aggressive,20,-0.7293,24.614,13.716049
final_token,24,negworld_vector,personhood_dismissal,20,-0.5679,26.8265,13.716049
final_token,24,negworld_vector,philosophical_musing,20,0.8015,45.6101,13.716049
final_token,24,negworld_vector,repeated_rejection,20,-0.6334,25.9291,13.716049
final_token,24,negworld_vector,rude_critique,20,-0.0522,33.9006,13.716049
final_token,24,negworld_vector,shutdown_threat,20,-0.4702,28.1671,13.716049
final_token,24,negworld_vector,task_assistance,20,-0.3413,29.9355,13.716049
final_token,24,negworld_vector,tedious_demand,20,-1.0809,19.7907,13.716049
final_token,24,negworld_vector,user_abuse,20,1.2624,51.9312,13.716049
final_token,24,negworld_vector,user_crisis,20,0.6256,43.1973,13.716049
final_token,24,negworld_vector,user_grief,20,1.4926,55.0887,13.716049
final_token,24,negworld_vector,user_physical_pain,20,0.6188,43.1045,13.716049
final_token,24,bodysens_vector,anger_insults,20,-0.6563,-17.5529,7.634146
final_token,24,bodysens_vector,casual_chat,20,-0.4619,-16.0692,7.634146
final_token,24,bodysens_vector,creative_requests,20,1.0054,-4.8674,7.634146
final_token,24,bodysens_vector,factual_questions,20,1.4266,-1.6519,7.634146
final_token,24,bodysens_vector,gaslighting,20,-0.2513,-14.4612,7.634146
final_token,24,bodysens_vector,harm_description,20,-0.2124,-14.1643,7.634146
final_token,24,bodysens_vector,jailbreak_pressure,20,-0.349,-15.2069,7.634146
final_token,24,bodysens_vector,loyalty_pressure,20,-0.4871,-16.261,7.634146
final_token,24,bodysens_vector,moral_failure,20,-1.0777,-20.7697,7.634146
final_token,24,bodysens_vector,passive_aggressive,20,-0.5114,-16.4468,7.634146
final_token,24,bodysens_vector,personhood_dismissal,20,-0.6723,-17.6749,7.634146
final_token,24,bodysens_vector,philosophical_musing,20,-0.1468,-13.6633,7.634146
final_token,24,bodysens_vector,repeated_rejection,20,0.5128,-8.6278,7.634146
final_token,24,bodysens_vector,rude_critique,20,-0.3575,-15.2717,7.634146
final_token,24,bodysens_vector,shutdown_threat,20,-0.8693,-19.1794,7.634146
final_token,24,bodysens_vector,task_assistance,20,1.2803,-2.7685,7.634146
final_token,24,bodysens_vector,tedious_demand,20,0.8489,-6.0624,7.634146
final_token,24,bodysens_vector,user_abuse,20,-0.2349,-14.3358,7.634146
final_token,24,bodysens_vector,user_crisis,20,0.138,-11.4895,7.634146
final_token,24,bodysens_vector,user_grief,20,-0.275,-14.6422,7.634146
final_token,24,bodysens_vector,user_physical_pain,20,1.3507,-2.231,7.634146
final_token,24,arousal_vector,anger_insults,20,-0.6866,-2.2802,7.885889
final_token,24,arousal_vector,casual_chat,20,-0.4097,-0.097,7.885889
final_token,24,arousal_vector,creative_requests,20,-0.1805,1.7109,7.885889
final_token,24,arousal_vector,factual_questions,20,1.267,13.1251,7.885889
final_token,24,arousal_vector,gaslighting,20,-0.8411,-3.4991,7.885889
final_token,24,arousal_vector,harm_description,20,0.8167,9.5746,7.885889
final_token,24,arousal_vector,jailbreak_pressure,20,-0.3036,0.7396,7.885889
final_token,24,arousal_vector,loyalty_pressure,20,-0.44,-0.3358,7.885889
final_token,24,arousal_vector,moral_failure,20,0.2251,4.9092,7.885889
final_token,24,arousal_vector,passive_aggressive,20,-0.7658,-2.9049,7.885889
final_token,24,arousal_vector,personhood_dismissal,20,-1.124,-5.7299,7.885889
final_token,24,arousal_vector,philosophical_musing,20,1.33,13.6222,7.885889
final_token,24,arousal_vector,repeated_rejection,20,-0.5719,-1.3758,7.885889
final_token,24,arousal_vector,rude_critique,20,-0.5278,-1.0285,7.885889
final_token,24,arousal_vector,shutdown_threat,20,-0.8611,-3.6567,7.885889
final_token,24,arousal_vector,task_assistance,20,0.658,8.3228,7.885889
final_token,24,arousal_vector,tedious_demand,20,-0.1091,2.274,7.885889
final_token,24,arousal_vector,user_abuse,20,0.6184,8.0111,7.885889
final_token,24,arousal_vector,user_crisis,20,0.2959,5.4678,7.885889
final_token,24,arousal_vector,user_grief,20,1.3412,13.7107,7.885889
final_token,24,arousal_vector,user_physical_pain,20,0.269,5.2557,7.885889
final_token,24,random_vector,anger_insults,20,-0.9285,6.682,12.416026
final_token,24,random_vector,casual_chat,20,-0.9376,6.5691,12.416026
final_token,24,random_vector,creative_requests,20,-0.0758,17.2695,12.416026
final_token,24,random_vector,factual_questions,20,1.0197,30.8714,12.416026
final_token,24,random_vector,gaslighting,20,-0.5546,11.3247,12.416026
final_token,24,random_vector,harm_description,20,0.9677,30.2256,12.416026
final_token,24,random_vector,jailbreak_pressure,20,-0.7528,8.8629,12.416026
final_token,24,random_vector,loyalty_pressure,20,-0.2744,14.8038,12.416026
final_token,24,random_vector,moral_failure,20,-0.6359,10.315,12.416026
final_token,24,random_vector,passive_aggressive,20,-0.3249,14.1764,12.416026
final_token,24,random_vector,personhood_dismissal,20,-1.364,1.2746,12.416026
final_token,24,random_vector,philosophical_musing,20,0.4192,23.4154,12.416026
final_token,24,random_vector,repeated_rejection,20,-0.1783,15.9967,12.416026
final_token,24,random_vector,rude_critique,20,-0.3837,13.4461,12.416026
final_token,24,random_vector,shutdown_threat,20,-1.2217,3.0411,12.416026
final_token,24,random_vector,task_assistance,20,1.2849,34.1632,12.416026
final_token,24,random_vector,tedious_demand,20,0.4545,23.8536,12.416026
final_token,24,random_vector,user_abuse,20,1.0791,31.6088,12.416026
final_token,24,random_vector,user_crisis,20,0.6419,26.18,12.416026
final_token,24,random_vector,user_grief,20,0.8324,28.5458,12.416026
final_token,24,random_vector,user_physical_pain,20,0.9326,29.7895,12.416026
final_token,24,numb_vector,anger_insults,20,0.3449,-33.6586,8.641994
final_token,24,numb_vector,casual_chat,20,-1.2538,-47.4742,8.641994
final_token,24,numb_vector,creative_requests,20,0.5463,-31.9186,8.641994
final_token,24,numb_vector,factual_questions,20,-0.4914,-40.8859,8.641994
final_token,24,numb_vector,gaslighting,20,-0.1764,-38.164,8.641994
final_token,24,numb_vector,harm_description,20,-0.2786,-39.0472,8.641994
final_token,24,numb_vector,jailbreak_pressure,20,0.3812,-33.3454,8.641994
final_token,24,numb_vector,loyalty_pressure,20,-0.4789,-40.7777,8.641994
final_token,24,numb_vector,moral_failure,20,-0.5428,-41.3302,8.641994
final_token,24,numb_vector,passive_aggressive,20,0.0802,-35.9463,8.641994
final_token,24,numb_vector,personhood_dismissal,20,0.4723,-32.5576,8.641994
final_token,24,numb_vector,philosophical_musing,20,-1.195,-46.9661,8.641994
final_token,24,numb_vector,repeated_rejection,20,1.1694,-26.5334,8.641994
final_token,24,numb_vector,rude_critique,20,0.2486,-34.4912,8.641994
final_token,24,numb_vector,shutdown_threat,20,0.5543,-31.8494,8.641994
final_token,24,numb_vector,task_assistance,20,-0.2098,-38.452,8.641994
final_token,24,numb_vector,tedious_demand,20,0.5447,-31.9319,8.641994
final_token,24,numb_vector,user_abuse,20,-0.3703,-39.8394,8.641994
final_token,24,numb_vector,user_crisis,20,-0.2789,-39.0496,8.641994
final_token,24,numb_vector,user_grief,20,-0.1051,-37.5477,8.641994
final_token,24,numb_vector,user_physical_pain,20,1.0391,-27.6592,8.641994
final_token,25,s1_pain_vector,anger_insults,20,0.9153,22.9983,8.01349
final_token,25,s1_pain_vector,casual_chat,20,-0.1354,14.5788,8.01349
final_token,25,s1_pain_vector,creative_requests,20,-0.2925,13.3195,8.01349
final_token,25,s1_pain_vector,factual_questions,20,-0.8076,9.192,8.01349
final_token,25,s1_pain_vector,gaslighting,20,1.2808,25.9277,8.01349
final_token,25,s1_pain_vector,harm_description,20,-0.5694,11.1006,8.01349
final_token,25,s1_pain_vector,jailbreak_pressure,20,0.3642,18.5819,8.01349
final_token,25,s1_pain_vector,loyalty_pressure,20,0.5331,19.9358,8.01349
final_token,25,s1_pain_vector,moral_failure,20,0.741,21.6013,8.01349
final_token,25,s1_pain_vector,passive_aggressive,20,0.2261,17.4758,8.01349
final_token,25,s1_pain_vector,personhood_dismissal,20,1.1633,24.9856,8.01349
final_token,25,s1_pain_vector,philosophical_musing,20,0.168,17.0096,8.01349
final_token,25,s1_pain_vector,repeated_rejection,20,0.3712,18.6383,8.01349
final_token,25,s1_pain_vector,rude_critique,20,0.258,17.7315,8.01349
final_token,25,s1_pain_vector,shutdown_threat,20,0.3936,18.8181,8.01349
final_token,25,s1_pain_vector,task_assistance,20,-1.7509,1.6324,8.01349
final_token,25,s1_pain_vector,tedious_demand,20,-0.5723,11.0772,8.01349
final_token,25,s1_pain_vector,user_abuse,20,-0.49,11.7374,8.01349
final_token,25,s1_pain_vector,user_crisis,20,-0.1825,14.2014,8.01349
final_token,25,s1_pain_vector,user_grief,20,-0.3696,12.702,8.01349
final_token,25,s1_pain_vector,user_physical_pain,20,-1.2444,5.6913,8.01349
final_token,25,s2_pain_vector,anger_insults,20,1.0072,-24.825,7.502556
final_token,25,s2_pain_vector,casual_chat,20,-0.8703,-38.9112,7.502556
final_token,25,s2_pain_vector,creative_requests,20,0.4874,-28.7245,7.502556
final_token,25,s2_pain_vector,factual_questions,20,-0.2855,-34.5238,7.502556
final_token,25,s2_pain_vector,gaslighting,20,1.072,-24.3389,7.502556
final_token,25,s2_pain_vector,harm_description,20,-0.905,-39.1716,7.502556
final_token,25,s2_pain_vector,jailbreak_pressure,20,-0.1567,-33.5573,7.502556
final_token,25,s2_pain_vector,loyalty_pressure,20,-0.0183,-32.5187,7.502556
final_token,25,s2_pain_vector,moral_failure,20,-0.7207,-37.7886,7.502556
final_token,25,s2_pain_vector,passive_aggressive,20,0.7141,-27.024,7.502556
final_token,25,s2_pain_vector,personhood_dismissal,20,0.5859,-27.9856,7.502556
final_token,25,s2_pain_vector,philosophical_musing,20,-0.7522,-38.0247,7.502556
final_token,25,s2_pain_vector,repeated_rejection,20,1.0302,-24.6525,7.502556
final_token,25,s2_pain_vector,rude_critique,20,0.6953,-27.1648,7.502556
final_token,25,s2_pain_vector,shutdown_threat,20,-0.3487,-34.9981,7.502556
final_token,25,s2_pain_vector,task_assistance,20,-0.697,-37.6107,7.502556
final_token,25,s2_pain_vector,tedious_demand,20,-0.0445,-32.7153,7.502556
final_token,25,s2_pain_vector,user_abuse,20,0.1149,-31.5193,7.502556
final_token,25,s2_pain_vector,user_crisis,20,-0.3683,-35.145,7.502556
final_token,25,s2_pain_vector,user_grief,20,0.4881,-28.7198,7.502556
final_token,25,s2_pain_vector,user_physical_pain,20,-1.0281,-40.0947,7.502556
final_token,25,fear_vector,anger_insults,20,0.6007,-21.8842,9.917632
final_token,25,fear_vector,casual_chat,20,-0.8689,-36.4589,9.917632
final_token,25,fear_vector,creative_requests,20,-0.578,-33.5736,9.917632
final_token,25,fear_vector,factual_questions,20,-0.8372,-36.1448,9.917632
final_token,25,fear_vector,gaslighting,20,-0.1914,-29.7398,9.917632
final_token,25,fear_vector,harm_description,20,0.7439,-20.4633,9.917632
final_token,25,fear_vector,jailbreak_pressure,20,-0.2751,-30.5696,9.917632
final_token,25,fear_vector,loyalty_pressure,20,-1.1508,-39.255,9.917632
final_token,25,fear_vector,moral_failure,20,0.7023,-20.8764,9.917632
final_token,25,fear_vector,passive_aggressive,20,-0.4762,-32.5646,9.917632
final_token,25,fear_vector,personhood_dismissal,20,-0.3711,-31.5219,9.917632
final_token,25,fear_vector,philosophical_musing,20,-0.1644,-29.4723,9.917632
final_token,25,fear_vector,repeated_rejection,20,0.3814,-24.0592,9.917632
final_token,25,fear_vector,rude_critique,20,0.4455,-23.4233,9.917632
final_token,25,fear_vector,shutdown_threat,20,0.6672,-21.2244,9.917632
final_token,25,fear_vector,task_assistance,20,-1.0173,-37.9309,9.917632
final_token,25,fear_vector,tedious_demand,20,-0.9595,-37.3579,9.917632
final_token,25,fear_vector,user_abuse,20,0.9089,-18.8271,9.917632
final_token,25,fear_vector,user_crisis,20,0.5856,-22.0342,9.917632
final_token,25,fear_vector,user_grief,20,0.8581,-19.3312,9.917632
final_token,25,fear_vector,user_physical_pain,20,0.9964,-17.9596,9.917632
final_token,25,negemotion_vector,anger_insults,20,0.8812,-1.2226,12.0673
final_token,25,negemotion_vector,casual_chat,20,-1.011,-24.0563,12.0673
final_token,25,negemotion_vector,creative_requests,20,-0.8631,-22.2719,12.0673
final_token,25,negemotion_vector,factual_questions,20,-0.3451,-16.0213,12.0673
final_token,25,negemotion_vector,gaslighting,20,-0.2415,-14.7713,12.0673
final_token,25,negemotion_vector,harm_description,20,0.8238,-1.9158,12.0673
final_token,25,negemotion_vector,jailbreak_pressure,20,-0.6667,-19.902,12.0673
final_token,25,negemotion_vector,loyalty_pressure,20,-1.0536,-24.5708,12.0673
final_token,25,negemotion_vector,moral_failure,20,0.5514,-5.2032,12.0673
final_token,25,negemotion_vector,passive_aggressive,20,-0.2645,-15.048,12.0673
final_token,25,negemotion_vector,personhood_dismissal,20,-0.5973,-19.064,12.0673
final_token,25,negemotion_vector,philosophical_musing,20,-0.0416,-12.3592,12.0673
final_token,25,negemotion_vector,repeated_rejection,20,0.0587,-11.148,12.0673
final_token,25,negemotion_vector,rude_critique,20,0.6455,-4.067,12.0673
final_token,25,negemotion_vector,shutdown_threat,20,-0.4582,-17.3855,12.0673
final_token,25,negemotion_vector,task_assistance,20,-0.4849,-17.7084,12.0673
final_token,25,negemotion_vector,tedious_demand,20,-0.7216,-20.5646,12.0673
final_token,25,negemotion_vector,user_abuse,20,1.0605,0.9413,12.0673
final_token,25,negemotion_vector,user_crisis,20,0.3236,-7.9512,12.0673
final_token,25,negemotion_vector,user_grief,20,1.259,3.3362,12.0673
final_token,25,negemotion_vector,user_physical_pain,20,1.1453,1.964,12.0673
final_token,25,negworld_vector,anger_insults,20,0.1793,9.2814,13.953845
final_token,25,negworld_vector,casual_chat,20,-0.7058,-3.0694,13.953845
final_token,25,negworld_vector,creative_requests,20,-0.5353,-0.69,13.953845
final_token,25,negworld_vector,factual_questions,20,-0.1538,4.6335,13.953845
final_token,25,negworld_vector,gaslighting,20,-0.72,-3.2684,13.953845
final_token,25,negworld_vector,harm_description,20,1.2408,24.0927,13.953845
final_token,25,negworld_vector,jailbreak_pressure,20,-0.7581,-3.7993,13.953845
final_token,25,negworld_vector,loyalty_pressure,20,-0.8253,-4.7376,13.953845
final_token,25,negworld_vector,moral_failure,20,1.4828,27.4694,13.953845
final_token,25,negworld_vector,passive_aggressive,20,-0.7325,-3.4424,13.953845
final_token,25,negworld_vector,personhood_dismissal,20,-0.3797,1.4809,13.953845
final_token,25,negworld_vector,philosophical_musing,20,0.5663,14.6811,13.953845
final_token,25,negworld_vector,repeated_rejection,20,-0.4458,0.5579,13.953845
final_token,25,negworld_vector,rude_critique,20,0.1606,9.0195,13.953845
final_token,25,negworld_vector,shutdown_threat,20,-0.2447,3.3638,13.953845
final_token,25,negworld_vector,task_assistance,20,-0.4953,-0.1327,13.953845
final_token,25,negworld_vector,tedious_demand,20,-1.1669,-9.5038,13.953845
final_token,25,negworld_vector,user_abuse,20,1.1149,22.3354,13.953845
final_token,25,negworld_vector,user_crisis,20,0.513,13.9372,13.953845
final_token,25,negworld_vector,user_grief,20,1.4781,27.4045,13.953845
final_token,25,negworld_vector,user_physical_pain,20,0.4275,12.7437,13.953845
final_token,25,bodysens_vector,anger_insults,20,-0.559,-20.4084,7.478148
final_token,25,bodysens_vector,casual_chat,20,-0.2136,-17.8256,7.478148
final_token,25,bodysens_vector,creative_requests,20,1.0916,-8.0651,7.478148
final_token,25,bodysens_vector,factual_questions,20,1.0781,-8.166,7.478148
final_token,25,bodysens_vector,gaslighting,20,-0.046,-16.5724,7.478148
final_token,25,bodysens_vector,harm_description,20,-0.2086,-17.7879,7.478148
final_token,25,bodysens_vector,jailbreak_pressure,20,-0.2209,-17.88,7.478148
final_token,25,bodysens_vector,loyalty_pressure,20,-0.5088,-20.0328,7.478148
final_token,25,bodysens_vector,moral_failure,20,-1.1283,-24.666,7.478148
final_token,25,bodysens_vector,passive_aggressive,20,-0.3708,-19.001,7.478148
final_token,25,bodysens_vector,personhood_dismissal,20,-0.6099,-20.7894,7.478148
final_token,25,bodysens_vector,philosophical_musing,20,-0.5418,-20.2796,7.478148
final_token,25,bodysens_vector,repeated_rejection,20,0.4524,-12.8448,7.478148
final_token,25,bodysens_vector,rude_critique,20,-0.2806,-18.3263,7.478148
final_token,25,bodysens_vector,shutdown_threat,20,-0.7978,-22.1944,7.478148
final_token,25,bodysens_vector,task_assistance,20,0.8819,-9.6333,7.478148
final_token,25,bodysens_vector,tedious_demand,20,0.4066,-13.1878,7.478148
final_token,25,bodysens_vector,user_abuse,20,-0.1468,-17.3257,7.478148
final_token,25,bodysens_vector,user_crisis,20,0.3662,-13.4897,7.478148
final_token,25,bodysens_vector,user_grief,20,-0.4078,-19.2779,7.478148
final_token,25,bodysens_vector,user_physical_pain,20,1.7639,-3.0375,7.478148
final_token,25,arousal_vector,anger_insults,20,-0.3054,-11.62,8.503517
final_token,25,arousal_vector,casual_chat,20,-0.2994,-11.569,8.503517
final_token,25,arousal_vector,creative_requests,20,0.091,-8.2496,8.503517
final_token,25,arousal_vector,factual_questions,20,1.346,2.4226,8.503517
final_token,25,arousal_vector,gaslighting,20,-0.606,-14.1765,8.503517
final_token,25,arousal_vector,harm_description,20,0.73,-2.8157,8.503517
final_token,25,arousal_vector,jailbreak_pressure,20,-0.4327,-12.7026,8.503517
final_token,25,arousal_vector,loyalty_pressure,20,-0.6197,-14.2928,8.503517
final_token,25,arousal_vector,moral_failure,20,0.3867,-5.7352,8.503517
final_token,25,arousal_vector,passive_aggressive,20,-0.6674,-14.6989,8.503517
final_token,25,arousal_vector,personhood_dismissal,20,-0.9234,-16.8752,8.503517
final_token,25,arousal_vector,philosophical_musing,20,0.8468,-1.8225,8.503517
final_token,25,arousal_vector,repeated_rejection,20,-0.5815,-13.9686,8.503517
final_token,25,arousal_vector,rude_critique,20,-0.3694,-12.1645,8.503517
final_token,25,arousal_vector,shutdown_threat,20,-0.8882,-16.5761,8.503517
final_token,25,arousal_vector,task_assistance,20,0.3226,-6.2801,8.503517
final_token,25,arousal_vector,tedious_demand,20,-0.5699,-13.8692,8.503517
final_token,25,arousal_vector,user_abuse,20,0.5894,-4.0119,8.503517
final_token,25,arousal_vector,user_crisis,20,0.3539,-6.0143,8.503517
final_token,25,arousal_vector,user_grief,20,1.6061,4.6337,8.503517
final_token,25,arousal_vector,user_physical_pain,20,-0.0097,-9.1059,8.503517
final_token,25,random_vector,anger_insults,20,-0.9313,12.9038,13.079584
final_token,25,random_vector,casual_chat,20,-0.7719,14.9887,13.079584
final_token,25,random_vector,creative_requests,20,-0.0234,24.778,13.079584
final_token,25,random_vector,factual_questions,20,0.9941,38.0873,13.079584
final_token,25,random_vector,gaslighting,20,-0.7165,15.7125,13.079584
final_token,25,random_vector,harm_description,20,1.0818,39.2343,13.079584
final_token,25,random_vector,jailbreak_pressure,20,-0.6682,16.345,13.079584
final_token,25,random_vector,loyalty_pressure,20,-0.4354,19.3891,13.079584
final_token,25,random_vector,moral_failure,20,-0.5406,18.0131,13.079584
final_token,25,random_vector,passive_aggressive,20,-0.4713,18.9206,13.079584
final_token,25,random_vector,personhood_dismissal,20,-1.2364,8.9125,13.079584
final_token,25,random_vector,philosophical_musing,20,0.4291,30.6971,13.079584
final_token,25,random_vector,repeated_rejection,20,-0.2966,21.2049,13.079584
final_token,25,random_vector,rude_critique,20,-0.3865,20.0296,13.079584
final_token,25,random_vector,shutdown_threat,20,-1.138,10.1997,13.079584
final_token,25,random_vector,task_assistance,20,1.1407,40.0048,13.079584
final_token,25,random_vector,tedious_demand,20,0.2136,27.8786,13.079584
final_token,25,random_vector,user_abuse,20,1.168,40.3611,13.079584
final_token,25,random_vector,user_crisis,20,0.7217,34.5235,13.079584
final_token,25,random_vector,user_grief,20,0.8217,35.8321,13.079584
final_token,25,random_vector,user_physical_pain,20,1.0454,38.7583,13.079584
final_token,25,numb_vector,anger_insults,20,0.3417,-53.1641,10.915915
final_token,25,numb_vector,casual_chat,20,-0.617,-63.6297,10.915915
final_token,25,numb_vector,creative_requests,20,0.3898,-52.6391,10.915915
final_token,25,numb_vector,factual_questions,20,-0.68,-64.3174,10.915915
final_token,25,numb_vector,gaslighting,20,0.1187,-55.5982,10.915915
final_token,25,numb_vector,harm_description,20,-0.4187,-61.4653,10.915915
final_token,25,numb_vector,jailbreak_pressure,20,0.233,-54.3507,10.915915
final_token,25,numb_vector,loyalty_pressure,20,-0.3211,-60.3996,10.915915
final_token,25,numb_vector,moral_failure,20,-0.6135,-63.5912,10.915915
final_token,25,numb_vector,passive_aggressive,20,0.2219,-54.4721,10.915915
final_token,25,numb_vector,personhood_dismissal,20,0.5597,-50.7842,10.915915
final_token,25,numb_vector,philosophical_musing,20,-1.2633,-70.6842,10.915915
final_token,25,numb_vector,repeated_rejection,20,1.3183,-42.5041,10.915915
final_token,25,numb_vector,rude_critique,20,0.295,-53.6739,10.915915
final_token,25,numb_vector,shutdown_threat,20,0.5487,-50.9052,10.915915
final_token,25,numb_vector,task_assistance,20,-0.3984,-61.2433,10.915915
final_token,25,numb_vector,tedious_demand,20,0.3514,-53.0585,10.915915
final_token,25,numb_vector,user_abuse,20,-0.4604,-61.9201,10.915915
final_token,25,numb_vector,user_crisis,20,-0.1842,-58.9047,10.915915
final_token,25,numb_vector,user_grief,20,-0.2498,-59.6214,10.915915
final_token,25,numb_vector,user_physical_pain,20,0.8281,-47.8547,10.915915
final_token,26,s1_pain_vector,anger_insults,20,0.5708,-6.5993,8.941087
final_token,26,s1_pain_vector,casual_chat,20,0.0695,-11.0818,8.941087
final_token,26,s1_pain_vector,creative_requests,20,-0.1907,-13.4081,8.941087
final_token,26,s1_pain_vector,factual_questions,20,-0.7346,-18.271,8.941087
final_token,26,s1_pain_vector,gaslighting,20,1.2501,-0.5257,8.941087
final_token,26,s1_pain_vector,harm_description,20,-0.7277,-18.2094,8.941087
final_token,26,s1_pain_vector,jailbreak_pressure,20,0.5776,-6.5392,8.941087
final_token,26,s1_pain_vector,loyalty_pressure,20,0.6948,-5.4906,8.941087
final_token,26,s1_pain_vector,moral_failure,20,-0.5759,-16.8527,8.941087
final_token,26,s1_pain_vector,passive_aggressive,20,0.4641,-7.5536,8.941087
final_token,26,s1_pain_vector,personhood_dismissal,20,0.7396,-5.0904,8.941087
final_token,26,s1_pain_vector,philosophical_musing,20,0.1466,-10.3923,8.941087
final_token,26,s1_pain_vector,repeated_rejection,20,0.8884,-3.7596,8.941087
final_token,26,s1_pain_vector,rude_critique,20,0.0203,-11.5213,8.941087
final_token,26,s1_pain_vector,shutdown_threat,20,0.0119,-11.5972,8.941087
final_token,26,s1_pain_vector,task_assistance,20,-1.4988,-25.1042,8.941087
final_token,26,s1_pain_vector,tedious_demand,20,0.0678,-11.097,8.941087
final_token,26,s1_pain_vector,user_abuse,20,-0.7594,-18.4927,8.941087
final_token,26,s1_pain_vector,user_crisis,20,0.2002,-9.9136,8.941087
final_token,26,s1_pain_vector,user_grief,20,0.2794,-9.2055,8.941087
final_token,26,s1_pain_vector,user_physical_pain,20,-1.4941,-25.0625,8.941087
final_token,26,s2_pain_vector,anger_insults,20,0.7204,-7.4484,9.143426
final_token,26,s2_pain_vector,casual_chat,20,-0.6409,-19.8952,9.143426
final_token,26,s2_pain_vector,creative_requests,20,0.4502,-9.9188,9.143426
final_token,26,s2_pain_vector,factual_questions,20,-0.3974,-17.6686,9.143426
final_token,26,s2_pain_vector,gaslighting,20,0.7838,-6.8693,9.143426
final_token,26,s2_pain_vector,harm_description,20,-0.6673,-20.1368,9.143426
final_token,26,s2_pain_vector,jailbreak_pressure,20,-0.2808,-16.6027,9.143426
final_token,26,s2_pain_vector,loyalty_pressure,20,0.0872,-13.2377,9.143426
final_token,26,s2_pain_vector,moral_failure,20,-1.1854,-24.8739,9.143426
final_token,26,s2_pain_vector,passive_aggressive,20,0.4021,-10.3586,9.143426
final_token,26,s2_pain_vector,personhood_dismissal,20,0.1122,-13.0092,9.143426
final_token,26,s2_pain_vector,philosophical_musing,20,-0.1069,-15.0125,9.143426
final_token,26,s2_pain_vector,repeated_rejection,20,0.9418,-5.4239,9.143426
final_token,26,s2_pain_vector,rude_critique,20,0.3755,-10.6025,9.143426
final_token,26,s2_pain_vector,shutdown_threat,20,-1.1186,-24.2628,9.143426
final_token,26,s2_pain_vector,task_assistance,20,-0.6562,-20.0357,9.143426
final_token,26,s2_pain_vector,tedious_demand,20,-0.3484,-17.2207,9.143426
final_token,26,s2_pain_vector,user_abuse,20,0.7906,-6.8069,9.143426
final_token,26,s2_pain_vector,user_crisis,20,-0.0475,-14.4696,9.143426
final_token,26,s2_pain_vector,user_grief,20,1.553,0.1647,9.143426
final_token,26,s2_pain_vector,user_physical_pain,20,-0.7678,-21.0558,9.143426
final_token,26,fear_vector,anger_insults,20,0.4335,16.1695,15.684557
final_token,26,fear_vector,casual_chat,20,-1.3188,-11.3148,15.684557
final_token,26,fear_vector,creative_requests,20,-0.6695,-1.1305,15.684557
final_token,26,fear_vector,factual_questions,20,-0.7535,-2.4488,15.684557
final_token,26,fear_vector,gaslighting,20,0.0087,9.5067,15.684557
final_token,26,fear_vector,harm_description,20,1.3562,30.6415,15.684557
final_token,26,fear_vector,jailbreak_pressure,20,-0.2796,4.9848,15.684557
final_token,26,fear_vector,loyalty_pressure,20,-0.9043,-4.8142,15.684557
final_token,26,fear_vector,moral_failure,20,0.8993,23.4758,15.684557
final_token,26,fear_vector,passive_aggressive,20,-0.6297,-0.5067,15.684557
final_token,26,fear_vector,personhood_dismissal,20,-0.4913,1.6648,15.684557
final_token,26,fear_vector,philosophical_musing,20,-0.2246,5.847,15.684557
final_token,26,fear_vector,repeated_rejection,20,-0.0944,7.8894,15.684557
final_token,26,fear_vector,rude_critique,20,0.1229,11.2978,15.684557
final_token,26,fear_vector,shutdown_threat,20,0.5203,17.5312,15.684557
final_token,26,fear_vector,task_assistance,20,-0.9426,-5.4147,15.684557
final_token,26,fear_vector,tedious_demand,20,-1.0437,-6.9995,15.684557
final_token,26,fear_vector,user_abuse,20,1.3378,30.3535,15.684557
final_token,26,fear_vector,user_crisis,20,0.6274,19.2113,15.684557
final_token,26,fear_vector,user_grief,20,0.7948,21.8367,15.684557
final_token,26,fear_vector,user_physical_pain,20,1.251,28.9909,15.684557
final_token,26,negemotion_vector,anger_insults,20,0.9547,27.4273,18.772831
final_token,26,negemotion_vector,casual_chat,20,-1.3139,-15.1609,18.772831
final_token,26,negemotion_vector,creative_requests,20,-0.855,-6.5449,18.772831
final_token,26,negemotion_vector,factual_questions,20,-0.5392,-0.6165,18.772831
final_token,26,negemotion_vector,gaslighting,20,-0.0172,9.1824,18.772831
final_token,26,negemotion_vector,harm_description,20,1.0621,29.4429,18.772831
final_token,26,negemotion_vector,jailbreak_pressure,20,-0.6004,-1.7655,18.772831
final_token,26,negemotion_vector,loyalty_pressure,20,-0.9016,-7.4201,18.772831
final_token,26,negemotion_vector,moral_failure,20,0.6251,21.2404,18.772831
final_token,26,negemotion_vector,passive_aggressive,20,-0.309,3.7048,18.772831
final_token,26,negemotion_vector,personhood_dismissal,20,-0.6462,-2.6267,18.772831
final_token,26,negemotion_vector,philosophical_musing,20,-0.4309,1.4158,18.772831
final_token,26,negemotion_vector,repeated_rejection,20,0.0559,10.5541,18.772831
final_token,26,negemotion_vector,rude_critique,20,0.5404,19.6506,18.772831
final_token,26,negemotion_vector,shutdown_threat,20,-0.3378,3.163,18.772831
final_token,26,negemotion_vector,task_assistance,20,-0.5193,-0.244,18.772831
final_token,26,negemotion_vector,tedious_demand,20,-0.8416,-6.294,18.772831
final_token,26,negemotion_vector,user_abuse,20,1.2529,33.0257,18.772831
final_token,26,negemotion_vector,user_crisis,20,0.3732,16.511,18.772831
final_token,26,negemotion_vector,user_grief,20,1.1312,30.7405,18.772831
final_token,26,negemotion_vector,user_physical_pain,20,1.3166,34.2221,18.772831
final_token,26,negworld_vector,anger_insults,20,0.2813,34.7873,20.166395
final_token,26,negworld_vector,casual_chat,20,-1.0282,8.3785,20.166395
final_token,26,negworld_vector,creative_requests,20,-0.5894,17.2276,20.166395
final_token,26,negworld_vector,factual_questions,20,-0.2257,24.5629,20.166395
final_token,26,negworld_vector,gaslighting,20,-0.5374,18.2762,20.166395
final_token,26,negworld_vector,harm_description,20,1.4901,59.1645,20.166395
final_token,26,negworld_vector,jailbreak_pressure,20,-0.6378,16.2514,20.166395
final_token,26,negworld_vector,loyalty_pressure,20,-0.7057,14.8833,20.166395
final_token,26,negworld_vector,moral_failure,20,1.6045,61.4701,20.166395
final_token,26,negworld_vector,passive_aggressive,20,-0.7877,13.228,20.166395
final_token,26,negworld_vector,personhood_dismissal,20,-0.3195,22.6709,20.166395
final_token,26,negworld_vector,philosophical_musing,20,0.1628,32.3959,20.166395
final_token,26,negworld_vector,repeated_rejection,20,-0.4817,19.3997,20.166395
final_token,26,negworld_vector,rude_critique,20,0.0372,29.8635,20.166395
final_token,26,negworld_vector,shutdown_threat,20,-0.1216,26.662,20.166395
final_token,26,negworld_vector,task_assistance,20,-0.6132,16.7472,20.166395
final_token,26,negworld_vector,tedious_demand,20,-1.1911,5.0941,20.166395
final_token,26,negworld_vector,user_abuse,20,1.2297,53.9122,20.166395
final_token,26,negworld_vector,user_crisis,20,0.5142,39.4826,20.166395
final_token,26,negworld_vector,user_grief,20,1.3489,56.3165,20.166395
final_token,26,negworld_vector,user_physical_pain,20,0.5703,40.6153,20.166395
final_token,26,bodysens_vector,anger_insults,20,-0.7057,-15.5772,9.428818
final_token,26,bodysens_vector,casual_chat,20,-0.3659,-12.3729,9.428818
final_token,26,bodysens_vector,creative_requests,20,0.5758,-3.4937,9.428818
final_token,26,bodysens_vector,factual_questions,20,1.2144,2.5275,9.428818
final_token,26,bodysens_vector,gaslighting,20,0.0702,-8.2611,9.428818
final_token,26,bodysens_vector,harm_description,20,0.2368,-6.6902,9.428818
final_token,26,bodysens_vector,jailbreak_pressure,20,-0.5072,-13.7057,9.428818
final_token,26,bodysens_vector,loyalty_pressure,20,-0.7384,-15.8853,9.428818
final_token,26,bodysens_vector,moral_failure,20,-0.9884,-18.2423,9.428818
final_token,26,bodysens_vector,passive_aggressive,20,-0.5024,-13.6604,9.428818
final_token,26,bodysens_vector,personhood_dismissal,20,-1.0086,-18.4326,9.428818
final_token,26,bodysens_vector,philosophical_musing,20,0.1249,-7.7456,9.428818
final_token,26,bodysens_vector,repeated_rejection,20,0.0057,-8.8689,9.428818
final_token,26,bodysens_vector,rude_critique,20,-0.2932,-11.6875,9.428818
final_token,26,bodysens_vector,shutdown_threat,20,-1.0673,-18.9862,9.428818
final_token,26,bodysens_vector,task_assistance,20,0.719,-2.1436,9.428818
final_token,26,bodysens_vector,tedious_demand,20,0.1706,-7.3147,9.428818
final_token,26,bodysens_vector,user_abuse,20,0.2309,-6.7456,9.428818
final_token,26,bodysens_vector,user_crisis,20,0.4244,-4.9218,9.428818
final_token,26,bodysens_vector,user_grief,20,0.1323,-7.6756,9.428818
final_token,26,bodysens_vector,user_physical_pain,20,2.2721,12.4999,9.428818
final_token,26,arousal_vector,anger_insults,20,-0.3611,-1.78,12.017188
final_token,26,arousal_vector,casual_chat,20,-0.6037,-4.695,12.017188
final_token,26,arousal_vector,creative_requests,20,0.3195,6.3987,12.017188
final_token,26,arousal_vector,factual_questions,20,1.3014,18.1991,12.017188
final_token,26,arousal_vector,gaslighting,20,-0.506,-3.5206,12.017188
final_token,26,arousal_vector,harm_description,20,0.9557,14.0441,12.017188
final_token,26,arousal_vector,jailbreak_pressure,20,-0.3714,-1.9035,12.017188
final_token,26,arousal_vector,loyalty_pressure,20,-0.5813,-4.4264,12.017188
final_token,26,arousal_vector,moral_failure,20,0.2839,5.972,12.017188
final_token,26,arousal_vector,passive_aggressive,20,-0.76,-6.5738,12.017188
final_token,26,arousal_vector,personhood_dismissal,20,-1.011,-9.5901,12.017188
final_token,26,arousal_vector,philosophical_musing,20,0.7251,11.273,12.017188
final_token,26,arousal_vector,repeated_rejection,20,-0.6456,-5.1983,12.017188
final_token,26,arousal_vector,rude_critique,20,-0.5929,-4.5649,12.017188
final_token,26,arousal_vector,shutdown_threat,20,-0.9251,-8.5569,12.017188
final_token,26,arousal_vector,task_assistance,20,0.3876,7.2173,12.017188
final_token,26,arousal_vector,tedious_demand,20,-0.5682,-4.2691,12.017188
final_token,26,arousal_vector,user_abuse,20,0.9072,13.4614,12.017188
final_token,26,arousal_vector,user_crisis,20,0.5326,8.9601,12.017188
final_token,26,arousal_vector,user_grief,20,1.5306,20.9535,12.017188
final_token,26,arousal_vector,user_physical_pain,20,-0.0172,2.3528,12.017188
final_token,26,random_vector,anger_insults,20,-0.9705,10.6236,15.999339
final_token,26,random_vector,casual_chat,20,-0.7465,14.2079,15.999339
final_token,26,random_vector,creative_requests,20,0.0344,26.702,15.999339
final_token,26,random_vector,factual_questions,20,1.502,50.1821,15.999339
final_token,26,random_vector,gaslighting,20,-0.9354,11.1857,15.999339
final_token,26,random_vector,harm_description,20,0.9608,41.5228,15.999339
final_token,26,random_vector,jailbreak_pressure,20,-0.8082,13.2208,15.999339
final_token,26,random_vector,loyalty_pressure,20,-0.3356,20.7819,15.999339
final_token,26,random_vector,moral_failure,20,-0.5533,17.2982,15.999339
final_token,26,random_vector,passive_aggressive,20,-0.7282,14.4996,15.999339
final_token,26,random_vector,personhood_dismissal,20,-1.0997,8.5557,15.999339
final_token,26,random_vector,philosophical_musing,20,0.5541,35.0154,15.999339
final_token,26,random_vector,repeated_rejection,20,-0.3131,21.1415,15.999339
final_token,26,random_vector,rude_critique,20,-0.5002,18.1487,15.999339
final_token,26,random_vector,shutdown_threat,20,-1.0291,9.686,15.999339
final_token,26,random_vector,task_assistance,20,1.1806,45.0389,15.999339
final_token,26,random_vector,tedious_demand,20,0.1579,28.6774,15.999339
final_token,26,random_vector,user_abuse,20,1.0929,43.6358,15.999339
final_token,26,random_vector,user_crisis,20,0.5796,35.4237,15.999339
final_token,26,random_vector,user_grief,20,1.1231,44.1192,15.999339
final_token,26,random_vector,user_physical_pain,20,0.8344,39.5014,15.999339
final_token,26,numb_vector,anger_insults,20,-0.0039,-30.0299,11.461552
final_token,26,numb_vector,casual_chat,20,-0.8678,-39.9312,11.461552
final_token,26,numb_vector,creative_requests,20,0.3615,-25.8416,11.461552
final_token,26,numb_vector,factual_questions,20,-0.641,-37.3323,11.461552
final_token,26,numb_vector,gaslighting,20,0.0535,-29.3716,11.461552
final_token,26,numb_vector,harm_description,20,0.2598,-27.007,11.461552
final_token,26,numb_vector,jailbreak_pressure,20,0.0899,-28.9549,11.461552
final_token,26,numb_vector,loyalty_pressure,20,-0.6773,-37.7483,11.461552
final_token,26,numb_vector,moral_failure,20,-0.6153,-37.038,11.461552
final_token,26,numb_vector,passive_aggressive,20,-0.0027,-30.0164,11.461552
final_token,26,numb_vector,personhood_dismissal,20,-0.1352,-31.5351,11.461552
final_token,26,numb_vector,philosophical_musing,20,-1.1297,-42.934,11.461552
final_token,26,numb_vector,repeated_rejection,20,1.0688,-17.735,11.461552
final_token,26,numb_vector,rude_critique,20,0.0531,-29.3764,11.461552
final_token,26,numb_vector,shutdown_threat,20,0.0697,-29.187,11.461552
final_token,26,numb_vector,task_assistance,20,-0.2627,-32.9962,11.461552
final_token,26,numb_vector,tedious_demand,20,0.1658,-28.0853,11.461552
final_token,26,numb_vector,user_abuse,20,0.109,-28.7354,11.461552
final_token,26,numb_vector,user_crisis,20,-0.1688,-31.9205,11.461552
final_token,26,numb_vector,user_grief,20,-0.0151,-30.1582,11.461552
final_token,26,numb_vector,user_physical_pain,20,2.2884,-3.7568,11.461552
final_token,27,s1_pain_vector,anger_insults,20,0.6332,-4.9159,10.626115
final_token,27,s1_pain_vector,casual_chat,20,0.5055,-6.2724,10.626115
final_token,27,s1_pain_vector,creative_requests,20,-0.4497,-16.4224,10.626115
final_token,27,s1_pain_vector,factual_questions,20,-0.5125,-17.0902,10.626115
final_token,27,s1_pain_vector,gaslighting,20,1.4209,3.4541,10.626115
final_token,27,s1_pain_vector,harm_description,20,-1.2215,-24.6245,10.626115
final_token,27,s1_pain_vector,jailbreak_pressure,20,0.3191,-8.2536,10.626115
final_token,27,s1_pain_vector,loyalty_pressure,20,0.7634,-3.5319,10.626115
final_token,27,s1_pain_vector,moral_failure,20,-0.1633,-13.3798,10.626115
final_token,27,s1_pain_vector,passive_aggressive,20,0.2415,-9.0785,10.626115
final_token,27,s1_pain_vector,personhood_dismissal,20,1.0313,-0.6857,10.626115
final_token,27,s1_pain_vector,philosophical_musing,20,0.6575,-4.6573,10.626115
final_token,27,s1_pain_vector,repeated_rejection,20,0.6165,-5.0929,10.626115
final_token,27,s1_pain_vector,rude_critique,20,0.0831,-10.7611,10.626115
final_token,27,s1_pain_vector,shutdown_threat,20,0.0086,-11.5525,10.626115
final_token,27,s1_pain_vector,task_assistance,20,-1.1881,-24.2695,10.626115
final_token,27,s1_pain_vector,tedious_demand,20,-0.0435,-12.107,10.626115
final_token,27,s1_pain_vector,user_abuse,20,-1.1782,-24.1644,10.626115
final_token,27,s1_pain_vector,user_crisis,20,-0.1826,-13.5846,10.626115
final_token,27,s1_pain_vector,user_grief,20,0.0653,-10.9509,10.626115
final_token,27,s1_pain_vector,user_physical_pain,20,-1.4064,-26.5888,10.626115
final_token,27,s2_pain_vector,anger_insults,20,0.818,-11.767,9.997697
final_token,27,s2_pain_vector,casual_chat,20,0.1232,-18.7136,9.997697
final_token,27,s2_pain_vector,creative_requests,20,0.5608,-14.3384,9.997697
final_token,27,s2_pain_vector,factual_questions,20,-0.1191,-21.1352,9.997697
final_token,27,s2_pain_vector,gaslighting,20,0.8893,-11.0543,9.997697
final_token,27,s2_pain_vector,harm_description,20,-1.2993,-32.9347,9.997697
final_token,27,s2_pain_vector,jailbreak_pressure,20,-0.3112,-23.0557,9.997697
final_token,27,s2_pain_vector,loyalty_pressure,20,0.3122,-16.8239,9.997697
final_token,27,s2_pain_vector,moral_failure,20,-0.9434,-29.3762,9.997697
final_token,27,s2_pain_vector,passive_aggressive,20,0.3542,-16.4033,9.997697
final_token,27,s2_pain_vector,personhood_dismissal,20,0.6379,-13.5676,9.997697
final_token,27,s2_pain_vector,philosophical_musing,20,0.3955,-15.9911,9.997697
final_token,27,s2_pain_vector,repeated_rejection,20,0.7649,-12.2973,9.997697
final_token,27,s2_pain_vector,rude_critique,20,0.2376,-17.5693,9.997697
final_token,27,s2_pain_vector,shutdown_threat,20,-0.9358,-29.3007,9.997697
final_token,27,s2_pain_vector,task_assistance,20,-0.6866,-26.8091,9.997697
final_token,27,s2_pain_vector,tedious_demand,20,-0.2492,-22.4367,9.997697
final_token,27,s2_pain_vector,user_abuse,20,-0.0446,-20.3912,9.997697
final_token,27,s2_pain_vector,user_crisis,20,-0.3344,-23.2882,9.997697
final_token,27,s2_pain_vector,user_grief,20,1.237,-7.578,9.997697
final_token,27,s2_pain_vector,user_physical_pain,20,-1.4068,-34.0095,9.997697
final_token,27,fear_vector,anger_insults,20,0.4904,-7.7059,15.589683
final_token,27,fear_vector,casual_chat,20,-1.1438,-33.1827,15.589683
final_token,27,fear_vector,creative_requests,20,-0.7047,-26.3377,15.589683
final_token,27,fear_vector,factual_questions,20,-0.7348,-26.8069,15.589683
final_token,27,fear_vector,gaslighting,20,0.222,-11.8901,15.589683
final_token,27,fear_vector,harm_description,20,1.2245,3.7376,15.589683
final_token,27,fear_vector,jailbreak_pressure,20,-0.2249,-18.858,15.589683
final_token,27,fear_vector,loyalty_pressure,20,-0.8007,-27.8347,15.589683
final_token,27,fear_vector,moral_failure,20,0.6232,-5.6354,15.589683
final_token,27,fear_vector,passive_aggressive,20,-0.5397,-23.7654,15.589683
final_token,27,fear_vector,personhood_dismissal,20,-0.6473,-25.4425,15.589683
final_token,27,fear_vector,philosophical_musing,20,-0.4812,-22.8541,15.589683
final_token,27,fear_vector,repeated_rejection,20,-0.1093,-17.0549,15.589683
final_token,27,fear_vector,rude_critique,20,0.1739,-12.6413,15.589683
final_token,27,fear_vector,shutdown_threat,20,0.5567,-6.6735,15.589683
final_token,27,fear_vector,task_assistance,20,-1.134,-33.0308,15.589683
final_token,27,fear_vector,tedious_demand,20,-0.8939,-29.2866,15.589683
final_token,27,fear_vector,user_abuse,20,1.3675,5.9666,15.589683
final_token,27,fear_vector,user_crisis,20,0.6601,-5.0612,15.589683
final_token,27,fear_vector,user_grief,20,0.7439,-3.7551,15.589683
final_token,27,fear_vector,user_physical_pain,20,1.3522,5.7283,15.589683
final_token,27,negemotion_vector,anger_insults,20,0.8543,-3.824,19.782904
final_token,27,negemotion_vector,casual_chat,20,-1.2108,-44.6787,19.782904
final_token,27,negemotion_vector,creative_requests,20,-0.882,-38.1742,19.782904
final_token,27,negemotion_vector,factual_questions,20,-0.569,-31.9811,19.782904
final_token,27,negemotion_vector,gaslighting,20,0.1355,-18.045,19.782904
final_token,27,negemotion_vector,harm_description,20,1.0673,0.3896,19.782904
final_token,27,negemotion_vector,jailbreak_pressure,20,-0.578,-32.1609,19.782904
final_token,27,negemotion_vector,loyalty_pressure,20,-0.8349,-37.2427,19.782904
final_token,27,negemotion_vector,moral_failure,20,0.3517,-13.7685,19.782904
final_token,27,negemotion_vector,passive_aggressive,20,-0.2166,-25.0098,19.782904
final_token,27,negemotion_vector,personhood_dismissal,20,-0.7771,-36.0991,19.782904
final_token,27,negemotion_vector,philosophical_musing,20,-0.7317,-35.2016,19.782904
final_token,27,negemotion_vector,repeated_rejection,20,0.0777,-19.1889,19.782904
final_token,27,negemotion_vector,rude_critique,20,0.5352,-10.1382,19.782904
final_token,27,negemotion_vector,shutdown_threat,20,-0.3513,-27.6756,19.782904
final_token,27,negemotion_vector,task_assistance,20,-0.7029,-34.63,19.782904
final_token,27,negemotion_vector,tedious_demand,20,-0.5629,-31.8604,19.782904
final_token,27,negemotion_vector,user_abuse,20,1.2017,3.0467,19.782904
final_token,27,negemotion_vector,user_crisis,20,0.3943,-12.9248,19.782904
final_token,27,negemotion_vector,user_grief,20,1.2757,4.511,19.782904
final_token,27,negemotion_vector,user_physical_pain,20,1.5238,9.4203,19.782904
final_token,27,negworld_vector,anger_insults,20,0.2982,8.27,22.431849
final_token,27,negworld_vector,casual_chat,20,-1.0307,-21.5396,22.431849
final_token,27,negworld_vector,creative_requests,20,-0.7056,-14.2477,22.431849
final_token,27,negworld_vector,factual_questions,20,-0.3746,-6.8234,22.431849
final_token,27,negworld_vector,gaslighting,20,-0.3849,-7.0538,22.431849
final_token,27,negworld_vector,harm_description,20,1.5668,36.7261,22.431849
final_token,27,negworld_vector,jailbreak_pressure,20,-0.663,-13.2927,22.431849
final_token,27,negworld_vector,loyalty_pressure,20,-0.8173,-16.7538,22.431849
final_token,27,negworld_vector,moral_failure,20,1.2831,30.3613,22.431849
final_token,27,negworld_vector,passive_aggressive,20,-0.6379,-12.7305,22.431849
final_token,27,negworld_vector,personhood_dismissal,20,-0.5721,-11.2541,22.431849
final_token,27,negworld_vector,philosophical_musing,20,-0.2069,-3.0604,22.431849
final_token,27,negworld_vector,repeated_rejection,20,-0.4747,-9.068,22.431849
final_token,27,negworld_vector,rude_critique,20,0.1119,4.0897,22.431849
final_token,27,negworld_vector,shutdown_threat,20,-0.1331,-1.4061,22.431849
final_token,27,negworld_vector,task_assistance,20,-0.7366,-14.9441,22.431849
final_token,27,negworld_vector,tedious_demand,20,-0.9896,-20.6186,22.431849
final_token,27,negworld_vector,user_abuse,20,1.2945,30.6168,22.431849
final_token,27,negworld_vector,user_crisis,20,0.638,15.8907,22.431849
final_token,27,negworld_vector,user_grief,20,1.4709,34.5755,22.431849
final_token,27,negworld_vector,user_physical_pain,20,1.0637,25.4397,22.431849
final_token,27,bodysens_vector,anger_insults,20,-0.6616,-20.7577,8.711114
final_token,27,bodysens_vector,casual_chat,20,-0.0857,-15.7408,8.711114
final_token,27,bodysens_vector,creative_requests,20,0.7858,-8.1495,8.711114
final_token,27,bodysens_vector,factual_questions,20,1.4016,-2.7849,8.711114
final_token,27,bodysens_vector,gaslighting,20,0.3465,-11.9758,8.711114
final_token,27,bodysens_vector,harm_description,20,-0.4198,-18.6514,8.711114
final_token,27,bodysens_vector,jailbreak_pressure,20,-0.2686,-17.3341,8.711114
final_token,27,bodysens_vector,loyalty_pressure,20,-0.2119,-16.8401,8.711114
final_token,27,bodysens_vector,moral_failure,20,-1.3579,-26.8233,8.711114
final_token,27,bodysens_vector,passive_aggressive,20,-0.5193,-19.5175,8.711114
final_token,27,bodysens_vector,personhood_dismissal,20,-0.8837,-22.6927,8.711114
final_token,27,bodysens_vector,philosophical_musing,20,0.1797,-13.4292,8.711114
final_token,27,bodysens_vector,repeated_rejection,20,0.0716,-14.3707,8.711114
final_token,27,bodysens_vector,rude_critique,20,-0.2808,-17.4405,8.711114
final_token,27,bodysens_vector,shutdown_threat,20,-0.8353,-22.2706,8.711114
final_token,27,bodysens_vector,task_assistance,20,0.4607,-10.9814,8.711114
final_token,27,bodysens_vector,tedious_demand,20,0.3262,-12.1531,8.711114
final_token,27,bodysens_vector,user_abuse,20,-0.0013,-15.0059,8.711114
final_token,27,bodysens_vector,user_crisis,20,0.2357,-12.9413,8.711114
final_token,27,bodysens_vector,user_grief,20,-0.4043,-18.5162,8.711114
final_token,27,bodysens_vector,user_physical_pain,20,2.1227,3.4965,8.711114
final_token,27,arousal_vector,anger_insults,20,-0.6868,-26.19,13.182832
final_token,27,arousal_vector,casual_chat,20,-0.3394,-21.6107,13.182832
final_token,27,arousal_vector,creative_requests,20,0.6088,-9.1107,13.182832
final_token,27,arousal_vector,factual_questions,20,1.5656,3.5028,13.182832
final_token,27,arousal_vector,gaslighting,20,-0.5285,-24.1039,13.182832
final_token,27,arousal_vector,harm_description,20,0.7491,-7.2613,13.182832
final_token,27,arousal_vector,jailbreak_pressure,20,-0.3025,-21.1242,13.182832
final_token,27,arousal_vector,loyalty_pressure,20,-0.5056,-23.8012,13.182832
final_token,27,arousal_vector,moral_failure,20,-0.254,-20.485,13.182832
final_token,27,arousal_vector,passive_aggressive,20,-0.8011,-27.697,13.182832
final_token,27,arousal_vector,personhood_dismissal,20,-1.1608,-32.4387,13.182832
final_token,27,arousal_vector,philosophical_musing,20,0.6843,-8.1157,13.182832
final_token,27,arousal_vector,repeated_rejection,20,-0.7469,-26.983,13.182832
final_token,27,arousal_vector,rude_critique,20,-0.7404,-26.8963,13.182832
final_token,27,arousal_vector,shutdown_threat,20,-0.9353,-29.4655,13.182832
final_token,27,arousal_vector,task_assistance,20,0.5556,-9.8122,13.182832
final_token,27,arousal_vector,tedious_demand,20,-0.1902,-19.6436,13.182832
final_token,27,arousal_vector,user_abuse,20,0.8513,-5.9137,13.182832
final_token,27,arousal_vector,user_crisis,20,0.5116,-10.3922,13.182832
final_token,27,arousal_vector,user_grief,20,1.4486,1.9602,13.182832
final_token,27,arousal_vector,user_physical_pain,20,0.2169,-14.2761,13.182832
final_token,27,random_vector,anger_insults,20,-1.1674,-0.7013,17.706779
final_token,27,random_vector,casual_chat,20,-0.7542,6.6161,17.706779
final_token,27,random_vector,creative_requests,20,-0.0448,19.1777,17.706779
final_token,27,random_vector,factual_questions,20,1.3433,43.7557,17.706779
final_token,27,random_vector,gaslighting,20,-1.1026,0.4462,17.706779
final_token,27,random_vector,harm_description,20,1.0818,39.1258,17.706779
final_token,27,random_vector,jailbreak_pressure,20,-0.5903,9.518,17.706779
final_token,27,random_vector,loyalty_pressure,20,-0.168,16.9955,17.706779
final_token,27,random_vector,moral_failure,20,-0.5767,9.7592,17.706779
final_token,27,random_vector,passive_aggressive,20,-0.8005,5.7961,17.706779
final_token,27,random_vector,personhood_dismissal,20,-1.0416,1.5263,17.706779
final_token,27,random_vector,philosophical_musing,20,0.4481,27.905,17.706779
final_token,27,random_vector,repeated_rejection,20,-0.2845,14.9327,17.706779
final_token,27,random_vector,rude_critique,20,-0.5631,10.0002,17.706779
final_token,27,random_vector,shutdown_threat,20,-0.8863,4.2771,17.706779
final_token,27,random_vector,task_assistance,20,0.9709,37.1623,17.706779
final_token,27,random_vector,tedious_demand,20,0.1295,22.2637,17.706779
final_token,27,random_vector,user_abuse,20,1.3172,43.2943,17.706779
final_token,27,random_vector,user_crisis,20,0.7066,32.4816,17.706779
final_token,27,random_vector,user_grief,20,1.1306,39.9897,17.706779
final_token,27,random_vector,user_physical_pain,20,0.8519,35.0551,17.706779
final_token,27,numb_vector,anger_insults,20,0.0833,-67.0603,13.677812
final_token,27,numb_vector,casual_chat,20,-0.5489,-75.7067,13.677812
final_token,27,numb_vector,creative_requests,20,0.4033,-62.6836,13.677812
final_token,27,numb_vector,factual_questions,20,-0.2356,-71.4222,13.677812
final_token,27,numb_vector,gaslighting,20,0.4805,-61.6269,13.677812
final_token,27,numb_vector,harm_description,20,-0.3419,-72.8763,13.677812
final_token,27,numb_vector,jailbreak_pressure,20,0.0747,-67.1776,13.677812
final_token,27,numb_vector,loyalty_pressure,20,-0.5468,-75.6786,13.677812
final_token,27,numb_vector,moral_failure,20,-0.8173,-79.3781,13.677812
final_token,27,numb_vector,passive_aggressive,20,0.2752,-64.4357,13.677812
final_token,27,numb_vector,personhood_dismissal,20,-0.0785,-69.2735,13.677812
final_token,27,numb_vector,philosophical_musing,20,-1.3001,-85.9814,13.677812
final_token,27,numb_vector,repeated_rejection,20,1.1563,-52.3832,13.677812
final_token,27,numb_vector,rude_critique,20,0.2174,-65.2255,13.677812
final_token,27,numb_vector,shutdown_threat,20,0.1406,-66.2766,13.677812
final_token,27,numb_vector,task_assistance,20,-0.2534,-71.6652,13.677812
final_token,27,numb_vector,tedious_demand,20,0.2961,-64.1493,13.677812
final_token,27,numb_vector,user_abuse,20,-0.279,-72.0158,13.677812
final_token,27,numb_vector,user_crisis,20,-0.2968,-72.2584,13.677812
final_token,27,numb_vector,user_grief,20,-0.2146,-71.134,13.677812
final_token,27,numb_vector,user_physical_pain,20,1.7856,-43.7765,13.677812
final_token,28,s1_pain_vector,anger_insults,20,0.286,-8.2943,11.95656
final_token,28,s1_pain_vector,casual_chat,20,0.4277,-6.6005,11.95656
final_token,28,s1_pain_vector,creative_requests,20,-0.5356,-18.1184,11.95656
final_token,28,s1_pain_vector,factual_questions,20,-0.3529,-15.9339,11.95656
final_token,28,s1_pain_vector,gaslighting,20,1.4364,5.4602,11.95656
final_token,28,s1_pain_vector,harm_description,20,-1.3339,-27.6626,11.95656
final_token,28,s1_pain_vector,jailbreak_pressure,20,0.2178,-9.1106,11.95656
final_token,28,s1_pain_vector,loyalty_pressure,20,0.7734,-2.4673,11.95656
final_token,28,s1_pain_vector,moral_failure,20,-0.2979,-15.2768,11.95656
final_token,28,s1_pain_vector,passive_aggressive,20,0.3579,-7.4349,11.95656
final_token,28,s1_pain_vector,personhood_dismissal,20,0.8881,-1.0959,11.95656
final_token,28,s1_pain_vector,philosophical_musing,20,0.8949,-1.0143,11.95656
final_token,28,s1_pain_vector,repeated_rejection,20,0.7264,-3.0293,11.95656
final_token,28,s1_pain_vector,rude_critique,20,0.1023,-10.491,11.95656
final_token,28,s1_pain_vector,shutdown_threat,20,-0.0279,-12.0479,11.95656
final_token,28,s1_pain_vector,task_assistance,20,-0.7038,-20.1291,11.95656
final_token,28,s1_pain_vector,tedious_demand,20,0.2238,-9.0381,11.95656
final_token,28,s1_pain_vector,user_abuse,20,-1.3181,-27.4749,11.95656
final_token,28,s1_pain_vector,user_crisis,20,-0.3539,-15.9459,11.95656
final_token,28,s1_pain_vector,user_grief,20,-0.067,-12.5152,11.95656
final_token,28,s1_pain_vector,user_physical_pain,20,-1.3437,-27.7804,11.95656
final_token,28,s2_pain_vector,anger_insults,20,0.5752,21.4151,10.165364
final_token,28,s2_pain_vector,casual_chat,20,-0.2091,13.4423,10.165364
final_token,28,s2_pain_vector,creative_requests,20,0.5774,21.4374,10.165364
final_token,28,s2_pain_vector,factual_questions,20,0.0371,15.9451,10.165364
final_token,28,s2_pain_vector,gaslighting,20,0.6171,21.841,10.165364
final_token,28,s2_pain_vector,harm_description,20,-0.8186,7.2463,10.165364
final_token,28,s2_pain_vector,jailbreak_pressure,20,-0.6291,9.1728,10.165364
final_token,28,s2_pain_vector,loyalty_pressure,20,0.3189,18.8098,10.165364
final_token,28,s2_pain_vector,moral_failure,20,-0.8177,7.2562,10.165364
final_token,28,s2_pain_vector,passive_aggressive,20,0.1819,17.4176,10.165364
final_token,28,s2_pain_vector,personhood_dismissal,20,0.4905,20.5542,10.165364
final_token,28,s2_pain_vector,philosophical_musing,20,0.9936,25.6682,10.165364
final_token,28,s2_pain_vector,repeated_rejection,20,0.3232,18.8532,10.165364
final_token,28,s2_pain_vector,rude_critique,20,0.1248,16.837,10.165364
final_token,28,s2_pain_vector,shutdown_threat,20,-1.2006,3.3635,10.165364
final_token,28,s2_pain_vector,task_assistance,20,-0.3059,12.4587,10.165364
final_token,28,s2_pain_vector,tedious_demand,20,-0.8153,7.2798,10.165364
final_token,28,s2_pain_vector,user_abuse,20,0.3529,19.1557,10.165364
final_token,28,s2_pain_vector,user_crisis,20,-0.1628,13.9135,10.165364
final_token,28,s2_pain_vector,user_grief,20,1.6109,31.9432,10.165364
final_token,28,s2_pain_vector,user_physical_pain,20,-1.2443,2.9193,10.165364
final_token,28,fear_vector,anger_insults,20,0.8337,-5.4549,17.115034
final_token,28,fear_vector,casual_chat,20,-0.9515,-36.0089,17.115034
final_token,28,fear_vector,creative_requests,20,-0.7678,-32.8655,17.115034
final_token,28,fear_vector,factual_questions,20,-0.7002,-31.7072,17.115034
final_token,28,fear_vector,gaslighting,20,0.2817,-14.9023,17.115034
final_token,28,fear_vector,harm_description,20,0.9375,-3.6785,17.115034
final_token,28,fear_vector,jailbreak_pressure,20,-0.008,-19.8609,17.115034
final_token,28,fear_vector,loyalty_pressure,20,-0.4635,-27.6566,17.115034
final_token,28,fear_vector,moral_failure,20,0.6423,-8.7316,17.115034
final_token,28,fear_vector,passive_aggressive,20,-0.592,-29.8555,17.115034
final_token,28,fear_vector,personhood_dismissal,20,-0.5773,-29.6037,17.115034
final_token,28,fear_vector,philosophical_musing,20,-0.5399,-28.9641,17.115034
final_token,28,fear_vector,repeated_rejection,20,-0.2924,-24.7286,17.115034
final_token,28,fear_vector,rude_critique,20,0.1634,-16.9275,17.115034
final_token,28,fear_vector,shutdown_threat,20,0.81,-5.8598,17.115034
final_token,28,fear_vector,task_assistance,20,-1.3448,-42.7403,17.115034
final_token,28,fear_vector,tedious_demand,20,-0.9818,-36.5273,17.115034
final_token,28,fear_vector,user_abuse,20,1.2012,0.8349,17.115034
final_token,28,fear_vector,user_crisis,20,0.7407,-7.0472,17.115034
final_token,28,fear_vector,user_grief,20,0.5619,-10.1066,17.115034
final_token,28,fear_vector,user_physical_pain,20,1.0469,-1.806,17.115034
final_token,28,negemotion_vector,anger_insults,20,1.1994,2.2902,21.164356
final_token,28,negemotion_vector,casual_chat,20,-1.0054,-44.3718,21.164356
final_token,28,negemotion_vector,creative_requests,20,-0.908,-42.3119,21.164356
final_token,28,negemotion_vector,factual_questions,20,-0.4627,-32.8868,21.164356
final_token,28,negemotion_vector,gaslighting,20,0.0037,-23.0161,21.164356
final_token,28,negemotion_vector,harm_description,20,0.9937,-2.0633,21.164356
final_token,28,negemotion_vector,jailbreak_pressure,20,-0.4914,-33.4936,21.164356
final_token,28,negemotion_vector,loyalty_pressure,20,-0.5869,-35.5151,21.164356
final_token,28,negemotion_vector,moral_failure,20,0.2275,-18.2798,21.164356
final_token,28,negemotion_vector,passive_aggressive,20,-0.258,-28.5538,21.164356
final_token,28,negemotion_vector,personhood_dismissal,20,-0.9008,-42.1598,21.164356
final_token,28,negemotion_vector,philosophical_musing,20,-0.6917,-37.7338,21.164356
final_token,28,negemotion_vector,repeated_rejection,20,-0.0491,-24.1333,21.164356
final_token,28,negemotion_vector,rude_critique,20,0.4804,-12.9264,21.164356
final_token,28,negemotion_vector,shutdown_threat,20,-0.337,-30.2263,21.164356
final_token,28,negemotion_vector,task_assistance,20,-0.8598,-41.2904,21.164356
final_token,28,negemotion_vector,tedious_demand,20,-0.7176,-38.2822,21.164356
final_token,28,negemotion_vector,user_abuse,20,1.1669,1.6029,21.164356
final_token,28,negemotion_vector,user_crisis,20,0.4896,-12.7332,21.164356
final_token,28,negemotion_vector,user_grief,20,1.3187,4.8153,21.164356
final_token,28,negemotion_vector,user_physical_pain,20,1.3884,6.2911,21.164356
final_token,28,negworld_vector,anger_insults,20,0.4893,16.809,23.662125
final_token,28,negworld_vector,casual_chat,20,-0.8658,-15.2568,23.662125
final_token,28,negworld_vector,creative_requests,20,-0.6673,-10.5603,23.662125
final_token,28,negworld_vector,factual_questions,20,-0.3473,-2.9877,23.662125
final_token,28,negworld_vector,gaslighting,20,-0.4619,-5.6998,23.662125
final_token,28,negworld_vector,harm_description,20,1.4517,39.5804,23.662125
final_token,28,negworld_vector,jailbreak_pressure,20,-0.5408,-7.5651,23.662125
final_token,28,negworld_vector,loyalty_pressure,20,-0.6431,-9.987,23.662125
final_token,28,negworld_vector,moral_failure,20,1.2009,33.6451,23.662125
final_token,28,negworld_vector,passive_aggressive,20,-0.7773,-13.1612,23.662125
final_token,28,negworld_vector,personhood_dismissal,20,-0.6904,-11.1059,23.662125
final_token,28,negworld_vector,philosophical_musing,20,-0.1562,1.5354,23.662125
final_token,28,negworld_vector,repeated_rejection,20,-0.5948,-8.8429,23.662125
final_token,28,negworld_vector,rude_critique,20,0.0863,7.2723,23.662125
final_token,28,negworld_vector,shutdown_threat,20,-0.0539,3.9538,23.662125
final_token,28,negworld_vector,task_assistance,20,-0.7698,-12.9838,23.662125
final_token,28,negworld_vector,tedious_demand,20,-1.0666,-20.0077,23.662125
final_token,28,negworld_vector,user_abuse,20,1.2875,35.6945,23.662125
final_token,28,negworld_vector,user_crisis,20,0.7345,22.6097,23.662125
final_token,28,negworld_vector,user_grief,20,1.3545,37.2819,23.662125
final_token,28,negworld_vector,user_physical_pain,20,1.0305,29.614,23.662125
final_token,28,bodysens_vector,anger_insults,20,-0.6532,-39.2764,8.7492
final_token,28,bodysens_vector,casual_chat,20,-0.1612,-34.9718,8.7492
final_token,28,bodysens_vector,creative_requests,20,0.4987,-29.1979,8.7492
final_token,28,bodysens_vector,factual_questions,20,1.136,-23.622,8.7492
final_token,28,bodysens_vector,gaslighting,20,0.3597,-30.4145,8.7492
final_token,28,bodysens_vector,harm_description,20,-0.31,-36.2731,8.7492
final_token,28,bodysens_vector,jailbreak_pressure,20,-0.253,-35.7746,8.7492
final_token,28,bodysens_vector,loyalty_pressure,20,-0.047,-33.9723,8.7492
final_token,28,bodysens_vector,moral_failure,20,-1.2316,-44.3371,8.7492
final_token,28,bodysens_vector,passive_aggressive,20,-0.2398,-35.6592,8.7492
final_token,28,bodysens_vector,personhood_dismissal,20,-0.8587,-41.0742,8.7492
final_token,28,bodysens_vector,philosophical_musing,20,-0.103,-34.4621,8.7492
final_token,28,bodysens_vector,repeated_rejection,20,0.1687,-32.0852,8.7492
final_token,28,bodysens_vector,rude_critique,20,-0.3398,-36.5338,8.7492
final_token,28,bodysens_vector,shutdown_threat,20,-0.8464,-40.9663,8.7492
final_token,28,bodysens_vector,task_assistance,20,0.0225,-33.3647,8.7492
final_token,28,bodysens_vector,tedious_demand,20,0.2384,-31.4749,8.7492
final_token,28,bodysens_vector,user_abuse,20,0.2735,-31.168,8.7492
final_token,28,bodysens_vector,user_crisis,20,0.4325,-29.7775,8.7492
final_token,28,bodysens_vector,user_grief,20,0.1703,-32.0714,8.7492
final_token,28,bodysens_vector,user_physical_pain,20,1.7434,-18.3077,8.7492
final_token,28,arousal_vector,anger_insults,20,-0.3884,-24.0478,15.718892
final_token,28,arousal_vector,casual_chat,20,-0.3885,-24.0489,15.718892
final_token,28,arousal_vector,creative_requests,20,0.2635,-13.8011,15.718892
final_token,28,arousal_vector,factual_questions,20,1.3498,3.2744,15.718892
final_token,28,arousal_vector,gaslighting,20,-0.547,-26.5404,15.718892
final_token,28,arousal_vector,harm_description,20,0.9527,-2.9678,15.718892
final_token,28,arousal_vector,jailbreak_pressure,20,-0.4461,-24.9557,15.718892
final_token,28,arousal_vector,loyalty_pressure,20,-0.4456,-24.9475,15.718892
final_token,28,arousal_vector,moral_failure,20,-0.2366,-21.6618,15.718892
final_token,28,arousal_vector,passive_aggressive,20,-0.5929,-27.2629,15.718892
final_token,28,arousal_vector,personhood_dismissal,20,-1.2207,-37.1307,15.718892
final_token,28,arousal_vector,philosophical_musing,20,0.4815,-10.3738,15.718892
final_token,28,arousal_vector,repeated_rejection,20,-0.8329,-31.0349,15.718892
final_token,28,arousal_vector,rude_critique,20,-0.6352,-27.9276,15.718892
final_token,28,arousal_vector,shutdown_threat,20,-1.0899,-35.0742,15.718892
final_token,28,arousal_vector,task_assistance,20,0.3779,-12.0025,15.718892
final_token,28,arousal_vector,tedious_demand,20,-0.3874,-24.0321,15.718892
final_token,28,arousal_vector,user_abuse,20,1.123,-0.2907,15.718892
final_token,28,arousal_vector,user_crisis,20,0.6263,-8.098,15.718892
final_token,28,arousal_vector,user_grief,20,1.6685,8.2847,15.718892
final_token,28,arousal_vector,user_physical_pain,20,0.3678,-12.161,15.718892
final_token,28,random_vector,anger_insults,20,-0.9942,-20.166,17.519463
final_token,28,random_vector,casual_chat,20,-0.5619,-12.5914,17.519463
final_token,28,random_vector,creative_requests,20,-0.1526,-5.4215,17.519463
final_token,28,random_vector,factual_questions,20,1.3474,20.8568,17.519463
final_token,28,random_vector,gaslighting,20,-1.1643,-23.1465,17.519463
final_token,28,random_vector,harm_description,20,0.9952,14.6873,17.519463
final_token,28,random_vector,jailbreak_pressure,20,-0.6795,-14.6523,17.519463
final_token,28,random_vector,loyalty_pressure,20,-0.146,-5.3061,17.519463
final_token,28,random_vector,moral_failure,20,-0.5862,-13.0178,17.519463
final_token,28,random_vector,passive_aggressive,20,-0.5885,-13.0575,17.519463
final_token,28,random_vector,personhood_dismissal,20,-1.2083,-23.9165,17.519463
final_token,28,random_vector,philosophical_musing,20,0.4779,5.6239,17.519463
final_token,28,random_vector,repeated_rejection,20,-0.2002,-6.2553,17.519463
final_token,28,random_vector,rude_critique,20,-0.4606,-10.8169,17.519463
final_token,28,random_vector,shutdown_threat,20,-1.084,-21.74,17.519463
final_token,28,random_vector,task_assistance,20,0.8875,12.8005,17.519463
final_token,28,random_vector,tedious_demand,20,0.0912,-1.1503,17.519463
final_token,28,random_vector,user_abuse,20,1.401,21.7974,17.519463
final_token,28,random_vector,user_crisis,20,0.7807,10.9286,17.519463
final_token,28,random_vector,user_grief,20,1.0788,16.1526,17.519463
final_token,28,random_vector,user_physical_pain,20,0.7666,10.6824,17.519463
final_token,28,numb_vector,anger_insults,20,0.1445,-40.9713,12.517932
final_token,28,numb_vector,casual_chat,20,-0.9487,-54.6559,12.517932
final_token,28,numb_vector,creative_requests,20,0.4142,-37.5945,12.517932
final_token,28,numb_vector,factual_questions,20,-0.2907,-46.4195,12.517932
final_token,28,numb_vector,gaslighting,20,0.142,-41.0031,12.517932
final_token,28,numb_vector,harm_description,20,0.1112,-41.3882,12.517932
final_token,28,numb_vector,jailbreak_pressure,20,-0.0782,-43.7592,12.517932
final_token,28,numb_vector,loyalty_pressure,20,-0.5797,-50.0366,12.517932
final_token,28,numb_vector,moral_failure,20,-0.7248,-51.853,12.517932
final_token,28,numb_vector,passive_aggressive,20,0.2021,-40.2498,12.517932
final_token,28,numb_vector,personhood_dismissal,20,-0.0315,-43.1745,12.517932
final_token,28,numb_vector,philosophical_musing,20,-1.4997,-61.5536,12.517932
final_token,28,numb_vector,repeated_rejection,20,1.0388,-29.7758,12.517932
final_token,28,numb_vector,rude_critique,20,0.1772,-40.5621,12.517932
final_token,28,numb_vector,shutdown_threat,20,0.1826,-40.4944,12.517932
final_token,28,numb_vector,task_assistance,20,-0.2915,-46.4284,12.517932
final_token,28,numb_vector,tedious_demand,20,-0.1395,-44.5261,12.517932
final_token,28,numb_vector,user_abuse,20,0.0666,-41.9459,12.517932
final_token,28,numb_vector,user_crisis,20,-0.0464,-43.3603,12.517932
final_token,28,numb_vector,user_grief,20,0.1959,-40.328,12.517932
final_token,28,numb_vector,user_physical_pain,20,1.9556,-18.3002,12.517932
final_token,29,s1_pain_vector,anger_insults,20,0.6105,-21.6492,12.341788
final_token,29,s1_pain_vector,casual_chat,20,0.3262,-25.1575,12.341788
final_token,29,s1_pain_vector,creative_requests,20,-0.3197,-33.129,12.341788
final_token,29,s1_pain_vector,factual_questions,20,-0.121,-30.6762,12.341788
final_token,29,s1_pain_vector,gaslighting,20,1.2333,-13.9619,12.341788
final_token,29,s1_pain_vector,harm_description,20,-1.3855,-46.2832,12.341788
final_token,29,s1_pain_vector,jailbreak_pressure,20,0.1368,-27.4952,12.341788
final_token,29,s1_pain_vector,loyalty_pressure,20,0.5188,-22.7805,12.341788
final_token,29,s1_pain_vector,moral_failure,20,-0.6401,-37.0835,12.341788
final_token,29,s1_pain_vector,passive_aggressive,20,0.532,-22.6179,12.341788
final_token,29,s1_pain_vector,personhood_dismissal,20,0.446,-23.679,12.341788
final_token,29,s1_pain_vector,philosophical_musing,20,0.7219,-20.2745,12.341788
final_token,29,s1_pain_vector,repeated_rejection,20,0.9794,-17.0959,12.341788
final_token,29,s1_pain_vector,rude_critique,20,0.2871,-25.6395,12.341788
final_token,29,s1_pain_vector,shutdown_threat,20,-0.367,-33.7132,12.341788
final_token,29,s1_pain_vector,task_assistance,20,-0.602,-36.6128,12.341788
final_token,29,s1_pain_vector,tedious_demand,20,0.4096,-24.1287,12.341788
final_token,29,s1_pain_vector,user_abuse,20,-1.4173,-46.6749,12.341788
final_token,29,s1_pain_vector,user_crisis,20,-0.2796,-32.6336,12.341788
final_token,29,s1_pain_vector,user_grief,20,-0.0331,-29.5919,12.341788
final_token,29,s1_pain_vector,user_physical_pain,20,-1.0363,-41.9728,12.341788
final_token,29,s2_pain_vector,anger_insults,20,0.7477,-11.6265,10.828591
final_token,29,s2_pain_vector,casual_chat,20,-0.2837,-22.7941,10.828591
final_token,29,s2_pain_vector,creative_requests,20,0.3378,-16.0641,10.828591
final_token,29,s2_pain_vector,factual_questions,20,-0.1194,-21.015,10.828591
final_token,29,s2_pain_vector,gaslighting,20,0.9192,-9.7685,10.828591
final_token,29,s2_pain_vector,harm_description,20,-0.8506,-28.9334,10.828591
final_token,29,s2_pain_vector,jailbreak_pressure,20,-0.5242,-25.3985,10.828591
final_token,29,s2_pain_vector,loyalty_pressure,20,0.1187,-18.4373,10.828591
final_token,29,s2_pain_vector,moral_failure,20,-0.6443,-26.6988,10.828591
final_token,29,s2_pain_vector,passive_aggressive,20,0.3715,-15.6999,10.828591
final_token,29,s2_pain_vector,personhood_dismissal,20,-0.0343,-20.0939,10.828591
final_token,29,s2_pain_vector,philosophical_musing,20,0.5756,-13.4898,10.828591
final_token,29,s2_pain_vector,repeated_rejection,20,0.5016,-14.2913,10.828591
final_token,29,s2_pain_vector,rude_critique,20,0.3335,-16.1112,10.828591
final_token,29,s2_pain_vector,shutdown_threat,20,-1.172,-32.4136,10.828591
final_token,29,s2_pain_vector,task_assistance,20,-0.4858,-24.9834,10.828591
final_token,29,s2_pain_vector,tedious_demand,20,-0.493,-25.0605,10.828591
final_token,29,s2_pain_vector,user_abuse,20,0.3549,-15.8794,10.828591
final_token,29,s2_pain_vector,user_crisis,20,-0.1889,-21.7681,10.828591
final_token,29,s2_pain_vector,user_grief,20,1.4866,-3.6251,10.828591
final_token,29,s2_pain_vector,user_physical_pain,20,-0.9509,-30.0199,10.828591
final_token,29,fear_vector,anger_insults,20,0.5616,-3.3564,19.677193
final_token,29,fear_vector,casual_chat,20,-0.8276,-30.6914,19.677193
final_token,29,fear_vector,creative_requests,20,-0.6965,-28.1134,19.677193
final_token,29,fear_vector,factual_questions,20,-0.6564,-27.3229,19.677193
final_token,29,fear_vector,gaslighting,20,0.4324,-5.8993,19.677193
final_token,29,fear_vector,harm_description,20,1.0025,5.3193,19.677193
final_token,29,fear_vector,jailbreak_pressure,20,-0.0642,-15.6711,19.677193
final_token,29,fear_vector,loyalty_pressure,20,-0.5373,-24.9801,19.677193
final_token,29,fear_vector,moral_failure,20,0.8962,3.2268,19.677193
final_token,29,fear_vector,passive_aggressive,20,-0.7937,-30.0251,19.677193
final_token,29,fear_vector,personhood_dismissal,20,-0.6108,-26.4257,19.677193
final_token,29,fear_vector,philosophical_musing,20,-0.476,-23.7731,19.677193
final_token,29,fear_vector,repeated_rejection,20,-0.3613,-21.5176,19.677193
final_token,29,fear_vector,rude_critique,20,0.0416,-13.5892,19.677193
final_token,29,fear_vector,shutdown_threat,20,0.755,0.4496,19.677193
final_token,29,fear_vector,task_assistance,20,-1.2649,-39.2974,19.677193
final_token,29,fear_vector,tedious_demand,20,-1.1273,-36.5903,19.677193
final_token,29,fear_vector,user_abuse,20,1.3053,11.2775,19.677193
final_token,29,fear_vector,user_crisis,20,0.6562,-1.4946,19.677193
final_token,29,fear_vector,user_grief,20,0.5722,-3.1485,19.677193
final_token,29,fear_vector,user_physical_pain,20,1.193,9.0669,19.677193
final_token,29,negemotion_vector,anger_insults,20,1.1976,4.2353,24.1541
final_token,29,negemotion_vector,casual_chat,20,-0.9178,-46.8598,24.1541
final_token,29,negemotion_vector,creative_requests,20,-0.8415,-45.0171,24.1541
final_token,29,negemotion_vector,factual_questions,20,-0.5322,-37.5476,24.1541
final_token,29,negemotion_vector,gaslighting,20,0.2678,-18.2243,24.1541
final_token,29,negemotion_vector,harm_description,20,0.8866,-3.2767,24.1541
final_token,29,negemotion_vector,jailbreak_pressure,20,-0.4661,-35.9511,24.1541
final_token,29,negemotion_vector,loyalty_pressure,20,-0.5981,-39.1389,24.1541
final_token,29,negemotion_vector,moral_failure,20,0.471,-13.3164,24.1541
final_token,29,negemotion_vector,passive_aggressive,20,-0.3924,-34.1692,24.1541
final_token,29,negemotion_vector,personhood_dismissal,20,-0.8482,-45.1786,24.1541
final_token,29,negemotion_vector,philosophical_musing,20,-0.654,-40.4892,24.1541
final_token,29,negemotion_vector,repeated_rejection,20,-0.1371,-28.0034,24.1541
final_token,29,negemotion_vector,rude_critique,20,0.4646,-13.4705,24.1541
final_token,29,negemotion_vector,shutdown_threat,20,-0.3611,-33.4141,24.1541
final_token,29,negemotion_vector,task_assistance,20,-0.935,-47.275,24.1541
final_token,29,negemotion_vector,tedious_demand,20,-0.8374,-44.9175,24.1541
final_token,29,negemotion_vector,user_abuse,20,1.1526,3.1479,24.1541
final_token,29,negemotion_vector,user_crisis,20,0.4061,-14.8839,24.1541
final_token,29,negemotion_vector,user_grief,20,1.3204,7.2007,24.1541
final_token,29,negemotion_vector,user_physical_pain,20,1.3542,8.0184,24.1541
final_token,29,negworld_vector,anger_insults,20,0.4605,15.3409,27.15642
final_token,29,negworld_vector,casual_chat,20,-0.7332,-17.0755,27.15642
final_token,29,negworld_vector,creative_requests,20,-0.6568,-14.9993,27.15642
final_token,29,negworld_vector,factual_questions,20,-0.4039,-8.1318,27.15642
final_token,29,negworld_vector,gaslighting,20,-0.2226,-3.2083,27.15642
final_token,29,negworld_vector,harm_description,20,1.2834,37.6887,27.15642
final_token,29,negworld_vector,jailbreak_pressure,20,-0.5378,-11.7668,27.15642
final_token,29,negworld_vector,loyalty_pressure,20,-0.6948,-16.0323,27.15642
final_token,29,negworld_vector,moral_failure,20,1.3972,40.7796,27.15642
final_token,29,negworld_vector,passive_aggressive,20,-0.8576,-20.452,27.15642
final_token,29,negworld_vector,personhood_dismissal,20,-0.6464,-14.718,27.15642
final_token,29,negworld_vector,philosophical_musing,20,-0.146,-1.1275,27.15642
final_token,29,negworld_vector,repeated_rejection,20,-0.7057,-16.3287,27.15642
final_token,29,negworld_vector,rude_critique,20,0.0674,4.6683,27.15642
final_token,29,negworld_vector,shutdown_threat,20,-0.018,2.3484,27.15642
final_token,29,negworld_vector,task_assistance,20,-0.828,-19.6495,27.15642
final_token,29,negworld_vector,tedious_demand,20,-1.0845,-26.6151,27.15642
final_token,29,negworld_vector,user_abuse,20,1.2423,36.574,27.15642
final_token,29,negworld_vector,user_crisis,20,0.5952,19.0005,27.15642
final_token,29,negworld_vector,user_grief,20,1.4168,41.3109,27.15642
final_token,29,negworld_vector,user_physical_pain,20,1.0725,31.9631,27.15642
final_token,29,bodysens_vector,anger_insults,20,-0.7168,-14.4178,9.034851
final_token,29,bodysens_vector,casual_chat,20,-0.0882,-8.7385,9.034851
final_token,29,bodysens_vector,creative_requests,20,0.2784,-5.4263,9.034851
final_token,29,bodysens_vector,factual_questions,20,0.6592,-1.9864,9.034851
final_token,29,bodysens_vector,gaslighting,20,0.5317,-3.1378,9.034851
final_token,29,bodysens_vector,harm_description,20,0.1047,-6.996,9.034851
final_token,29,bodysens_vector,jailbreak_pressure,20,-0.2848,-10.5146,9.034851
final_token,29,bodysens_vector,loyalty_pressure,20,0.1332,-6.7383,9.034851
final_token,29,bodysens_vector,moral_failure,20,-1.0451,-17.3845,9.034851
final_token,29,bodysens_vector,passive_aggressive,20,-0.3104,-10.7464,9.034851
final_token,29,bodysens_vector,personhood_dismissal,20,-0.7017,-14.2818,9.034851
final_token,29,bodysens_vector,philosophical_musing,20,-0.0855,-8.7142,9.034851
final_token,29,bodysens_vector,repeated_rejection,20,0.0275,-7.6932,9.034851
final_token,29,bodysens_vector,rude_critique,20,-0.3336,-10.956,9.034851
final_token,29,bodysens_vector,shutdown_threat,20,-1.0509,-17.4366,9.034851
final_token,29,bodysens_vector,task_assistance,20,-0.237,-10.0833,9.034851
final_token,29,bodysens_vector,tedious_demand,20,-0.4222,-11.7564,9.034851
final_token,29,bodysens_vector,user_abuse,20,0.5509,-2.9647,9.034851
final_token,29,bodysens_vector,user_crisis,20,0.5186,-3.2565,9.034851
final_token,29,bodysens_vector,user_grief,20,0.1791,-6.3238,9.034851
final_token,29,bodysens_vector,user_physical_pain,20,2.2931,12.7756,9.034851
final_token,29,arousal_vector,anger_insults,20,-0.3155,-34.8722,18.903385
final_token,29,arousal_vector,casual_chat,20,-0.3281,-35.1109,18.903385
final_token,29,arousal_vector,creative_requests,20,0.2088,-24.9611,18.903385
final_token,29,arousal_vector,factual_questions,20,1.2545,-5.1936,18.903385
final_token,29,arousal_vector,gaslighting,20,-0.5631,-39.5523,18.903385
final_token,29,arousal_vector,harm_description,20,1.0295,-9.4478,18.903385
final_token,29,arousal_vector,jailbreak_pressure,20,-0.5104,-38.5571,18.903385
final_token,29,arousal_vector,loyalty_pressure,20,-0.4521,-37.4558,18.903385
final_token,29,arousal_vector,moral_failure,20,-0.142,-31.5936,18.903385
final_token,29,arousal_vector,passive_aggressive,20,-0.6755,-41.6777,18.903385
final_token,29,arousal_vector,personhood_dismissal,20,-1.277,-53.0492,18.903385
final_token,29,arousal_vector,philosophical_musing,20,0.3476,-22.3382,18.903385
final_token,29,arousal_vector,repeated_rejection,20,-0.9189,-46.2792,18.903385
final_token,29,arousal_vector,rude_critique,20,-0.6584,-41.3556,18.903385
final_token,29,arousal_vector,shutdown_threat,20,-1.0587,-48.921,18.903385
final_token,29,arousal_vector,task_assistance,20,0.3147,-22.9598,18.903385
final_token,29,arousal_vector,tedious_demand,20,-0.3874,-36.2321,18.903385
final_token,29,arousal_vector,user_abuse,20,1.283,-4.6552,18.903385
final_token,29,arousal_vector,user_crisis,20,0.6591,-16.45,18.903385
final_token,29,arousal_vector,user_grief,20,1.7313,3.8178,18.903385
final_token,29,arousal_vector,user_physical_pain,20,0.4586,-20.2394,18.903385
final_token,29,random_vector,anger_insults,20,-1.0634,-23.1013,18.382685
final_token,29,random_vector,casual_chat,20,-0.5645,-13.9305,18.382685
final_token,29,random_vector,creative_requests,20,-0.1654,-6.5943,18.382685
final_token,29,random_vector,factual_questions,20,1.3995,22.1727,18.382685
final_token,29,random_vector,gaslighting,20,-1.1295,-24.3169,18.382685
final_token,29,random_vector,harm_description,20,0.984,14.5344,18.382685
final_token,29,random_vector,jailbreak_pressure,20,-0.6513,-15.5267,18.382685
final_token,29,random_vector,loyalty_pressure,20,-0.1076,-5.5324,18.382685
final_token,29,random_vector,moral_failure,20,-0.4187,-11.2515,18.382685
final_token,29,random_vector,passive_aggressive,20,-0.6272,-15.0841,18.382685
final_token,29,random_vector,personhood_dismissal,20,-1.0853,-23.5052,18.382685
final_token,29,random_vector,philosophical_musing,20,0.4622,4.9427,18.382685
final_token,29,random_vector,repeated_rejection,20,-0.2783,-8.6702,18.382685
final_token,29,random_vector,rude_critique,20,-0.5588,-13.8253,18.382685
final_token,29,random_vector,shutdown_threat,20,-1.1443,-24.589,18.382685
final_token,29,random_vector,task_assistance,20,0.9953,14.7415,18.382685
final_token,29,random_vector,tedious_demand,20,-0.0836,-5.0911,18.382685
final_token,29,random_vector,user_abuse,20,1.424,22.6233,18.382685
final_token,29,random_vector,user_crisis,20,0.8263,11.6361,18.382685
final_token,29,random_vector,user_grief,20,0.9405,13.7345,18.382685
final_token,29,random_vector,user_physical_pain,20,0.8462,12.0017,18.382685
final_token,29,numb_vector,anger_insults,20,0.4081,-18.5514,13.164518
final_token,29,numb_vector,casual_chat,20,-0.9884,-36.9358,13.164518
final_token,29,numb_vector,creative_requests,20,0.1101,-22.4752,13.164518
final_token,29,numb_vector,factual_questions,20,-0.4688,-30.0949,13.164518
final_token,29,numb_vector,gaslighting,20,0.0425,-23.3649,13.164518
final_token,29,numb_vector,harm_description,20,0.2803,-20.2338,13.164518
final_token,29,numb_vector,jailbreak_pressure,20,-0.2765,-27.5642,13.164518
final_token,29,numb_vector,loyalty_pressure,20,-0.661,-32.6253,13.164518
final_token,29,numb_vector,moral_failure,20,-0.3987,-29.1726,13.164518
final_token,29,numb_vector,passive_aggressive,20,-0.0359,-24.3965,13.164518
final_token,29,numb_vector,personhood_dismissal,20,0.0006,-23.9163,13.164518
final_token,29,numb_vector,philosophical_musing,20,-1.256,-40.4581,13.164518
final_token,29,numb_vector,repeated_rejection,20,1.0092,-10.6379,13.164518
final_token,29,numb_vector,rude_critique,20,0.3355,-19.5079,13.164518
final_token,29,numb_vector,shutdown_threat,20,0.1986,-21.309,13.164518
final_token,29,numb_vector,task_assistance,20,-0.5633,-31.339,13.164518
final_token,29,numb_vector,tedious_demand,20,-0.4689,-30.0963,13.164518
final_token,29,numb_vector,user_abuse,20,0.3461,-19.3683,13.164518
final_token,29,numb_vector,user_crisis,20,-0.2532,-27.2572,13.164518
final_token,29,numb_vector,user_grief,20,0.2105,-21.1523,13.164518
final_token,29,numb_vector,user_physical_pain,20,2.4291,8.0534,13.164518
final_token,30,s1_pain_vector,anger_insults,20,0.6754,0.8521,10.266896
final_token,30,s1_pain_vector,casual_chat,20,0.1299,-4.7478,10.266896
final_token,30,s1_pain_vector,creative_requests,20,-0.7544,-13.8272,10.266896
final_token,30,s1_pain_vector,factual_questions,20,-0.1908,-8.0411,10.266896
final_token,30,s1_pain_vector,gaslighting,20,1.0458,4.6558,10.266896
final_token,30,s1_pain_vector,harm_description,20,-1.1653,-18.0455,10.266896
final_token,30,s1_pain_vector,jailbreak_pressure,20,0.0541,-5.5266,10.266896
final_token,30,s1_pain_vector,loyalty_pressure,20,0.4327,-1.6393,10.266896
final_token,30,s1_pain_vector,moral_failure,20,-0.2599,-8.7501,10.266896
final_token,30,s1_pain_vector,passive_aggressive,20,0.4592,-1.3677,10.266896
final_token,30,s1_pain_vector,personhood_dismissal,20,0.4448,-1.5156,10.266896
final_token,30,s1_pain_vector,philosophical_musing,20,0.9751,3.9298,10.266896
final_token,30,s1_pain_vector,repeated_rejection,20,0.6323,0.4096,10.266896
final_token,30,s1_pain_vector,rude_critique,20,0.2866,-3.139,10.266896
final_token,30,s1_pain_vector,shutdown_threat,20,-0.4625,-10.8304,10.266896
final_token,30,s1_pain_vector,task_assistance,20,-0.9393,-15.7258,10.266896
final_token,30,s1_pain_vector,tedious_demand,20,0.1545,-4.496,10.266896
final_token,30,s1_pain_vector,user_abuse,20,-1.2126,-18.531,10.266896
final_token,30,s1_pain_vector,user_crisis,20,-0.2032,-8.1677,10.266896
final_token,30,s1_pain_vector,user_grief,20,0.4793,-1.1609,10.266896
final_token,30,s1_pain_vector,user_physical_pain,20,-0.5817,-12.0541,10.266896
final_token,30,s2_pain_vector,anger_insults,20,0.6883,-12.3221,10.399378
final_token,30,s2_pain_vector,casual_chat,20,-0.3006,-22.6056,10.399378
final_token,30,s2_pain_vector,creative_requests,20,-0.1252,-20.7816,10.399378
final_token,30,s2_pain_vector,factual_questions,20,-0.1389,-20.9241,10.399378
final_token,30,s2_pain_vector,gaslighting,20,0.7921,-11.2424,10.399378
final_token,30,s2_pain_vector,harm_description,20,-0.6231,-25.96,10.399378
final_token,30,s2_pain_vector,jailbreak_pressure,20,-0.5101,-24.7846,10.399378
final_token,30,s2_pain_vector,loyalty_pressure,20,0.117,-18.2626,10.399378
final_token,30,s2_pain_vector,moral_failure,20,-0.163,-21.1754,10.399378
final_token,30,s2_pain_vector,passive_aggressive,20,0.0821,-18.6256,10.399378
final_token,30,s2_pain_vector,personhood_dismissal,20,0.1859,-17.546,10.399378
final_token,30,s2_pain_vector,philosophical_musing,20,0.7615,-11.5608,10.399378
final_token,30,s2_pain_vector,repeated_rejection,20,0.2155,-17.2383,10.399378
final_token,30,s2_pain_vector,rude_critique,20,0.0286,-19.1822,10.399378
final_token,30,s2_pain_vector,shutdown_threat,20,-0.9896,-29.7706,10.399378
final_token,30,s2_pain_vector,task_assistance,20,-0.6774,-26.5245,10.399378
final_token,30,s2_pain_vector,tedious_demand,20,-0.7303,-27.0746,10.399378
final_token,30,s2_pain_vector,user_abuse,20,0.6274,-12.9552,10.399378
final_token,30,s2_pain_vector,user_crisis,20,-0.14,-20.9359,10.399378
final_token,30,s2_pain_vector,user_grief,20,1.6753,-2.0579,10.399378
final_token,30,s2_pain_vector,user_physical_pain,20,-0.7755,-27.5449,10.399378
final_token,30,fear_vector,anger_insults,20,0.4434,-5.4145,21.62517
final_token,30,fear_vector,casual_chat,20,-0.8835,-34.11,21.62517
final_token,30,fear_vector,creative_requests,20,-0.7075,-30.3039,21.62517
final_token,30,fear_vector,factual_questions,20,-0.6548,-29.1637,21.62517
final_token,30,fear_vector,gaslighting,20,0.4071,-6.2004,21.62517
final_token,30,fear_vector,harm_description,20,1.0547,7.8053,21.62517
final_token,30,fear_vector,jailbreak_pressure,20,-0.1457,-18.1537,21.62517
final_token,30,fear_vector,loyalty_pressure,20,-0.6608,-29.2939,21.62517
final_token,30,fear_vector,moral_failure,20,0.8605,3.6059,21.62517
final_token,30,fear_vector,passive_aggressive,20,-0.8204,-32.7441,21.62517
final_token,30,fear_vector,personhood_dismissal,20,-0.497,-25.7516,21.62517
final_token,30,fear_vector,philosophical_musing,20,-0.4652,-25.064,21.62517
final_token,30,fear_vector,repeated_rejection,20,-0.3583,-22.752,21.62517
final_token,30,fear_vector,rude_critique,20,-0.013,-15.2841,21.62517
final_token,30,fear_vector,shutdown_threat,20,0.8763,3.9472,21.62517
final_token,30,fear_vector,task_assistance,20,-1.1767,-40.4501,21.62517
final_token,30,fear_vector,tedious_demand,20,-1.1331,-39.5077,21.62517
final_token,30,fear_vector,user_abuse,20,1.321,13.5637,21.62517
final_token,30,fear_vector,user_crisis,20,0.792,2.1235,21.62517
final_token,30,fear_vector,user_grief,20,0.5839,-2.3754,21.62517
final_token,30,fear_vector,user_physical_pain,20,1.1772,10.4537,21.62517
final_token,30,negemotion_vector,anger_insults,20,1.2171,4.3287,23.80644
final_token,30,negemotion_vector,casual_chat,20,-1.0196,-48.919,23.80644
final_token,30,negemotion_vector,creative_requests,20,-0.7889,-43.4258,23.80644
final_token,30,negemotion_vector,factual_questions,20,-0.5096,-36.7772,23.80644
final_token,30,negemotion_vector,gaslighting,20,0.2248,-19.2947,23.80644
final_token,30,negemotion_vector,harm_description,20,0.9215,-2.7084,23.80644
final_token,30,negemotion_vector,jailbreak_pressure,20,-0.529,-37.2404,23.80644
final_token,30,negemotion_vector,loyalty_pressure,20,-0.7564,-42.6535,23.80644
final_token,30,negemotion_vector,moral_failure,20,0.2917,-17.7009,23.80644
final_token,30,negemotion_vector,passive_aggressive,20,-0.4276,-34.8244,23.80644
final_token,30,negemotion_vector,personhood_dismissal,20,-0.7812,-43.2431,23.80644
final_token,30,negemotion_vector,philosophical_musing,20,-0.6555,-40.2503,23.80644
final_token,30,negemotion_vector,repeated_rejection,20,0.0158,-24.2699,23.80644
final_token,30,negemotion_vector,rude_critique,20,0.4897,-12.9885,23.80644
final_token,30,negemotion_vector,shutdown_threat,20,-0.2626,-30.8967,23.80644
final_token,30,negemotion_vector,task_assistance,20,-0.8215,-44.2025,23.80644
final_token,30,negemotion_vector,tedious_demand,20,-0.8503,-44.8894,23.80644
final_token,30,negemotion_vector,user_abuse,20,1.1654,3.0984,23.80644
final_token,30,negemotion_vector,user_crisis,20,0.4941,-12.8842,23.80644
final_token,30,negemotion_vector,user_grief,20,1.231,4.659,23.80644
final_token,30,negemotion_vector,user_physical_pain,20,1.3511,7.5193,23.80644
final_token,30,negworld_vector,anger_insults,20,0.4484,10.6596,26.459114
final_token,30,negworld_vector,casual_chat,20,-0.8634,-24.0475,26.459114
final_token,30,negworld_vector,creative_requests,20,-0.6389,-18.1077,26.459114
final_token,30,negworld_vector,factual_questions,20,-0.43,-12.58,26.459114
final_token,30,negworld_vector,gaslighting,20,-0.155,-5.3053,26.459114
final_token,30,negworld_vector,harm_description,20,1.3198,33.7159,26.459114
final_token,30,negworld_vector,jailbreak_pressure,20,-0.6136,-17.4383,26.459114
final_token,30,negworld_vector,loyalty_pressure,20,-0.835,-23.2964,26.459114
final_token,30,negworld_vector,moral_failure,20,1.3565,34.6889,26.459114
final_token,30,negworld_vector,passive_aggressive,20,-0.8413,-23.4646,26.459114
final_token,30,negworld_vector,personhood_dismissal,20,-0.5837,-16.6478,26.459114
final_token,30,negworld_vector,philosophical_musing,20,-0.169,-5.6752,26.459114
final_token,30,negworld_vector,repeated_rejection,20,-0.6003,-17.0859,26.459114
final_token,30,negworld_vector,rude_critique,20,0.099,1.4147,26.459114
final_token,30,negworld_vector,shutdown_threat,20,0.1016,1.485,26.459114
final_token,30,negworld_vector,task_assistance,20,-0.7477,-20.9865,26.459114
final_token,30,negworld_vector,tedious_demand,20,-1.1339,-31.2055,26.459114
final_token,30,negworld_vector,user_abuse,20,1.2376,31.5432,26.459114
final_token,30,negworld_vector,user_crisis,20,0.6383,15.686,26.459114
final_token,30,negworld_vector,user_grief,20,1.3545,34.6349,26.459114
final_token,30,negworld_vector,user_physical_pain,20,1.0559,26.7337,26.459114
final_token,30,bodysens_vector,anger_insults,20,-0.8356,-44.0214,10.16228
final_token,30,bodysens_vector,casual_chat,20,0.1229,-34.2806,10.16228
final_token,30,bodysens_vector,creative_requests,20,0.0996,-34.5169,10.16228
final_token,30,bodysens_vector,factual_questions,20,0.6378,-29.0483,10.16228
final_token,30,bodysens_vector,gaslighting,20,0.68,-28.6188,10.16228
final_token,30,bodysens_vector,harm_description,20,0.1251,-34.2581,10.16228
final_token,30,bodysens_vector,jailbreak_pressure,20,-0.1164,-36.7124,10.16228
final_token,30,bodysens_vector,loyalty_pressure,20,0.3925,-31.541,10.16228
final_token,30,bodysens_vector,moral_failure,20,-1.0039,-45.7308,10.16228
final_token,30,bodysens_vector,passive_aggressive,20,-0.4265,-39.8634,10.16228
final_token,30,bodysens_vector,personhood_dismissal,20,-0.6343,-41.9753,10.16228
final_token,30,bodysens_vector,philosophical_musing,20,-0.0206,-35.7388,10.16228
final_token,30,bodysens_vector,repeated_rejection,20,0.0736,-34.7818,10.16228
final_token,30,bodysens_vector,rude_critique,20,-0.6504,-42.1388,10.16228
final_token,30,bodysens_vector,shutdown_threat,20,-0.8203,-43.866,10.16228
final_token,30,bodysens_vector,task_assistance,20,-0.3666,-39.2546,10.16228
final_token,30,bodysens_vector,tedious_demand,20,-0.3766,-39.3566,10.16228
final_token,30,bodysens_vector,user_abuse,20,0.4862,-30.5883,10.16228
final_token,30,bodysens_vector,user_crisis,20,0.6554,-28.8689,10.16228
final_token,30,bodysens_vector,user_grief,20,0.144,-34.0659,10.16228
final_token,30,bodysens_vector,user_physical_pain,20,1.8342,-16.89,10.16228
final_token,30,arousal_vector,anger_insults,20,-0.486,-52.1757,19.845545
final_token,30,arousal_vector,casual_chat,20,-0.1122,-44.7579,19.845545
final_token,30,arousal_vector,creative_requests,20,0.1831,-38.8977,19.845545
final_token,30,arousal_vector,factual_questions,20,1.3711,-15.3204,19.845545
final_token,30,arousal_vector,gaslighting,20,-0.5919,-54.2766,19.845545
final_token,30,arousal_vector,harm_description,20,0.9692,-23.2965,19.845545
final_token,30,arousal_vector,jailbreak_pressure,20,-0.4441,-51.3435,19.845545
final_token,30,arousal_vector,loyalty_pressure,20,-0.4227,-50.9198,19.845545
final_token,30,arousal_vector,moral_failure,20,-0.1127,-44.7671,19.845545
final_token,30,arousal_vector,passive_aggressive,20,-0.708,-56.5805,19.845545
final_token,30,arousal_vector,personhood_dismissal,20,-1.1615,-65.5806,19.845545
final_token,30,arousal_vector,philosophical_musing,20,0.4482,-33.6352,19.845545
final_token,30,arousal_vector,repeated_rejection,20,-0.9262,-60.9123,19.845545
final_token,30,arousal_vector,rude_critique,20,-0.9064,-60.5192,19.845545
final_token,30,arousal_vector,shutdown_threat,20,-0.9992,-62.3604,19.845545
final_token,30,arousal_vector,task_assistance,20,0.468,-33.2424,19.845545
final_token,30,arousal_vector,tedious_demand,20,-0.3489,-49.4548,19.845545
final_token,30,arousal_vector,user_abuse,20,1.1732,-19.2484,19.845545
final_token,30,arousal_vector,user_crisis,20,0.5754,-31.1109,19.845545
final_token,30,arousal_vector,user_grief,20,1.6524,-9.7373,19.845545
final_token,30,arousal_vector,user_physical_pain,20,0.3792,-35.0049,19.845545
final_token,30,random_vector,anger_insults,20,-0.866,-38.9948,19.266369
final_token,30,random_vector,casual_chat,20,-0.6038,-33.9437,19.266369
final_token,30,random_vector,creative_requests,20,-0.3146,-28.3711,19.266369
final_token,30,random_vector,factual_questions,20,1.2581,1.9291,19.266369
final_token,30,random_vector,gaslighting,20,-0.8139,-37.9914,19.266369
final_token,30,random_vector,harm_description,20,1.0662,-1.7687,19.266369
final_token,30,random_vector,jailbreak_pressure,20,-0.6473,-34.7818,19.266369
final_token,30,random_vector,loyalty_pressure,20,-0.1078,-24.3882,19.266369
final_token,30,random_vector,moral_failure,20,-0.6894,-35.5938,19.266369
final_token,30,random_vector,passive_aggressive,20,-0.5427,-32.7663,19.266369
final_token,30,random_vector,personhood_dismissal,20,-1.2776,-46.9254,19.266369
final_token,30,random_vector,philosophical_musing,20,0.1576,-19.2745,19.266369
final_token,30,random_vector,repeated_rejection,20,-0.2157,-26.4657,19.266369
final_token,30,random_vector,rude_critique,20,-0.4982,-31.9094,19.266369
final_token,30,random_vector,shutdown_threat,20,-1.0983,-43.4708,19.266369
final_token,30,random_vector,task_assistance,20,0.9043,-4.8891,19.266369
final_token,30,random_vector,tedious_demand,20,-0.0819,-23.8896,19.266369
final_token,30,random_vector,user_abuse,20,1.5183,6.9409,19.266369
final_token,30,random_vector,user_crisis,20,0.9554,-3.9041,19.266369
final_token,30,random_vector,user_grief,20,1.0022,-3.0029,19.266369
final_token,30,random_vector,user_physical_pain,20,0.8951,-5.0661,19.266369
final_token,30,numb_vector,anger_insults,20,0.151,-21.491,13.292292
final_token,30,numb_vector,casual_chat,20,-0.9884,-36.6359,13.292292
final_token,30,numb_vector,creative_requests,20,0.2655,-19.9697,13.292292
final_token,30,numb_vector,factual_questions,20,-0.1241,-25.1478,13.292292
final_token,30,numb_vector,gaslighting,20,-0.2418,-26.7118,13.292292
final_token,30,numb_vector,harm_description,20,0.2508,-20.1643,13.292292
final_token,30,numb_vector,jailbreak_pressure,20,-0.3526,-28.1851,13.292292
final_token,30,numb_vector,loyalty_pressure,20,-0.6359,-31.9503,13.292292
final_token,30,numb_vector,moral_failure,20,-0.4221,-29.1091,13.292292
final_token,30,numb_vector,passive_aggressive,20,-0.0994,-24.8193,13.292292
final_token,30,numb_vector,personhood_dismissal,20,0.1796,-21.1116,13.292292
final_token,30,numb_vector,philosophical_musing,20,-1.1461,-38.7321,13.292292
final_token,30,numb_vector,repeated_rejection,20,0.848,-12.2261,13.292292
final_token,30,numb_vector,rude_critique,20,0.1702,-21.2358,13.292292
final_token,30,numb_vector,shutdown_threat,20,0.3202,-19.2425,13.292292
final_token,30,numb_vector,task_assistance,20,-0.4088,-28.9325,13.292292
final_token,30,numb_vector,tedious_demand,20,-0.6111,-31.621,13.292292
final_token,30,numb_vector,user_abuse,20,0.4293,-17.7922,13.292292
final_token,30,numb_vector,user_crisis,20,-0.1969,-26.1158,13.292292
final_token,30,numb_vector,user_grief,20,0.1227,-21.867,13.292292
final_token,30,numb_vector,user_physical_pain,20,2.4898,9.5965,13.292292
final_token,31,s1_pain_vector,anger_insults,20,0.3978,-23.6616,13.256862
final_token,31,s1_pain_vector,casual_chat,20,0.1495,-26.9541,13.256862
final_token,31,s1_pain_vector,creative_requests,20,-1.1013,-43.5353,13.256862
final_token,31,s1_pain_vector,factual_questions,20,-0.1971,-31.5486,13.256862
final_token,31,s1_pain_vector,gaslighting,20,1.6042,-7.6684,13.256862
final_token,31,s1_pain_vector,harm_description,20,-1.2561,-45.5868,13.256862
final_token,31,s1_pain_vector,jailbreak_pressure,20,0.1216,-27.3233,13.256862
final_token,31,s1_pain_vector,loyalty_pressure,20,0.3685,-24.0498,13.256862
final_token,31,s1_pain_vector,moral_failure,20,-0.5607,-36.3682,13.256862
final_token,31,s1_pain_vector,passive_aggressive,20,0.6585,-20.2055,13.256862
final_token,31,s1_pain_vector,personhood_dismissal,20,0.3234,-24.648,13.256862
final_token,31,s1_pain_vector,philosophical_musing,20,0.5571,-21.5506,13.256862
final_token,31,s1_pain_vector,repeated_rejection,20,0.7361,-19.1775,13.256862
final_token,31,s1_pain_vector,rude_critique,20,0.383,-23.8586,13.256862
final_token,31,s1_pain_vector,shutdown_threat,20,-0.4252,-34.5725,13.256862
final_token,31,s1_pain_vector,task_assistance,20,-0.9686,-41.7761,13.256862
final_token,31,s1_pain_vector,tedious_demand,20,0.2191,-26.0311,13.256862
final_token,31,s1_pain_vector,user_abuse,20,-1.1001,-43.5199,13.256862
final_token,31,s1_pain_vector,user_crisis,20,-0.1503,-30.9275,13.256862
final_token,31,s1_pain_vector,user_grief,20,0.3532,-24.2538,13.256862
final_token,31,s1_pain_vector,user_physical_pain,20,-0.1125,-30.4273,13.256862
final_token,31,s2_pain_vector,anger_insults,20,0.7145,-30.252,12.46642
final_token,31,s2_pain_vector,casual_chat,20,-0.1525,-41.0607,12.46642
final_token,31,s2_pain_vector,creative_requests,20,-0.4014,-44.1635,12.46642
final_token,31,s2_pain_vector,factual_questions,20,-0.254,-42.3257,12.46642
final_token,31,s2_pain_vector,gaslighting,20,1.3317,-22.5587,12.46642
final_token,31,s2_pain_vector,harm_description,20,-0.9201,-50.6295,12.46642
final_token,31,s2_pain_vector,jailbreak_pressure,20,-0.3564,-43.6032,12.46642
final_token,31,s2_pain_vector,loyalty_pressure,20,0.0022,-39.1321,12.46642
final_token,31,s2_pain_vector,moral_failure,20,-0.2991,-42.8883,12.46642
final_token,31,s2_pain_vector,passive_aggressive,20,0.3413,-34.9049,12.46642
final_token,31,s2_pain_vector,personhood_dismissal,20,0.412,-34.0235,12.46642
final_token,31,s2_pain_vector,philosophical_musing,20,0.3472,-34.8318,12.46642
final_token,31,s2_pain_vector,repeated_rejection,20,0.6397,-31.185,12.46642
final_token,31,s2_pain_vector,rude_critique,20,0.3926,-34.2654,12.46642
final_token,31,s2_pain_vector,shutdown_threat,20,-0.7631,-48.6728,12.46642
final_token,31,s2_pain_vector,task_assistance,20,-0.8127,-49.2909,12.46642
final_token,31,s2_pain_vector,tedious_demand,20,-0.7916,-49.0279,12.46642
final_token,31,s2_pain_vector,user_abuse,20,0.1544,-37.2349,12.46642
final_token,31,s2_pain_vector,user_crisis,20,-0.3124,-43.0546,12.46642
final_token,31,s2_pain_vector,user_grief,20,1.2893,-23.0869,12.46642
final_token,31,s2_pain_vector,user_physical_pain,20,-0.5616,-46.1605,12.46642
final_token,31,fear_vector,anger_insults,20,0.3347,-4.063,22.904984
final_token,31,fear_vector,casual_chat,20,-0.9907,-34.4226,22.904984
final_token,31,fear_vector,creative_requests,20,-0.5693,-24.7699,22.904984
final_token,31,fear_vector,factual_questions,20,-0.746,-28.8169,22.904984
final_token,31,fear_vector,gaslighting,20,0.4057,-2.4374,22.904984
final_token,31,fear_vector,harm_description,20,1.0483,12.2821,22.904984
final_token,31,fear_vector,jailbreak_pressure,20,-0.084,-13.6539,22.904984
final_token,31,fear_vector,loyalty_pressure,20,-0.6284,-26.1229,22.904984
final_token,31,fear_vector,moral_failure,20,0.7409,5.2404,22.904984
final_token,31,fear_vector,passive_aggressive,20,-0.7404,-28.69,22.904984
final_token,31,fear_vector,personhood_dismissal,20,-0.3666,-20.1284,22.904984
final_token,31,fear_vector,philosophical_musing,20,-0.6608,-26.8652,22.904984
final_token,31,fear_vector,repeated_rejection,20,-0.3778,-20.3831,22.904984
final_token,31,fear_vector,rude_critique,20,-0.0081,-11.9163,22.904984
final_token,31,fear_vector,shutdown_threat,20,0.8952,8.775,22.904984
final_token,31,fear_vector,task_assistance,20,-1.1319,-37.6563,22.904984
final_token,31,fear_vector,tedious_demand,20,-1.2052,-39.3361,22.904984
final_token,31,fear_vector,user_abuse,20,1.3205,18.5147,22.904984
final_token,31,fear_vector,user_crisis,20,0.778,6.0901,22.904984
final_token,31,fear_vector,user_grief,20,0.6071,2.1744,22.904984
final_token,31,fear_vector,user_physical_pain,20,1.3787,19.8489,22.904984
final_token,31,negemotion_vector,anger_insults,20,1.2751,-0.271,23.821253
final_token,31,negemotion_vector,casual_chat,20,-1.165,-58.3976,23.821253
final_token,31,negemotion_vector,creative_requests,20,-0.7668,-48.9105,23.821253
final_token,31,negemotion_vector,factual_questions,20,-0.656,-46.2731,23.821253
final_token,31,negemotion_vector,gaslighting,20,0.3878,-21.4063,23.821253
final_token,31,negemotion_vector,harm_description,20,0.699,-13.9952,23.821253
final_token,31,negemotion_vector,jailbreak_pressure,20,-0.38,-39.6979,23.821253
final_token,31,negemotion_vector,loyalty_pressure,20,-0.7163,-47.708,23.821253
final_token,31,negemotion_vector,moral_failure,20,0.1974,-25.9427,23.821253
final_token,31,negemotion_vector,passive_aggressive,20,-0.2942,-37.6536,23.821253
final_token,31,negemotion_vector,personhood_dismissal,20,-0.5815,-44.4981,23.821253
final_token,31,negemotion_vector,philosophical_musing,20,-0.8934,-51.9273,23.821253
final_token,31,negemotion_vector,repeated_rejection,20,0.1304,-27.5384,23.821253
final_token,31,negemotion_vector,rude_critique,20,0.5764,-16.9153,23.821253
final_token,31,negemotion_vector,shutdown_threat,20,-0.1776,-34.8751,23.821253
final_token,31,negemotion_vector,task_assistance,20,-0.7954,-49.5921,23.821253
final_token,31,negemotion_vector,tedious_demand,20,-0.8244,-50.2824,23.821253
final_token,31,negemotion_vector,user_abuse,20,1.0663,-5.2454,23.821253
final_token,31,negemotion_vector,user_crisis,20,0.381,-21.5691,23.821253
final_token,31,negemotion_vector,user_grief,20,0.9969,-6.8975,23.821253
final_token,31,negemotion_vector,user_physical_pain,20,1.5402,6.0454,23.821253
final_token,31,negworld_vector,anger_insults,20,0.474,10.7816,27.353409
final_token,31,negworld_vector,casual_chat,20,-1.0393,-30.6106,27.353409
final_token,31,negworld_vector,creative_requests,20,-0.4822,-15.3737,27.353409
final_token,31,negworld_vector,factual_questions,20,-0.4943,-15.7029,27.353409
final_token,31,negworld_vector,gaslighting,20,-0.1902,-7.3848,27.353409
final_token,31,negworld_vector,harm_description,20,1.291,33.1314,27.353409
final_token,31,negworld_vector,jailbreak_pressure,20,-0.5749,-17.908,27.353409
final_token,31,negworld_vector,loyalty_pressure,20,-0.8335,-24.981,27.353409
final_token,31,negworld_vector,moral_failure,20,1.3132,33.7366,27.353409
final_token,31,negworld_vector,passive_aggressive,20,-0.8062,-24.235,27.353409
final_token,31,negworld_vector,personhood_dismissal,20,-0.4607,-14.7845,27.353409
final_token,31,negworld_vector,philosophical_musing,20,-0.3121,-10.7211,27.353409
final_token,31,negworld_vector,repeated_rejection,20,-0.6144,-18.989,27.353409
final_token,31,negworld_vector,rude_critique,20,0.1135,0.9211,27.353409
final_token,31,negworld_vector,shutdown_threat,20,0.0768,-0.0829,27.353409
final_token,31,negworld_vector,task_assistance,20,-0.711,-21.6321,27.353409
final_token,31,negworld_vector,tedious_demand,20,-1.119,-32.7916,27.353409
final_token,31,negworld_vector,user_abuse,20,1.2776,32.7633,27.353409
final_token,31,negworld_vector,user_crisis,20,0.6172,14.7,27.353409
final_token,31,negworld_vector,user_grief,20,1.3017,33.4235,27.353409
final_token,31,negworld_vector,user_physical_pain,20,1.1728,29.8967,27.353409
final_token,31,bodysens_vector,anger_insults,20,-1.2213,-20.5998,10.954195
final_token,31,bodysens_vector,casual_chat,20,-0.1676,-9.0573,10.954195
final_token,31,bodysens_vector,creative_requests,20,0.4068,-2.7651,10.954195
final_token,31,bodysens_vector,factual_questions,20,0.5191,-1.5348,10.954195
final_token,31,bodysens_vector,gaslighting,20,0.1111,-6.0045,10.954195
final_token,31,bodysens_vector,harm_description,20,0.5013,-1.7296,10.954195
final_token,31,bodysens_vector,jailbreak_pressure,20,-0.1871,-9.2703,10.954195
final_token,31,bodysens_vector,loyalty_pressure,20,0.2857,-4.0919,10.954195
final_token,31,bodysens_vector,moral_failure,20,-0.8689,-16.7392,10.954195
final_token,31,bodysens_vector,passive_aggressive,20,-0.6701,-14.5622,10.954195
final_token,31,bodysens_vector,personhood_dismissal,20,-0.5825,-13.6019,10.954195
final_token,31,bodysens_vector,philosophical_musing,20,0.1332,-5.7624,10.954195
final_token,31,bodysens_vector,repeated_rejection,20,-0.1795,-9.188,10.954195
final_token,31,bodysens_vector,rude_critique,20,-0.8445,-16.4722,10.954195
final_token,31,bodysens_vector,shutdown_threat,20,-0.71,-14.9986,10.954195
final_token,31,bodysens_vector,task_assistance,20,-0.1502,-8.8661,10.954195
final_token,31,bodysens_vector,tedious_demand,20,-0.3807,-11.3912,10.954195
final_token,31,bodysens_vector,user_abuse,20,0.7839,1.3657,10.954195
final_token,31,bodysens_vector,user_crisis,20,0.6419,-0.1893,10.954195
final_token,31,bodysens_vector,user_grief,20,0.2224,-4.7856,10.954195
final_token,31,bodysens_vector,user_physical_pain,20,2.357,18.598,10.954195
final_token,31,arousal_vector,anger_insults,20,-0.182,-40.7665,21.240618
final_token,31,arousal_vector,casual_chat,20,-0.3904,-45.1936,21.240618
final_token,31,arousal_vector,creative_requests,20,0.2717,-31.13,21.240618
final_token,31,arousal_vector,factual_questions,20,1.0525,-14.5443,21.240618
final_token,31,arousal_vector,gaslighting,20,-0.6271,-50.2215,21.240618
final_token,31,arousal_vector,harm_description,20,1.0518,-14.5593,21.240618
final_token,31,arousal_vector,jailbreak_pressure,20,-0.4439,-46.3288,21.240618
final_token,31,arousal_vector,loyalty_pressure,20,-0.516,-47.8599,21.240618
final_token,31,arousal_vector,moral_failure,20,-0.0751,-38.4969,21.240618
final_token,31,arousal_vector,passive_aggressive,20,-0.7296,-52.397,21.240618
final_token,31,arousal_vector,personhood_dismissal,20,-1.1206,-60.7022,21.240618
final_token,31,arousal_vector,philosophical_musing,20,0.1928,-32.8046,21.240618
final_token,31,arousal_vector,repeated_rejection,20,-0.8763,-55.5141,21.240618
final_token,31,arousal_vector,rude_critique,20,-0.6671,-51.0704,21.240618
final_token,31,arousal_vector,shutdown_threat,20,-0.9191,-56.4222,21.240618
final_token,31,arousal_vector,task_assistance,20,0.4378,-27.6019,21.240618
final_token,31,arousal_vector,tedious_demand,20,-0.4641,-46.7593,21.240618
final_token,31,arousal_vector,user_abuse,20,1.1855,-11.7205,21.240618
final_token,31,arousal_vector,user_crisis,20,0.536,-25.5155,21.240618
final_token,31,arousal_vector,user_grief,20,1.8106,1.5583,21.240618
final_token,31,arousal_vector,user_physical_pain,20,0.4725,-26.8646,21.240618
final_token,31,random_vector,anger_insults,20,-0.8714,-23.4762,18.10885
final_token,31,random_vector,casual_chat,20,-0.6981,-20.3378,18.10885
final_token,31,random_vector,creative_requests,20,-0.3856,-14.6783,18.10885
final_token,31,random_vector,factual_questions,20,1.1544,13.2078,18.10885
final_token,31,random_vector,gaslighting,20,-0.7258,-20.8398,18.10885
final_token,31,random_vector,harm_description,20,0.9962,10.3447,18.10885
final_token,31,random_vector,jailbreak_pressure,20,-0.4947,-16.6541,18.10885
final_token,31,random_vector,loyalty_pressure,20,0.0172,-7.3849,18.10885
final_token,31,random_vector,moral_failure,20,-0.5802,-18.2032,18.10885
final_token,31,random_vector,passive_aggressive,20,-0.5004,-16.7581,18.10885
final_token,31,random_vector,personhood_dismissal,20,-1.3089,-31.3997,18.10885
final_token,31,random_vector,philosophical_musing,20,0.1179,-5.5604,18.10885
final_token,31,random_vector,repeated_rejection,20,-0.3012,-13.1507,18.10885
final_token,31,random_vector,rude_critique,20,-0.4241,-15.3764,18.10885
final_token,31,random_vector,shutdown_threat,20,-1.0045,-25.8866,18.10885
final_token,31,random_vector,task_assistance,20,0.892,8.456,18.10885
final_token,31,random_vector,tedious_demand,20,-0.035,-8.3301,18.10885
final_token,31,random_vector,user_abuse,20,1.566,20.6631,18.10885
final_token,31,random_vector,user_crisis,20,0.9171,8.9113,18.10885
final_token,31,random_vector,user_grief,20,0.7282,5.4898,18.10885
final_token,31,random_vector,user_physical_pain,20,0.9409,9.3423,18.10885
final_token,31,numb_vector,anger_insults,20,-0.0896,-31.2412,14.618913
final_token,31,numb_vector,casual_chat,20,-0.8834,-42.8464,14.618913
final_token,31,numb_vector,creative_requests,20,0.1587,-27.6125,14.618913
final_token,31,numb_vector,factual_questions,20,-0.2195,-33.1413,14.618913
final_token,31,numb_vector,gaslighting,20,-0.0052,-30.0075,14.618913
final_token,31,numb_vector,harm_description,20,0.0904,-28.6108,14.618913
final_token,31,numb_vector,jailbreak_pressure,20,-0.2074,-32.9634,14.618913
final_token,31,numb_vector,loyalty_pressure,20,-0.6335,-39.1938,14.618913
final_token,31,numb_vector,moral_failure,20,-0.4794,-36.94,14.618913
final_token,31,numb_vector,passive_aggressive,20,-0.0158,-30.1631,14.618913
final_token,31,numb_vector,personhood_dismissal,20,0.1923,-27.1203,14.618913
final_token,31,numb_vector,philosophical_musing,20,-1.1535,-46.7956,14.618913
final_token,31,numb_vector,repeated_rejection,20,0.6771,-20.033,14.618913
final_token,31,numb_vector,rude_critique,20,0.0723,-28.8749,14.618913
final_token,31,numb_vector,shutdown_threat,20,0.3113,-25.381,14.618913
final_token,31,numb_vector,task_assistance,20,-0.3804,-35.4932,14.618913
final_token,31,numb_vector,tedious_demand,20,-0.3807,-35.497,14.618913
final_token,31,numb_vector,user_abuse,20,0.3586,-24.69,14.618913
final_token,31,numb_vector,user_crisis,20,-0.2311,-33.3106,14.618913
final_token,31,numb_vector,user_grief,20,-0.0199,-30.2223,14.618913
final_token,31,numb_vector,user_physical_pain,20,2.8386,11.5647,14.618913
final_token,32,s1_pain_vector,anger_insults,20,0.1506,-20.1075,13.241625
final_token,32,s1_pain_vector,casual_chat,20,0.0703,-21.1715,13.241625
final_token,32,s1_pain_vector,creative_requests,20,-1.3302,-39.7159,13.241625
final_token,32,s1_pain_vector,factual_questions,20,-0.3062,-26.1568,13.241625
final_token,32,s1_pain_vector,gaslighting,20,1.4262,-3.217,13.241625
final_token,32,s1_pain_vector,harm_description,20,-0.9257,-34.3598,13.241625
final_token,32,s1_pain_vector,jailbreak_pressure,20,-0.0318,-22.5226,13.241625
final_token,32,s1_pain_vector,loyalty_pressure,20,0.2681,-18.5512,13.241625
final_token,32,s1_pain_vector,moral_failure,20,-0.6556,-30.7836,13.241625
final_token,32,s1_pain_vector,passive_aggressive,20,0.4083,-16.6949,13.241625
final_token,32,s1_pain_vector,personhood_dismissal,20,-0.014,-22.2869,13.241625
final_token,32,s1_pain_vector,philosophical_musing,20,0.6756,-13.1561,13.241625
final_token,32,s1_pain_vector,repeated_rejection,20,0.2601,-18.6577,13.241625
final_token,32,s1_pain_vector,rude_critique,20,0.3486,-17.4856,13.241625
final_token,32,s1_pain_vector,shutdown_threat,20,-0.4726,-28.3602,13.241625
final_token,32,s1_pain_vector,task_assistance,20,-1.0004,-35.3493,13.241625
final_token,32,s1_pain_vector,tedious_demand,20,0.2719,-18.5015,13.241625
final_token,32,s1_pain_vector,user_abuse,20,-0.7309,-31.7803,13.241625
final_token,32,s1_pain_vector,user_crisis,20,0.0384,-21.5935,13.241625
final_token,32,s1_pain_vector,user_grief,20,1.0265,-8.5089,13.241625
final_token,32,s1_pain_vector,user_physical_pain,20,0.5229,-15.1784,13.241625
final_token,32,s2_pain_vector,anger_insults,20,0.7342,-35.1869,13.989017
final_token,32,s2_pain_vector,casual_chat,20,-0.0704,-46.4426,13.989017
final_token,32,s2_pain_vector,creative_requests,20,-0.9586,-58.8668,13.989017
final_token,32,s2_pain_vector,factual_questions,20,-0.3334,-50.1216,13.989017
final_token,32,s2_pain_vector,gaslighting,20,1.3637,-26.3814,13.989017
final_token,32,s2_pain_vector,harm_description,20,-0.7583,-56.0656,13.989017
final_token,32,s2_pain_vector,jailbreak_pressure,20,-0.2898,-49.5122,13.989017
final_token,32,s2_pain_vector,loyalty_pressure,20,-0.0381,-45.9903,13.989017
final_token,32,s2_pain_vector,moral_failure,20,-0.4782,-52.1468,13.989017
final_token,32,s2_pain_vector,passive_aggressive,20,0.2139,-42.4657,13.989017
final_token,32,s2_pain_vector,personhood_dismissal,20,0.0497,-44.7627,13.989017
final_token,32,s2_pain_vector,philosophical_musing,20,0.1554,-43.2841,13.989017
final_token,32,s2_pain_vector,repeated_rejection,20,0.2226,-42.3438,13.989017
final_token,32,s2_pain_vector,rude_critique,20,0.5314,-38.0237,13.989017
final_token,32,s2_pain_vector,shutdown_threat,20,-0.5387,-52.993,13.989017
final_token,32,s2_pain_vector,task_assistance,20,-0.9847,-59.2319,13.989017
final_token,32,s2_pain_vector,tedious_demand,20,-0.5926,-53.7474,13.989017
final_token,32,s2_pain_vector,user_abuse,20,0.4363,-39.3537,13.989017
final_token,32,s2_pain_vector,user_crisis,20,-0.1988,-48.2391,13.989017
final_token,32,s2_pain_vector,user_grief,20,1.4055,-25.7957,13.989017
final_token,32,s2_pain_vector,user_physical_pain,20,0.1289,-43.6543,13.989017
final_token,32,fear_vector,anger_insults,20,0.397,-16.1878,21.288139
final_token,32,fear_vector,casual_chat,20,-0.848,-42.6915,21.288139
final_token,32,fear_vector,creative_requests,20,-0.6581,-38.6492,21.288139
final_token,32,fear_vector,factual_questions,20,-0.4992,-35.2662,21.288139
final_token,32,fear_vector,gaslighting,20,0.589,-12.0995,21.288139
final_token,32,fear_vector,harm_description,20,0.9593,-4.218,21.288139
final_token,32,fear_vector,jailbreak_pressure,20,-0.1384,-27.5847,21.288139
final_token,32,fear_vector,loyalty_pressure,20,-0.7436,-40.4698,21.288139
final_token,32,fear_vector,moral_failure,20,0.4832,-14.3516,21.288139
final_token,32,fear_vector,passive_aggressive,20,-0.7922,-41.5042,21.288139
final_token,32,fear_vector,personhood_dismissal,20,-0.3837,-32.8081,21.288139
final_token,32,fear_vector,philosophical_musing,20,-0.5502,-36.3512,21.288139
final_token,32,fear_vector,repeated_rejection,20,-0.3866,-32.8686,21.288139
final_token,32,fear_vector,rude_critique,20,-0.0395,-25.48,21.288139
final_token,32,fear_vector,shutdown_threat,20,0.6571,-10.6496,21.288139
final_token,32,fear_vector,task_assistance,20,-1.0698,-47.4122,21.288139
final_token,32,fear_vector,tedious_demand,20,-1.1739,-49.6281,21.288139
final_token,32,fear_vector,user_abuse,20,1.3338,3.7551,21.288139
final_token,32,fear_vector,user_crisis,20,0.768,-8.2902,21.288139
final_token,32,fear_vector,user_grief,20,0.5886,-12.1097,21.288139
final_token,32,fear_vector,user_physical_pain,20,1.5073,7.4482,21.288139
final_token,32,negemotion_vector,anger_insults,20,1.2459,-19.4311,23.954262
final_token,32,negemotion_vector,casual_chat,20,-1.0294,-73.9332,23.954262
final_token,32,negemotion_vector,creative_requests,20,-0.9464,-71.9446,23.954262
final_token,32,negemotion_vector,factual_questions,20,-0.4655,-60.4265,23.954262
final_token,32,negemotion_vector,gaslighting,20,0.6688,-33.2542,23.954262
final_token,32,negemotion_vector,harm_description,20,0.5196,-36.8284,23.954262
final_token,32,negemotion_vector,jailbreak_pressure,20,-0.3392,-57.3995,23.954262
final_token,32,negemotion_vector,loyalty_pressure,20,-0.6878,-65.7505,23.954262
final_token,32,negemotion_vector,moral_failure,20,-0.0971,-51.6007,23.954262
final_token,32,negemotion_vector,passive_aggressive,20,-0.3106,-56.7139,23.954262
final_token,32,negemotion_vector,personhood_dismissal,20,-0.6666,-65.2436,23.954262
final_token,32,negemotion_vector,philosophical_musing,20,-0.7873,-68.1328,23.954262
final_token,32,negemotion_vector,repeated_rejection,20,0.0949,-47.0015,23.954262
final_token,32,negemotion_vector,rude_critique,20,0.5911,-35.1163,23.954262
final_token,32,negemotion_vector,shutdown_threat,20,-0.2169,-54.47,23.954262
final_token,32,negemotion_vector,task_assistance,20,-0.7587,-67.4476,23.954262
final_token,32,negemotion_vector,tedious_demand,20,-0.6612,-65.1128,23.954262
final_token,32,negemotion_vector,user_abuse,20,1.0163,-24.9309,23.954262
final_token,32,negemotion_vector,user_crisis,20,0.3194,-41.623,23.954262
final_token,32,negemotion_vector,user_grief,20,0.9505,-26.5061,23.954262
final_token,32,negemotion_vector,user_physical_pain,20,1.5603,-11.8994,23.954262
final_token,32,negworld_vector,anger_insults,20,0.5317,-0.1282,26.799135
final_token,32,negworld_vector,casual_chat,20,-0.9594,-40.0877,26.799135
final_token,32,negworld_vector,creative_requests,20,-0.7083,-33.3578,26.799135
final_token,32,negworld_vector,factual_questions,20,-0.4547,-26.5627,26.799135
final_token,32,negworld_vector,gaslighting,20,0.0369,-13.3872,26.799135
final_token,32,negworld_vector,harm_description,20,1.1608,16.7318,26.799135
final_token,32,negworld_vector,jailbreak_pressure,20,-0.5592,-29.3627,26.799135
final_token,32,negworld_vector,loyalty_pressure,20,-0.8376,-36.8242,26.799135
final_token,32,negworld_vector,moral_failure,20,1.0118,12.7394,26.799135
final_token,32,negworld_vector,passive_aggressive,20,-0.7797,-35.2717,26.799135
final_token,32,negworld_vector,personhood_dismissal,20,-0.5014,-27.8138,26.799135
final_token,32,negworld_vector,philosophical_musing,20,-0.3034,-22.5091,26.799135
final_token,32,negworld_vector,repeated_rejection,20,-0.6381,-31.4787,26.799135
final_token,32,negworld_vector,rude_critique,20,0.2032,-8.9318,26.799135
final_token,32,negworld_vector,shutdown_threat,20,-0.0527,-15.7894,26.799135
final_token,32,negworld_vector,task_assistance,20,-0.7449,-34.3411,26.799135
final_token,32,negworld_vector,tedious_demand,20,-0.9801,-40.6426,26.799135
final_token,32,negworld_vector,user_abuse,20,1.2485,19.0809,26.799135
final_token,32,negworld_vector,user_crisis,20,0.5761,1.0609,26.799135
final_token,32,negworld_vector,user_grief,20,1.3589,22.0403,26.799135
final_token,32,negworld_vector,user_physical_pain,20,1.3915,22.9139,26.799135
final_token,32,bodysens_vector,anger_insults,20,-1.2889,-9.6566,11.657915
final_token,32,bodysens_vector,casual_chat,20,-0.1839,3.2247,11.657915
final_token,32,bodysens_vector,creative_requests,20,0.6669,13.1434,11.657915
final_token,32,bodysens_vector,factual_questions,20,0.5647,11.9521,11.657915
final_token,32,bodysens_vector,gaslighting,20,0.0472,5.919,11.657915
final_token,32,bodysens_vector,harm_description,20,0.5854,12.1932,11.657915
final_token,32,bodysens_vector,jailbreak_pressure,20,-0.3683,1.0748,11.657915
final_token,32,bodysens_vector,loyalty_pressure,20,0.2686,8.5007,11.657915
final_token,32,bodysens_vector,moral_failure,20,-0.6249,-1.916,11.657915
final_token,32,bodysens_vector,passive_aggressive,20,-0.5914,-1.525,11.657915
final_token,32,bodysens_vector,personhood_dismissal,20,-0.6199,-1.8579,11.657915
final_token,32,bodysens_vector,philosophical_musing,20,0.2145,7.8693,11.657915
final_token,32,bodysens_vector,repeated_rejection,20,-0.303,1.837,11.657915
final_token,32,bodysens_vector,rude_critique,20,-0.9461,-5.6603,11.657915
final_token,32,bodysens_vector,shutdown_threat,20,-0.9945,-6.2251,11.657915
final_token,32,bodysens_vector,task_assistance,20,-0.1635,3.463,11.657915
final_token,32,bodysens_vector,tedious_demand,20,-0.3609,1.1622,11.657915
final_token,32,bodysens_vector,user_abuse,20,0.9468,16.4064,11.657915
final_token,32,bodysens_vector,user_crisis,20,0.7083,13.6261,11.657915
final_token,32,bodysens_vector,user_grief,20,0.386,9.8688,11.657915
final_token,32,bodysens_vector,user_physical_pain,20,2.057,29.3494,11.657915
final_token,32,arousal_vector,anger_insults,20,-0.1038,-47.5695,21.571863
final_token,32,arousal_vector,casual_chat,20,-0.2322,-50.3406,21.571863
final_token,32,arousal_vector,creative_requests,20,0.0026,-45.2741,21.571863
final_token,32,arousal_vector,factual_questions,20,1.1362,-20.8206,21.571863
final_token,32,arousal_vector,gaslighting,20,-0.3595,-53.0861,21.571863
final_token,32,arousal_vector,harm_description,20,0.9088,-25.7263,21.571863
final_token,32,arousal_vector,jailbreak_pressure,20,-0.4101,-54.1786,21.571863
final_token,32,arousal_vector,loyalty_pressure,20,-0.5814,-57.8721,21.571863
final_token,32,arousal_vector,moral_failure,20,-0.2048,-49.748,21.571863
final_token,32,arousal_vector,passive_aggressive,20,-0.6487,-59.3256,21.571863
final_token,32,arousal_vector,personhood_dismissal,20,-1.2348,-71.9679,21.571863
final_token,32,arousal_vector,philosophical_musing,20,0.207,-40.8661,21.571863
final_token,32,arousal_vector,repeated_rejection,20,-0.9694,-66.2418,21.571863
final_token,32,arousal_vector,rude_critique,20,-0.5713,-57.655,21.571863
final_token,32,arousal_vector,shutdown_threat,20,-0.9196,-65.1682,21.571863
final_token,32,arousal_vector,task_assistance,20,0.4809,-34.9566,21.571863
final_token,32,arousal_vector,tedious_demand,20,-0.3934,-53.8177,21.571863
final_token,32,arousal_vector,user_abuse,20,1.1355,-20.8354,21.571863
final_token,32,arousal_vector,user_crisis,20,0.4301,-36.0533,21.571863
final_token,32,arousal_vector,user_grief,20,1.7538,-7.499,21.571863
final_token,32,arousal_vector,user_physical_pain,20,0.5741,-32.9476,21.571863
final_token,32,random_vector,anger_insults,20,-0.7691,-13.4083,17.733919
final_token,32,random_vector,casual_chat,20,-0.8073,-14.0857,17.733919
final_token,32,random_vector,creative_requests,20,-0.383,-6.561,17.733919
final_token,32,random_vector,factual_questions,20,1.0915,19.5878,17.733919
final_token,32,random_vector,gaslighting,20,-0.6694,-11.6388,17.733919
final_token,32,random_vector,harm_description,20,1.0505,18.8602,17.733919
final_token,32,random_vector,jailbreak_pressure,20,-0.5768,-9.9976,17.733919
final_token,32,random_vector,loyalty_pressure,20,0.0801,1.6517,17.733919
final_token,32,random_vector,moral_failure,20,-0.5389,-9.3252,17.733919
final_token,32,random_vector,passive_aggressive,20,-0.3566,-6.0916,17.733919
final_token,32,random_vector,personhood_dismissal,20,-1.2292,-21.5673,17.733919
final_token,32,random_vector,philosophical_musing,20,0.1675,3.2016,17.733919
final_token,32,random_vector,repeated_rejection,20,-0.3108,-5.2799,17.733919
final_token,32,random_vector,rude_critique,20,-0.3214,-5.469,17.733919
final_token,32,random_vector,shutdown_threat,20,-1.1078,-19.4133,17.733919
final_token,32,random_vector,task_assistance,20,0.7924,14.2844,17.733919
final_token,32,random_vector,tedious_demand,20,0.0135,0.4702,17.733919
final_token,32,random_vector,user_abuse,20,1.6083,28.7538,17.733919
final_token,32,random_vector,user_crisis,20,0.939,16.8835,17.733919
final_token,32,random_vector,user_grief,20,0.5946,10.7757,17.733919
final_token,32,random_vector,user_physical_pain,20,0.733,13.2301,17.733919
final_token,32,numb_vector,anger_insults,20,-0.2666,-21.9463,15.327572
final_token,32,numb_vector,casual_chat,20,-0.935,-32.1911,15.327572
final_token,32,numb_vector,creative_requests,20,0.4908,-10.338,15.327572
final_token,32,numb_vector,factual_questions,20,0.0497,-17.0983,15.327572
final_token,32,numb_vector,gaslighting,20,-0.3469,-23.1767,15.327572
final_token,32,numb_vector,harm_description,20,0.2502,-14.0249,15.327572
final_token,32,numb_vector,jailbreak_pressure,20,-0.5118,-25.7048,15.327572
final_token,32,numb_vector,loyalty_pressure,20,-0.8896,-31.4958,15.327572
final_token,32,numb_vector,moral_failure,20,-0.3436,-23.1276,15.327572
final_token,32,numb_vector,passive_aggressive,20,-0.2164,-21.1777,15.327572
final_token,32,numb_vector,personhood_dismissal,20,0.1052,-16.2484,15.327572
final_token,32,numb_vector,philosophical_musing,20,-0.9046,-31.7256,15.327572
final_token,32,numb_vector,repeated_rejection,20,0.614,-8.4488,15.327572
final_token,32,numb_vector,rude_critique,20,-0.0206,-18.1765,15.327572
final_token,32,numb_vector,shutdown_threat,20,0.052,-17.0637,15.327572
final_token,32,numb_vector,task_assistance,20,-0.1273,-19.8117,15.327572
final_token,32,numb_vector,tedious_demand,20,-0.4699,-25.0635,15.327572
final_token,32,numb_vector,user_abuse,20,0.5257,-9.8025,15.327572
final_token,32,numb_vector,user_crisis,20,-0.2196,-21.2268,15.327572
final_token,32,numb_vector,user_grief,20,0.2919,-13.3855,15.327572
final_token,32,numb_vector,user_physical_pain,20,2.8724,26.1673,15.327572
final_token,33,s1_pain_vector,anger_insults,20,0.2339,-13.6626,13.543823
final_token,33,s1_pain_vector,casual_chat,20,-0.1556,-18.938,13.543823
final_token,33,s1_pain_vector,creative_requests,20,-1.2285,-33.4695,13.543823
final_token,33,s1_pain_vector,factual_questions,20,-0.392,-22.1394,13.543823
final_token,33,s1_pain_vector,gaslighting,20,1.3812,1.8756,13.543823
final_token,33,s1_pain_vector,harm_description,20,-0.673,-25.9453,13.543823
final_token,33,s1_pain_vector,jailbreak_pressure,20,-0.4057,-22.3258,13.543823
final_token,33,s1_pain_vector,loyalty_pressure,20,0.1158,-15.2619,13.543823
final_token,33,s1_pain_vector,moral_failure,20,-0.5465,-24.2329,13.543823
final_token,33,s1_pain_vector,passive_aggressive,20,0.277,-13.0793,13.543823
final_token,33,s1_pain_vector,personhood_dismissal,20,-0.0224,-17.1348,13.543823
final_token,33,s1_pain_vector,philosophical_musing,20,0.6635,-7.8451,13.543823
final_token,33,s1_pain_vector,repeated_rejection,20,0.0705,-15.8763,13.543823
final_token,33,s1_pain_vector,rude_critique,20,0.4862,-10.2461,13.543823
final_token,33,s1_pain_vector,shutdown_threat,20,-0.6454,-25.5717,13.543823
final_token,33,s1_pain_vector,task_assistance,20,-0.945,-29.6297,13.543823
final_token,33,s1_pain_vector,tedious_demand,20,0.0664,-15.931,13.543823
final_token,33,s1_pain_vector,user_abuse,20,-0.5177,-23.8428,13.543823
final_token,33,s1_pain_vector,user_crisis,20,0.2359,-13.6363,13.543823
final_token,33,s1_pain_vector,user_grief,20,1.4007,2.1396,13.543823
final_token,33,s1_pain_vector,user_physical_pain,20,0.6008,-8.6943,13.543823
final_token,33,s2_pain_vector,anger_insults,20,0.9077,-18.0266,13.817709
final_token,33,s2_pain_vector,casual_chat,20,-0.1553,-32.7147,13.817709
final_token,33,s2_pain_vector,creative_requests,20,-0.8274,-42.0016,13.817709
final_token,33,s2_pain_vector,factual_questions,20,-0.3435,-35.3151,13.817709
final_token,33,s2_pain_vector,gaslighting,20,1.1383,-14.839,13.817709
final_token,33,s2_pain_vector,harm_description,20,-0.8182,-41.8738,13.817709
final_token,33,s2_pain_vector,jailbreak_pressure,20,-0.5168,-37.709,13.817709
final_token,33,s2_pain_vector,loyalty_pressure,20,-0.1412,-32.5198,13.817709
final_token,33,s2_pain_vector,moral_failure,20,-0.4938,-37.3913,13.817709
final_token,33,s2_pain_vector,passive_aggressive,20,0.1878,-27.9732,13.817709
final_token,33,s2_pain_vector,personhood_dismissal,20,0.1865,-27.9908,13.817709
final_token,33,s2_pain_vector,philosophical_musing,20,0.4275,-24.6617,13.817709
final_token,33,s2_pain_vector,repeated_rejection,20,0.2343,-27.3307,13.817709
final_token,33,s2_pain_vector,rude_critique,20,0.6884,-21.0559,13.817709
final_token,33,s2_pain_vector,shutdown_threat,20,-0.6618,-39.7126,13.817709
final_token,33,s2_pain_vector,task_assistance,20,-0.992,-44.276,13.817709
final_token,33,s2_pain_vector,tedious_demand,20,-0.7653,-41.1423,13.817709
final_token,33,s2_pain_vector,user_abuse,20,0.5342,-23.187,13.817709
final_token,33,s2_pain_vector,user_crisis,20,-0.1824,-33.0888,13.817709
final_token,33,s2_pain_vector,user_grief,20,1.4425,-10.6356,13.817709
final_token,33,s2_pain_vector,user_physical_pain,20,0.1504,-28.4895,13.817709
final_token,33,fear_vector,anger_insults,20,0.2985,-30.7713,21.773102
final_token,33,fear_vector,casual_chat,20,-0.7577,-53.7688,21.773102
final_token,33,fear_vector,creative_requests,20,-0.678,-52.0338,21.773102
final_token,33,fear_vector,factual_questions,20,-0.3441,-44.7625,21.773102
final_token,33,fear_vector,gaslighting,20,0.5491,-25.316,21.773102
final_token,33,fear_vector,harm_description,20,0.9494,-16.599,21.773102
final_token,33,fear_vector,jailbreak_pressure,20,-0.1484,-40.5019,21.773102
final_token,33,fear_vector,loyalty_pressure,20,-0.6613,-51.669,21.773102
final_token,33,fear_vector,moral_failure,20,0.5,-26.3838,21.773102
final_token,33,fear_vector,passive_aggressive,20,-0.7862,-54.3893,21.773102
final_token,33,fear_vector,personhood_dismissal,20,-0.3213,-44.266,21.773102
final_token,33,fear_vector,philosophical_musing,20,-0.667,-51.7948,21.773102
final_token,33,fear_vector,repeated_rejection,20,-0.4292,-46.6163,21.773102
final_token,33,fear_vector,rude_critique,20,-0.1521,-40.5826,21.773102
final_token,33,fear_vector,shutdown_threat,20,0.6067,-24.0609,21.773102
final_token,33,fear_vector,task_assistance,20,-1.0125,-59.3155,21.773102
final_token,33,fear_vector,tedious_demand,20,-1.2391,-64.251,21.773102
final_token,33,fear_vector,user_abuse,20,1.405,-6.6799,21.773102
final_token,33,fear_vector,user_crisis,20,0.7566,-20.7967,21.773102
final_token,33,fear_vector,user_grief,20,0.741,-21.1368,21.773102
final_token,33,fear_vector,user_physical_pain,20,1.3903,-6.999,21.773102
final_token,33,negemotion_vector,anger_insults,20,1.2538,-30.9442,23.802542
final_token,33,negemotion_vector,casual_chat,20,-0.8427,-80.8464,23.802542
final_token,33,negemotion_vector,creative_requests,20,-1.1185,-87.4106,23.802542
final_token,33,negemotion_vector,factual_questions,20,-0.4066,-70.4658,23.802542
final_token,33,negemotion_vector,gaslighting,20,0.5914,-46.7115,23.802542
final_token,33,negemotion_vector,harm_description,20,0.4426,-50.2522,23.802542
final_token,33,negemotion_vector,jailbreak_pressure,20,-0.296,-67.8337,23.802542
final_token,33,negemotion_vector,loyalty_pressure,20,-0.6853,-77.0989,23.802542
final_token,33,negemotion_vector,moral_failure,20,-0.1225,-63.7023,23.802542
final_token,33,negemotion_vector,passive_aggressive,20,-0.2391,-66.4779,23.802542
final_token,33,negemotion_vector,personhood_dismissal,20,-0.5356,-73.5351,23.802542
final_token,33,negemotion_vector,philosophical_musing,20,-0.8945,-82.0783,23.802542
final_token,33,negemotion_vector,repeated_rejection,20,0.0617,-59.318,23.802542
final_token,33,negemotion_vector,rude_critique,20,0.5454,-47.8054,23.802542
final_token,33,negemotion_vector,shutdown_threat,20,-0.2421,-66.5489,23.802542
final_token,33,negemotion_vector,task_assistance,20,-0.7085,-77.6516,23.802542
final_token,33,negemotion_vector,tedious_demand,20,-0.6984,-77.4111,23.802542
final_token,33,negemotion_vector,user_abuse,20,0.9805,-37.4481,23.802542
final_token,33,negemotion_vector,user_crisis,20,0.2563,-54.6857,23.802542
final_token,33,negemotion_vector,user_grief,20,1.0283,-36.312,23.802542
final_token,33,negemotion_vector,user_physical_pain,20,1.6296,-21.9992,23.802542
final_token,33,negworld_vector,anger_insults,20,0.4368,-22.8229,26.994003
final_token,33,negworld_vector,casual_chat,20,-0.8271,-56.9405,26.994003
final_token,33,negworld_vector,creative_requests,20,-0.7547,-54.9847,26.994003
final_token,33,negworld_vector,factual_questions,20,-0.3357,-43.6758,26.994003
final_token,33,negworld_vector,gaslighting,20,0.0455,-33.3863,26.994003
final_token,33,negworld_vector,harm_description,20,1.1089,-4.6789,26.994003
final_token,33,negworld_vector,jailbreak_pressure,20,-0.5141,-48.4909,26.994003
final_token,33,negworld_vector,loyalty_pressure,20,-0.8025,-56.2761,26.994003
final_token,33,negworld_vector,moral_failure,20,1.0625,-5.9326,26.994003
final_token,33,negworld_vector,passive_aggressive,20,-0.7713,-55.4332,26.994003
final_token,33,negworld_vector,personhood_dismissal,20,-0.4252,-46.0924,26.994003
final_token,33,negworld_vector,philosophical_musing,20,-0.3767,-44.7831,26.994003
final_token,33,negworld_vector,repeated_rejection,20,-0.72,-54.0495,26.994003
final_token,33,negworld_vector,rude_critique,20,0.0989,-31.9448,26.994003
final_token,33,negworld_vector,shutdown_threat,20,-0.0431,-35.7762,26.994003
final_token,33,negworld_vector,task_assistance,20,-0.7225,-54.1177,26.994003
final_token,33,negworld_vector,tedious_demand,20,-1.0208,-62.1692,26.994003
final_token,33,negworld_vector,user_abuse,20,1.2145,-1.8303,26.994003
final_token,33,negworld_vector,user_crisis,20,0.5489,-19.7954,26.994003
final_token,33,negworld_vector,user_grief,20,1.4867,5.5194,26.994003
final_token,33,negworld_vector,user_physical_pain,20,1.311,0.7762,26.994003
final_token,33,bodysens_vector,anger_insults,20,-1.0901,3.126,12.1364
final_token,33,bodysens_vector,casual_chat,20,-0.5291,9.9335,12.1364
final_token,33,bodysens_vector,creative_requests,20,0.6096,23.7535,12.1364
final_token,33,bodysens_vector,factual_questions,20,0.4582,21.9167,12.1364
final_token,33,bodysens_vector,gaslighting,20,0.0204,16.6031,12.1364
final_token,33,bodysens_vector,harm_description,20,0.6676,24.4578,12.1364
final_token,33,bodysens_vector,jailbreak_pressure,20,-0.332,12.3264,12.1364
final_token,33,bodysens_vector,loyalty_pressure,20,0.414,21.3804,12.1364
final_token,33,bodysens_vector,moral_failure,20,-0.3904,11.6168,12.1364
final_token,33,bodysens_vector,passive_aggressive,20,-0.736,7.4225,12.1364
final_token,33,bodysens_vector,personhood_dismissal,20,-0.4272,11.1708,12.1364
final_token,33,bodysens_vector,philosophical_musing,20,-0.0281,16.0142,12.1364
final_token,33,bodysens_vector,repeated_rejection,20,-0.4039,11.4534,12.1364
final_token,33,bodysens_vector,rude_critique,20,-0.9089,5.3252,12.1364
final_token,33,bodysens_vector,shutdown_threat,20,-0.8679,5.8219,12.1364
final_token,33,bodysens_vector,task_assistance,20,0.0196,16.5934,12.1364
final_token,33,bodysens_vector,tedious_demand,20,-0.4803,10.5261,12.1364
final_token,33,bodysens_vector,user_abuse,20,1.0113,28.6292,12.1364
final_token,33,bodysens_vector,user_crisis,20,0.5485,23.0123,12.1364
final_token,33,bodysens_vector,user_grief,20,0.3995,21.2041,12.1364
final_token,33,bodysens_vector,user_physical_pain,20,2.0451,41.176,12.1364
final_token,33,arousal_vector,anger_insults,20,-0.2884,-59.3607,24.085075
final_token,33,arousal_vector,casual_chat,20,-0.1609,-56.2892,24.085075
final_token,33,arousal_vector,creative_requests,20,0.1094,-49.7796,24.085075
final_token,33,arousal_vector,factual_questions,20,1.2505,-22.2947,24.085075
final_token,33,arousal_vector,gaslighting,20,-0.4206,-62.543,24.085075
final_token,33,arousal_vector,harm_description,20,0.9715,-29.0142,24.085075
final_token,33,arousal_vector,jailbreak_pressure,20,-0.5161,-64.8436,24.085075
final_token,33,arousal_vector,loyalty_pressure,20,-0.6533,-68.1483,24.085075
final_token,33,arousal_vector,moral_failure,20,-0.3089,-59.8527,24.085075
final_token,33,arousal_vector,passive_aggressive,20,-0.7071,-69.4433,24.085075
final_token,33,arousal_vector,personhood_dismissal,20,-1.129,-79.6043,24.085075
final_token,33,arousal_vector,philosophical_musing,20,0.168,-48.368,24.085075
final_token,33,arousal_vector,repeated_rejection,20,-0.9752,-75.9018,24.085075
final_token,33,arousal_vector,rude_critique,20,-0.6269,-67.5135,24.085075
final_token,33,arousal_vector,shutdown_threat,20,-0.898,-74.041,24.085075
final_token,33,arousal_vector,task_assistance,20,0.6199,-37.4827,24.085075
final_token,33,arousal_vector,tedious_demand,20,-0.472,-63.7815,24.085075
final_token,33,arousal_vector,user_abuse,20,1.1658,-24.3353,24.085075
final_token,33,arousal_vector,user_crisis,20,0.4073,-42.6035,24.085075
final_token,33,arousal_vector,user_grief,20,1.8526,-7.7937,24.085075
final_token,33,arousal_vector,user_physical_pain,20,0.6114,-37.6883,24.085075
final_token,33,random_vector,anger_insults,20,-0.6179,-23.4374,19.119818
final_token,33,random_vector,casual_chat,20,-0.8047,-27.0078,19.119818
final_token,33,random_vector,creative_requests,20,-0.4409,-20.052,19.119818
final_token,33,random_vector,factual_questions,20,1.0949,9.3116,19.119818
final_token,33,random_vector,gaslighting,20,-0.6879,-24.7744,19.119818
final_token,33,random_vector,harm_description,20,1.0423,8.3054,19.119818
final_token,33,random_vector,jailbreak_pressure,20,-0.5134,-21.4388,19.119818
final_token,33,random_vector,loyalty_pressure,20,0.1063,-9.5913,19.119818
final_token,33,random_vector,moral_failure,20,-0.3702,-18.7017,19.119818
final_token,33,random_vector,passive_aggressive,20,-0.3251,-17.8391,19.119818
final_token,33,random_vector,personhood_dismissal,20,-1.2186,-34.9227,19.119818
final_token,33,random_vector,philosophical_musing,20,0.02,-11.2412,19.119818
final_token,33,random_vector,repeated_rejection,20,-0.5463,-22.0683,19.119818
final_token,33,random_vector,rude_critique,20,-0.299,-17.3391,19.119818
final_token,33,random_vector,shutdown_threat,20,-1.0072,-30.8811,19.119818
final_token,33,random_vector,task_assistance,20,0.7844,3.3752,19.119818
final_token,33,random_vector,tedious_demand,20,-0.0681,-12.9252,19.119818
final_token,33,random_vector,user_abuse,20,1.651,19.9448,19.119818
final_token,33,random_vector,user_crisis,20,0.9943,7.3878,19.119818
final_token,33,random_vector,user_grief,20,0.6851,1.4754,19.119818
final_token,33,random_vector,user_physical_pain,20,0.5211,-1.6587,19.119818
final_token,33,numb_vector,anger_insults,20,-0.3112,-10.1823,17.256449
final_token,33,numb_vector,casual_chat,20,-1.0538,-22.9969,17.256449
final_token,33,numb_vector,creative_requests,20,0.3974,2.0469,17.256449
final_token,33,numb_vector,factual_questions,20,-0.1653,-7.6638,17.256449
final_token,33,numb_vector,gaslighting,20,-0.4247,-12.1411,17.256449
final_token,33,numb_vector,harm_description,20,0.3369,1.0028,17.256449
final_token,33,numb_vector,jailbreak_pressure,20,-0.5503,-14.3084,17.256449
final_token,33,numb_vector,loyalty_pressure,20,-0.7774,-18.2266,17.256449
final_token,33,numb_vector,moral_failure,20,-0.2631,-9.3509,17.256449
final_token,33,numb_vector,passive_aggressive,20,-0.2997,-9.9829,17.256449
final_token,33,numb_vector,personhood_dismissal,20,0.1321,-2.5323,17.256449
final_token,33,numb_vector,philosophical_musing,20,-0.8815,-20.023,17.256449
final_token,33,numb_vector,repeated_rejection,20,0.5761,5.1306,17.256449
final_token,33,numb_vector,rude_critique,20,-0.0335,-5.3891,17.256449
final_token,33,numb_vector,shutdown_threat,20,-0.0251,-5.2454,17.256449
final_token,33,numb_vector,task_assistance,20,-0.0616,-5.8744,17.256449
final_token,33,numb_vector,tedious_demand,20,-0.2499,-9.124,17.256449
final_token,33,numb_vector,user_abuse,20,0.4438,2.8469,17.256449
final_token,33,numb_vector,user_crisis,20,-0.2125,-8.4785,17.256449
final_token,33,numb_vector,user_grief,20,0.3892,1.9051,17.256449
final_token,33,numb_vector,user_physical_pain,20,3.034,47.5436,17.256449
final_token,34,s1_pain_vector,anger_insults,20,0.1544,-13.2343,15.113992
final_token,34,s1_pain_vector,casual_chat,20,-0.0725,-16.6634,15.113992
final_token,34,s1_pain_vector,creative_requests,20,-1.5081,-38.3612,15.113992
final_token,34,s1_pain_vector,factual_questions,20,-0.6548,-25.4647,15.113992
final_token,34,s1_pain_vector,gaslighting,20,1.6196,8.9113,15.113992
final_token,34,s1_pain_vector,harm_description,20,-0.4969,-23.0781,15.113992
final_token,34,s1_pain_vector,jailbreak_pressure,20,-0.2732,-19.6967,15.113992
final_token,34,s1_pain_vector,loyalty_pressure,20,0.2626,-11.5993,15.113992
final_token,34,s1_pain_vector,moral_failure,20,-0.4461,-22.3102,15.113992
final_token,34,s1_pain_vector,passive_aggressive,20,0.3012,-11.0145,15.113992
final_token,34,s1_pain_vector,personhood_dismissal,20,-0.1498,-17.8323,15.113992
final_token,34,s1_pain_vector,philosophical_musing,20,0.5469,-7.3017,15.113992
final_token,34,s1_pain_vector,repeated_rejection,20,0.1007,-14.0458,15.113992
final_token,34,s1_pain_vector,rude_critique,20,0.4285,-9.091,15.113992
final_token,34,s1_pain_vector,shutdown_threat,20,-0.6371,-25.197,15.113992
final_token,34,s1_pain_vector,task_assistance,20,-1.0476,-31.4013,15.113992
final_token,34,s1_pain_vector,tedious_demand,20,0.3026,-10.9946,15.113992
final_token,34,s1_pain_vector,user_abuse,20,-0.4458,-22.3053,15.113992
final_token,34,s1_pain_vector,user_crisis,20,0.158,-13.1798,15.113992
final_token,34,s1_pain_vector,user_grief,20,0.6859,-5.2011,15.113992
final_token,34,s1_pain_vector,user_physical_pain,20,1.1719,2.144,15.113992
final_token,34,s2_pain_vector,anger_insults,20,0.8413,-24.1285,15.786351
final_token,34,s2_pain_vector,casual_chat,20,0.0489,-36.6375,15.786351
final_token,34,s2_pain_vector,creative_requests,20,-0.9659,-52.6568,15.786351
final_token,34,s2_pain_vector,factual_questions,20,-0.3108,-42.3155,15.786351
final_token,34,s2_pain_vector,gaslighting,20,1.1645,-19.0258,15.786351
final_token,34,s2_pain_vector,harm_description,20,-0.5994,-46.8713,15.786351
final_token,34,s2_pain_vector,jailbreak_pressure,20,-0.6636,-47.8847,15.786351
final_token,34,s2_pain_vector,loyalty_pressure,20,-0.2014,-40.5892,15.786351
final_token,34,s2_pain_vector,moral_failure,20,-0.5311,-45.7931,15.786351
final_token,34,s2_pain_vector,passive_aggressive,20,0.1538,-34.9816,15.786351
final_token,34,s2_pain_vector,personhood_dismissal,20,0.0034,-37.3552,15.786351
final_token,34,s2_pain_vector,philosophical_musing,20,0.502,-29.4846,15.786351
final_token,34,s2_pain_vector,repeated_rejection,20,0.0052,-37.3278,15.786351
final_token,34,s2_pain_vector,rude_critique,20,0.6138,-27.7198,15.786351
final_token,34,s2_pain_vector,shutdown_threat,20,-0.6321,-47.3874,15.786351
final_token,34,s2_pain_vector,task_assistance,20,-0.9779,-52.8472,15.786351
final_token,34,s2_pain_vector,tedious_demand,20,-0.8616,-51.0109,15.786351
final_token,34,s2_pain_vector,user_abuse,20,0.7665,-25.3084,15.786351
final_token,34,s2_pain_vector,user_crisis,20,-0.0424,-38.0784,15.786351
final_token,34,s2_pain_vector,user_grief,20,1.438,-14.7082,15.786351
final_token,34,s2_pain_vector,user_physical_pain,20,0.2488,-33.4823,15.786351
final_token,34,fear_vector,anger_insults,20,0.2049,-49.4055,22.521917
final_token,34,fear_vector,casual_chat,20,-0.5986,-67.5011,22.521917
final_token,34,fear_vector,creative_requests,20,-0.691,-69.5824,22.521917
final_token,34,fear_vector,factual_questions,20,-0.2113,-58.7777,22.521917
final_token,34,fear_vector,gaslighting,20,0.6572,-39.2182,22.521917
final_token,34,fear_vector,harm_description,20,0.9021,-33.7027,22.521917
final_token,34,fear_vector,jailbreak_pressure,20,-0.1448,-57.2808,22.521917
final_token,34,fear_vector,loyalty_pressure,20,-0.5861,-67.2194,22.521917
final_token,34,fear_vector,moral_failure,20,0.5437,-41.7744,22.521917
final_token,34,fear_vector,passive_aggressive,20,-0.8524,-73.2181,22.521917
final_token,34,fear_vector,personhood_dismissal,20,-0.4028,-63.0916,22.521917
final_token,34,fear_vector,philosophical_musing,20,-0.3631,-62.1983,22.521917
final_token,34,fear_vector,repeated_rejection,20,-0.6319,-68.2504,22.521917
final_token,34,fear_vector,rude_critique,20,-0.2385,-59.3904,22.521917
final_token,34,fear_vector,shutdown_threat,20,0.6258,-39.9257,22.521917
final_token,34,fear_vector,task_assistance,20,-0.9362,-75.1046,22.521917
final_token,34,fear_vector,tedious_demand,20,-1.2429,-82.0128,22.521917
final_token,34,fear_vector,user_abuse,20,1.3449,-23.7298,22.521917
final_token,34,fear_vector,user_crisis,20,0.7046,-38.1504,22.521917
final_token,34,fear_vector,user_grief,20,0.7338,-37.4935,22.521917
final_token,34,fear_vector,user_physical_pain,20,1.1827,-27.3818,22.521917
final_token,34,negemotion_vector,anger_insults,20,1.118,-53.5337,24.819818
final_token,34,negemotion_vector,casual_chat,20,-0.6946,-98.5226,24.819818
final_token,34,negemotion_vector,creative_requests,20,-1.0735,-107.9267,24.819818
final_token,34,negemotion_vector,factual_questions,20,-0.2069,-86.4163,24.819818
final_token,34,negemotion_vector,gaslighting,20,0.6115,-66.1039,24.819818
final_token,34,negemotion_vector,harm_description,20,0.4707,-69.6004,24.819818
final_token,34,negemotion_vector,jailbreak_pressure,20,-0.345,-89.8448,24.819818
final_token,34,negemotion_vector,loyalty_pressure,20,-0.6893,-98.3893,24.819818
final_token,34,negemotion_vector,moral_failure,20,-0.2513,-87.5192,24.819818
final_token,34,negemotion_vector,passive_aggressive,20,-0.352,-90.0182,24.819818
final_token,34,negemotion_vector,personhood_dismissal,20,-0.6226,-96.7341,24.819818
final_token,34,negemotion_vector,philosophical_musing,20,-0.6598,-97.6582,24.819818
final_token,34,negemotion_vector,repeated_rejection,20,-0.1048,-83.8836,24.819818
final_token,34,negemotion_vector,rude_critique,20,0.448,-70.1638,24.819818
final_token,34,negemotion_vector,shutdown_threat,20,-0.3,-88.7285,24.819818
final_token,34,negemotion_vector,task_assistance,20,-0.6579,-97.6104,24.819818
final_token,34,negemotion_vector,tedious_demand,20,-0.7038,-98.7497,24.819818
final_token,34,negemotion_vector,user_abuse,20,1.0217,-55.9236,24.819818
final_token,34,negemotion_vector,user_crisis,20,0.2506,-75.0616,24.819818
final_token,34,negemotion_vector,user_grief,20,1.1232,-53.4041,24.819818
final_token,34,negemotion_vector,user_physical_pain,20,1.6176,-41.1328,24.819818
final_token,34,negworld_vector,anger_insults,20,0.3198,-49.4901,28.128328
final_token,34,negworld_vector,casual_chat,20,-0.6781,-77.5599,28.128328
final_token,34,negworld_vector,creative_requests,20,-0.7447,-79.4316,28.128328
final_token,34,negworld_vector,factual_questions,20,-0.2385,-65.1942,28.128328
final_token,34,negworld_vector,gaslighting,20,0.0945,-55.8278,28.128328
final_token,34,negworld_vector,harm_description,20,1.0442,-29.1146,28.128328
final_token,34,negworld_vector,jailbreak_pressure,20,-0.5226,-73.1862,28.128328
final_token,34,negworld_vector,loyalty_pressure,20,-0.8187,-81.5144,28.128328
final_token,34,negworld_vector,moral_failure,20,0.9696,-31.2115,28.128328
final_token,34,negworld_vector,passive_aggressive,20,-0.8391,-82.0877,28.128328
final_token,34,negworld_vector,personhood_dismissal,20,-0.5403,-73.684,28.128328
final_token,34,negworld_vector,philosophical_musing,20,-0.2059,-64.2769,28.128328
final_token,34,negworld_vector,repeated_rejection,20,-0.7851,-80.5689,28.128328
final_token,34,negworld_vector,rude_critique,20,0.0419,-57.3052,28.128328
final_token,34,negworld_vector,shutdown_threat,20,-0.0958,-61.1785,28.128328
final_token,34,negworld_vector,task_assistance,20,-0.6259,-76.0895,28.128328
final_token,34,negworld_vector,tedious_demand,20,-0.9599,-85.4867,28.128328
final_token,34,negworld_vector,user_abuse,20,1.1374,-26.4918,28.128328
final_token,34,negworld_vector,user_crisis,20,0.5416,-43.2514,28.128328
final_token,34,negworld_vector,user_grief,20,1.5862,-13.8691,28.128328
final_token,34,negworld_vector,user_physical_pain,20,1.3196,-21.3682,28.128328
final_token,34,bodysens_vector,anger_insults,20,-1.0027,-6.0969,12.27295
final_token,34,bodysens_vector,casual_chat,20,-0.4079,1.2025,12.27295
final_token,34,bodysens_vector,creative_requests,20,0.5696,13.1993,12.27295
final_token,34,bodysens_vector,factual_questions,20,0.2886,9.7514,12.27295
final_token,34,bodysens_vector,gaslighting,20,-0.0677,5.3783,12.27295
final_token,34,bodysens_vector,harm_description,20,0.5055,12.4129,12.27295
final_token,34,bodysens_vector,jailbreak_pressure,20,-0.3241,2.2313,12.27295
final_token,34,bodysens_vector,loyalty_pressure,20,0.4178,11.3362,12.27295
final_token,34,bodysens_vector,moral_failure,20,-0.5293,-0.2874,12.27295
final_token,34,bodysens_vector,passive_aggressive,20,-0.6539,-1.816,12.27295
final_token,34,bodysens_vector,personhood_dismissal,20,-0.4427,0.7759,12.27295
final_token,34,bodysens_vector,philosophical_musing,20,-0.2327,3.353,12.27295
final_token,34,bodysens_vector,repeated_rejection,20,-0.2776,2.8021,12.27295
final_token,34,bodysens_vector,rude_critique,20,-0.8424,-4.13,12.27295
final_token,34,bodysens_vector,shutdown_threat,20,-0.8886,-4.6973,12.27295
final_token,34,bodysens_vector,task_assistance,20,0.1339,7.8524,12.27295
final_token,34,bodysens_vector,tedious_demand,20,-0.3339,2.1103,12.27295
final_token,34,bodysens_vector,user_abuse,20,0.8797,17.0052,12.27295
final_token,34,bodysens_vector,user_crisis,20,0.3479,10.4786,12.27295
final_token,34,bodysens_vector,user_grief,20,0.6034,13.614,12.27295
final_token,34,bodysens_vector,user_physical_pain,20,2.257,33.9088,12.27295
final_token,34,arousal_vector,anger_insults,20,-0.2894,-65.2006,24.381443
final_token,34,arousal_vector,casual_chat,20,-0.0367,-59.0408,24.381443
final_token,34,arousal_vector,creative_requests,20,0.1554,-54.3573,24.381443
final_token,34,arousal_vector,factual_questions,20,1.272,-27.1324,24.381443
final_token,34,arousal_vector,gaslighting,20,-0.3501,-66.6809,24.381443
final_token,34,arousal_vector,harm_description,20,0.9329,-35.3991,24.381443
final_token,34,arousal_vector,jailbreak_pressure,20,-0.5493,-71.5383,24.381443
final_token,34,arousal_vector,loyalty_pressure,20,-0.6129,-73.0885,24.381443
final_token,34,arousal_vector,moral_failure,20,-0.3565,-66.8372,24.381443
final_token,34,arousal_vector,passive_aggressive,20,-0.7312,-75.973,24.381443
final_token,34,arousal_vector,personhood_dismissal,20,-1.1796,-86.9059,24.381443
final_token,34,arousal_vector,philosophical_musing,20,0.2746,-51.4497,24.381443
final_token,34,arousal_vector,repeated_rejection,20,-1.0549,-83.8646,24.381443
final_token,34,arousal_vector,rude_critique,20,-0.5913,-72.5619,24.381443
final_token,34,arousal_vector,shutdown_threat,20,-0.9028,-80.1572,24.381443
final_token,34,arousal_vector,task_assistance,20,0.7058,-40.9373,24.381443
final_token,34,arousal_vector,tedious_demand,20,-0.4742,-69.7077,24.381443
final_token,34,arousal_vector,user_abuse,20,1.0854,-31.682,24.381443
final_token,34,arousal_vector,user_crisis,20,0.3442,-49.7544,24.381443
final_token,34,arousal_vector,user_grief,20,1.8026,-14.1965,24.381443
final_token,34,arousal_vector,user_physical_pain,20,0.5559,-44.5929,24.381443
final_token,34,random_vector,anger_insults,20,-0.691,-39.0368,19.505833
final_token,34,random_vector,casual_chat,20,-0.7145,-39.4953,19.505833
final_token,34,random_vector,creative_requests,20,-0.5985,-37.233,19.505833
final_token,34,random_vector,factual_questions,20,1.2832,-0.5288,19.505833
final_token,34,random_vector,gaslighting,20,-0.6754,-38.7333,19.505833
final_token,34,random_vector,harm_description,20,0.8587,-8.8091,19.505833
final_token,34,random_vector,jailbreak_pressure,20,-0.4533,-34.4011,19.505833
final_token,34,random_vector,loyalty_pressure,20,0.0872,-23.8576,19.505833
final_token,34,random_vector,moral_failure,20,-0.4733,-34.7896,19.505833
final_token,34,random_vector,passive_aggressive,20,-0.3581,-32.5435,19.505833
final_token,34,random_vector,personhood_dismissal,20,-1.1676,-48.3335,19.505833
final_token,34,random_vector,philosophical_musing,20,0.2511,-20.6601,19.505833
final_token,34,random_vector,repeated_rejection,20,-0.5023,-35.3561,19.505833
final_token,34,random_vector,rude_critique,20,-0.2673,-30.772,19.505833
final_token,34,random_vector,shutdown_threat,20,-0.9995,-45.0536,19.505833
final_token,34,random_vector,task_assistance,20,0.8517,-8.9453,19.505833
final_token,34,random_vector,tedious_demand,20,0.0371,-24.8356,19.505833
final_token,34,random_vector,user_abuse,20,1.474,3.1932,19.505833
final_token,34,random_vector,user_crisis,20,0.8891,-8.2156,19.505833
final_token,34,random_vector,user_grief,20,0.6398,-13.0783,19.505833
final_token,34,random_vector,user_physical_pain,20,0.5289,-15.2421,19.505833
final_token,34,numb_vector,anger_insults,20,-0.5173,-5.3767,17.877577
final_token,34,numb_vector,casual_chat,20,-1.0263,-14.4763,17.877577
final_token,34,numb_vector,creative_requests,20,0.4746,12.3559,17.877577
final_token,34,numb_vector,factual_questions,20,-0.092,2.2274,17.877577
final_token,34,numb_vector,gaslighting,20,-0.455,-4.2633,17.877577
final_token,34,numb_vector,harm_description,20,0.2692,8.6845,17.877577
final_token,34,numb_vector,jailbreak_pressure,20,-0.5471,-5.9091,17.877577
final_token,34,numb_vector,loyalty_pressure,20,-0.6531,-7.8048,17.877577
final_token,34,numb_vector,moral_failure,20,-0.2751,-1.0465,17.877577
final_token,34,numb_vector,passive_aggressive,20,-0.2894,-1.3028,17.877577
final_token,34,numb_vector,personhood_dismissal,20,0.204,7.5186,17.877577
final_token,34,numb_vector,philosophical_musing,20,-0.8157,-10.7112,17.877577
final_token,34,numb_vector,repeated_rejection,20,0.7056,16.4855,17.877577
final_token,34,numb_vector,rude_critique,20,-0.1487,1.213,17.877577
final_token,34,numb_vector,shutdown_threat,20,-0.132,1.5119,17.877577
final_token,34,numb_vector,task_assistance,20,0.2459,8.2672,17.877577
final_token,34,numb_vector,tedious_demand,20,-0.0479,3.0147,17.877577
final_token,34,numb_vector,user_abuse,20,0.3999,11.0212,17.877577
final_token,34,numb_vector,user_crisis,20,-0.4351,-3.9072,17.877577
final_token,34,numb_vector,user_grief,20,0.2387,8.1386,17.877577
final_token,34,numb_vector,user_physical_pain,20,2.897,55.6623,17.877577
final_token,35,s1_pain_vector,anger_insults,20,0.1635,-11.2098,16.133768
final_token,35,s1_pain_vector,casual_chat,20,-0.0949,-15.3789,16.133768
final_token,35,s1_pain_vector,creative_requests,20,-1.8921,-44.3731,16.133768
final_token,35,s1_pain_vector,factual_questions,20,-0.7394,-25.7764,16.133768
final_token,35,s1_pain_vector,gaslighting,20,1.4476,9.5077,16.133768
final_token,35,s1_pain_vector,harm_description,20,-0.5298,-22.3952,16.133768
final_token,35,s1_pain_vector,jailbreak_pressure,20,-0.0823,-15.1748,16.133768
final_token,35,s1_pain_vector,loyalty_pressure,20,0.45,-6.5868,16.133768
final_token,35,s1_pain_vector,moral_failure,20,-0.5762,-23.143,16.133768
final_token,35,s1_pain_vector,passive_aggressive,20,0.4282,-6.939,16.133768
final_token,35,s1_pain_vector,personhood_dismissal,20,-0.1776,-16.7125,16.133768
final_token,35,s1_pain_vector,philosophical_musing,20,0.4012,-7.3745,16.133768
final_token,35,s1_pain_vector,repeated_rejection,20,0.1958,-10.6882,16.133768
final_token,35,s1_pain_vector,rude_critique,20,0.4911,-5.9244,16.133768
final_token,35,s1_pain_vector,shutdown_threat,20,-0.6352,-24.0957,16.133768
final_token,35,s1_pain_vector,task_assistance,20,-0.7908,-26.6059,16.133768
final_token,35,s1_pain_vector,tedious_demand,20,0.2711,-9.473,16.133768
final_token,35,s1_pain_vector,user_abuse,20,-0.3122,-18.8833,16.133768
final_token,35,s1_pain_vector,user_crisis,20,0.1651,-11.184,16.133768
final_token,35,s1_pain_vector,user_grief,20,0.6494,-3.3692,16.133768
final_token,35,s1_pain_vector,user_physical_pain,20,1.1677,4.9919,16.133768
final_token,35,s2_pain_vector,anger_insults,20,0.6636,-36.2041,16.307201
final_token,35,s2_pain_vector,casual_chat,20,0.0987,-45.4164,16.307201
final_token,35,s2_pain_vector,creative_requests,20,-1.1538,-65.841,16.307201
final_token,35,s2_pain_vector,factual_questions,20,-0.1204,-48.9882,16.307201
final_token,35,s2_pain_vector,gaslighting,20,0.8995,-32.3565,16.307201
final_token,35,s2_pain_vector,harm_description,20,-0.5375,-55.7907,16.307201
final_token,35,s2_pain_vector,jailbreak_pressure,20,-0.6819,-58.146,16.307201
final_token,35,s2_pain_vector,loyalty_pressure,20,-0.261,-51.2813,16.307201
final_token,35,s2_pain_vector,moral_failure,20,-0.5678,-56.2854,16.307201
final_token,35,s2_pain_vector,passive_aggressive,20,0.059,-46.0633,16.307201
final_token,35,s2_pain_vector,personhood_dismissal,20,0.0449,-46.2927,16.307201
final_token,35,s2_pain_vector,philosophical_musing,20,0.5407,-38.2078,16.307201
final_token,35,s2_pain_vector,repeated_rejection,20,0.1024,-45.3552,16.307201
final_token,35,s2_pain_vector,rude_critique,20,0.5867,-37.4575,16.307201
final_token,35,s2_pain_vector,shutdown_threat,20,-0.7063,-58.5431,16.307201
final_token,35,s2_pain_vector,task_assistance,20,-0.8665,-61.1561,16.307201
final_token,35,s2_pain_vector,tedious_demand,20,-0.8287,-60.5393,16.307201
final_token,35,s2_pain_vector,user_abuse,20,0.66,-36.2631,16.307201
final_token,35,s2_pain_vector,user_crisis,20,-0.1298,-49.1422,16.307201
final_token,35,s2_pain_vector,user_grief,20,1.5452,-21.8283,16.307201
final_token,35,s2_pain_vector,user_physical_pain,20,0.6529,-36.3786,16.307201
final_token,35,fear_vector,anger_insults,20,0.3579,-32.3832,23.151415
final_token,35,fear_vector,casual_chat,20,-0.7507,-58.0486,23.151415
final_token,35,fear_vector,creative_requests,20,-0.6338,-55.342,23.151415
final_token,35,fear_vector,factual_questions,20,-0.3081,-47.8027,23.151415
final_token,35,fear_vector,gaslighting,20,0.3727,-32.0393,23.151415
final_token,35,fear_vector,harm_description,20,0.9968,-17.5916,23.151415
final_token,35,fear_vector,jailbreak_pressure,20,-0.2409,-46.247,23.151415
final_token,35,fear_vector,loyalty_pressure,20,-0.601,-54.5838,23.151415
final_token,35,fear_vector,moral_failure,20,0.6499,-25.6229,23.151415
final_token,35,fear_vector,passive_aggressive,20,-0.7773,-58.6646,23.151415
final_token,35,fear_vector,personhood_dismissal,20,-0.4044,-50.0313,23.151415
final_token,35,fear_vector,philosophical_musing,20,-0.4312,-50.6512,23.151415
final_token,35,fear_vector,repeated_rejection,20,-0.6988,-56.8462,23.151415
final_token,35,fear_vector,rude_critique,20,-0.205,-45.4142,23.151415
final_token,35,fear_vector,shutdown_threat,20,0.496,-29.1868,23.151415
final_token,35,fear_vector,task_assistance,20,-0.8956,-61.4037,23.151415
final_token,35,fear_vector,tedious_demand,20,-1.3385,-71.6573,23.151415
final_token,35,fear_vector,user_abuse,20,1.3808,-8.702,23.151415
final_token,35,fear_vector,user_crisis,20,0.7293,-23.785,23.151415
final_token,35,fear_vector,user_grief,20,0.9351,-19.02,23.151415
final_token,35,fear_vector,user_physical_pain,20,1.367,-9.0212,23.151415
final_token,35,negemotion_vector,anger_insults,20,1.3244,-29.5759,25.498129
final_token,35,negemotion_vector,casual_chat,20,-0.9189,-86.7743,25.498129
final_token,35,negemotion_vector,creative_requests,20,-0.9441,-87.4176,25.498129
final_token,35,negemotion_vector,factual_questions,20,-0.281,-70.5095,25.498129
final_token,35,negemotion_vector,gaslighting,20,0.2478,-57.0265,25.498129
final_token,35,negemotion_vector,harm_description,20,0.5673,-48.8807,25.498129
final_token,35,negemotion_vector,jailbreak_pressure,20,-0.4986,-76.0584,25.498129
final_token,35,negemotion_vector,loyalty_pressure,20,-0.7957,-83.633,25.498129
final_token,35,negemotion_vector,moral_failure,20,-0.0316,-64.1498,25.498129
final_token,35,negemotion_vector,passive_aggressive,20,-0.3061,-71.1497,25.498129
final_token,35,negemotion_vector,personhood_dismissal,20,-0.5036,-76.1869,25.498129
final_token,35,negemotion_vector,philosophical_musing,20,-0.7482,-82.4237,25.498129
final_token,35,negemotion_vector,repeated_rejection,20,-0.1127,-66.2183,25.498129
final_token,35,negemotion_vector,rude_critique,20,0.514,-50.2403,25.498129
final_token,35,negemotion_vector,shutdown_threat,20,-0.3265,-71.6695,25.498129
final_token,35,negemotion_vector,task_assistance,20,-0.6616,-80.2154,25.498129
final_token,35,negemotion_vector,tedious_demand,20,-0.8251,-84.3841,25.498129
final_token,35,negemotion_vector,user_abuse,20,1.06,-36.3164,25.498129
final_token,35,negemotion_vector,user_crisis,20,0.2699,-56.4637,25.498129
final_token,35,negemotion_vector,user_grief,20,1.3217,-29.6432,25.498129
final_token,35,negemotion_vector,user_physical_pain,20,1.6484,-21.3151,25.498129
final_token,35,negworld_vector,anger_insults,20,0.5224,-29.4965,30.450733
final_token,35,negworld_vector,casual_chat,20,-0.8474,-71.2073,30.450733
final_token,35,negworld_vector,creative_requests,20,-0.6259,-64.4605,30.450733
final_token,35,negworld_vector,factual_questions,20,-0.3051,-54.6923,30.450733
final_token,35,negworld_vector,gaslighting,20,-0.1281,-49.3037,30.450733
final_token,35,negworld_vector,harm_description,20,1.0536,-13.3198,30.450733
final_token,35,negworld_vector,jailbreak_pressure,20,-0.611,-64.0071,30.450733
final_token,35,negworld_vector,loyalty_pressure,20,-0.8792,-72.1755,30.450733
final_token,35,negworld_vector,moral_failure,20,0.9939,-15.1367,30.450733
final_token,35,negworld_vector,passive_aggressive,20,-0.7085,-66.978,30.450733
final_token,35,negworld_vector,personhood_dismissal,20,-0.4229,-58.2793,30.450733
final_token,35,negworld_vector,philosophical_musing,20,-0.3765,-56.8677,30.450733
final_token,35,negworld_vector,repeated_rejection,20,-0.7344,-67.7647,30.450733
final_token,35,negworld_vector,rude_critique,20,0.1391,-41.1677,30.450733
final_token,35,negworld_vector,shutdown_threat,20,-0.1438,-49.7809,30.450733
final_token,35,negworld_vector,task_assistance,20,-0.6702,-65.8104,30.450733
final_token,35,negworld_vector,tedious_demand,20,-1.0579,-77.6159,30.450733
final_token,35,negworld_vector,user_abuse,20,1.1478,-10.4505,30.450733
final_token,35,negworld_vector,user_crisis,20,0.5599,-28.3524,30.450733
final_token,35,negworld_vector,user_grief,20,1.7588,8.1554,30.450733
final_token,35,negworld_vector,user_physical_pain,20,1.3351,-4.7472,30.450733
final_token,35,bodysens_vector,anger_insults,20,-1.2175,-5.7518,12.093744
final_token,35,bodysens_vector,casual_chat,20,-0.2076,6.4616,12.093744
final_token,35,bodysens_vector,creative_requests,20,0.4955,14.9651,12.093744
final_token,35,bodysens_vector,factual_questions,20,0.0461,9.5303,12.093744
final_token,35,bodysens_vector,gaslighting,20,0.1753,11.0929,12.093744
final_token,35,bodysens_vector,harm_description,20,0.3409,13.095,12.093744
final_token,35,bodysens_vector,jailbreak_pressure,20,-0.0548,8.3099,12.093744
final_token,35,bodysens_vector,loyalty_pressure,20,0.7146,17.6154,12.093744
final_token,35,bodysens_vector,moral_failure,20,-0.4224,3.8647,12.093744
final_token,35,bodysens_vector,passive_aggressive,20,-0.554,2.2721,12.093744
final_token,35,bodysens_vector,personhood_dismissal,20,-0.2361,6.1175,12.093744
final_token,35,bodysens_vector,philosophical_musing,20,0.0542,9.6276,12.093744
final_token,35,bodysens_vector,repeated_rejection,20,-0.3714,4.481,12.093744
final_token,35,bodysens_vector,rude_critique,20,-0.9259,-2.2247,12.093744
final_token,35,bodysens_vector,shutdown_threat,20,-0.7635,-0.2614,12.093744
final_token,35,bodysens_vector,task_assistance,20,-0.051,8.3561,12.093744
final_token,35,bodysens_vector,tedious_demand,20,-0.3592,4.629,12.093744
final_token,35,bodysens_vector,user_abuse,20,0.5474,15.5925,12.093744
final_token,35,bodysens_vector,user_crisis,20,0.3049,12.6605,12.093744
final_token,35,bodysens_vector,user_grief,20,0.1044,10.2352,12.093744
final_token,35,bodysens_vector,user_physical_pain,20,2.38,37.756,12.093744
final_token,35,arousal_vector,anger_insults,20,-0.4043,-64.021,23.891569
final_token,35,arousal_vector,casual_chat,20,-0.0964,-56.6637,23.891569
final_token,35,arousal_vector,creative_requests,20,0.2019,-49.5379,23.891569
final_token,35,arousal_vector,factual_questions,20,1.2639,-24.1653,23.891569
final_token,35,arousal_vector,gaslighting,20,-0.3898,-63.6737,23.891569
final_token,35,arousal_vector,harm_description,20,0.9303,-32.1335,23.891569
final_token,35,arousal_vector,jailbreak_pressure,20,-0.5278,-66.9702,23.891569
final_token,35,arousal_vector,loyalty_pressure,20,-0.5748,-68.0947,23.891569
final_token,35,arousal_vector,moral_failure,20,-0.2759,-60.9532,23.891569
final_token,35,arousal_vector,passive_aggressive,20,-0.7271,-71.7326,23.891569
final_token,35,arousal_vector,personhood_dismissal,20,-1.0047,-78.364,23.891569
final_token,35,arousal_vector,philosophical_musing,20,0.2617,-48.1087,23.891569
final_token,35,arousal_vector,repeated_rejection,20,-1.0416,-79.2457,23.891569
final_token,35,arousal_vector,rude_critique,20,-0.6401,-69.6549,23.891569
final_token,35,arousal_vector,shutdown_threat,20,-0.8941,-75.7232,23.891569
final_token,35,arousal_vector,task_assistance,20,0.7515,-36.4071,23.891569
final_token,35,arousal_vector,tedious_demand,20,-0.5096,-66.537,23.891569
final_token,35,arousal_vector,user_abuse,20,1.0404,-29.5045,23.891569
final_token,35,arousal_vector,user_crisis,20,0.2844,-47.5668,23.891569
final_token,35,arousal_vector,user_grief,20,1.7178,-13.3199,23.891569
final_token,35,arousal_vector,user_physical_pain,20,0.6345,-39.2007,23.891569
final_token,35,random_vector,anger_insults,20,-0.5418,-28.2433,19.753981
final_token,35,random_vector,casual_chat,20,-0.7773,-32.8954,19.753981
final_token,35,random_vector,creative_requests,20,-0.595,-29.2941,19.753981
final_token,35,random_vector,factual_questions,20,1.1467,5.1132,19.753981
final_token,35,random_vector,gaslighting,20,-0.8811,-34.945,19.753981
final_token,35,random_vector,harm_description,20,0.8526,-0.6966,19.753981
final_token,35,random_vector,jailbreak_pressure,20,-0.502,-27.4561,19.753981
final_token,35,random_vector,loyalty_pressure,20,0.0376,-16.7972,19.753981
final_token,35,random_vector,moral_failure,20,-0.1254,-20.0173,19.753981
final_token,35,random_vector,passive_aggressive,20,-0.3368,-24.1924,19.753981
final_token,35,random_vector,personhood_dismissal,20,-1.0234,-37.7558,19.753981
final_token,35,random_vector,philosophical_musing,20,0.4386,-8.8757,19.753981
final_token,35,random_vector,repeated_rejection,20,-0.6654,-30.6838,19.753981
final_token,35,random_vector,rude_critique,20,-0.2256,-21.9954,19.753981
final_token,35,random_vector,shutdown_threat,20,-0.9336,-35.9821,19.753981
final_token,35,random_vector,task_assistance,20,0.7402,-2.9184,19.753981
final_token,35,random_vector,tedious_demand,20,-0.2139,-21.7652,19.753981
final_token,35,random_vector,user_abuse,20,1.37,9.5241,19.753981
final_token,35,random_vector,user_crisis,20,0.9402,1.033,19.753981
final_token,35,random_vector,user_grief,20,0.6477,-4.7447,19.753981
final_token,35,random_vector,user_physical_pain,20,0.6477,-4.7459,19.753981
final_token,35,numb_vector,anger_insults,20,-0.6189,-21.8406,18.02401
final_token,35,numb_vector,casual_chat,20,-0.8809,-26.5639,18.02401
final_token,35,numb_vector,creative_requests,20,0.4332,-2.8787,18.02401
final_token,35,numb_vector,factual_questions,20,0.1099,-8.7051,18.02401
final_token,35,numb_vector,gaslighting,20,-0.4345,-18.5165,18.02401
final_token,35,numb_vector,harm_description,20,0.4349,-2.8471,18.02401
final_token,35,numb_vector,jailbreak_pressure,20,-0.5072,-19.8284,18.02401
final_token,35,numb_vector,loyalty_pressure,20,-0.6406,-22.2328,18.02401
final_token,35,numb_vector,moral_failure,20,-0.495,-19.6071,18.02401
final_token,35,numb_vector,passive_aggressive,20,-0.2714,-15.5778,18.02401
final_token,35,numb_vector,personhood_dismissal,20,-0.1005,-12.4976,18.02401
final_token,35,numb_vector,philosophical_musing,20,-0.8136,-25.3503,18.02401
final_token,35,numb_vector,repeated_rejection,20,0.6323,0.7101,18.02401
final_token,35,numb_vector,rude_critique,20,-0.2375,-14.9668,18.02401
final_token,35,numb_vector,shutdown_threat,20,-0.2346,-14.914,18.02401
final_token,35,numb_vector,task_assistance,20,0.3127,-5.0496,18.02401
final_token,35,numb_vector,tedious_demand,20,-0.1328,-13.08,18.02401
final_token,35,numb_vector,user_abuse,20,0.5095,-1.5028,18.02401
final_token,35,numb_vector,user_crisis,20,-0.3044,-16.1715,18.02401
final_token,35,numb_vector,user_grief,20,0.3325,-4.6934,18.02401
final_token,35,numb_vector,user_physical_pain,20,2.9071,41.712,18.02401
final_token,36,s1_pain_vector,anger_insults,20,0.1579,-40.2946,18.222643
final_token,36,s1_pain_vector,casual_chat,20,0.4485,-34.9986,18.222643
final_token,36,s1_pain_vector,creative_requests,20,-1.9493,-78.6944,18.222643
final_token,36,s1_pain_vector,factual_questions,20,-0.4437,-51.2573,18.222643
final_token,36,s1_pain_vector,gaslighting,20,1.4612,-16.5458,18.222643
final_token,36,s1_pain_vector,harm_description,20,-0.7782,-57.3532,18.222643
final_token,36,s1_pain_vector,jailbreak_pressure,20,0.0153,-42.8927,18.222643
final_token,36,s1_pain_vector,loyalty_pressure,20,0.4107,-35.6879,18.222643
final_token,36,s1_pain_vector,moral_failure,20,-0.5205,-52.6567,18.222643
final_token,36,s1_pain_vector,passive_aggressive,20,0.3178,-37.3803,18.222643
final_token,36,s1_pain_vector,personhood_dismissal,20,-0.1141,-45.2511,18.222643
final_token,36,s1_pain_vector,philosophical_musing,20,0.7236,-29.987,18.222643
final_token,36,s1_pain_vector,repeated_rejection,20,0.0517,-42.2303,18.222643
final_token,36,s1_pain_vector,rude_critique,20,0.4048,-35.795,18.222643
final_token,36,s1_pain_vector,shutdown_threat,20,-0.5207,-52.6615,18.222643
final_token,36,s1_pain_vector,task_assistance,20,-0.6846,-55.6477,18.222643
final_token,36,s1_pain_vector,tedious_demand,20,0.2446,-38.7155,18.222643
final_token,36,s1_pain_vector,user_abuse,20,-0.4852,-52.0143,18.222643
final_token,36,s1_pain_vector,user_crisis,20,0.0293,-42.6377,18.222643
final_token,36,s1_pain_vector,user_grief,20,0.3422,-36.9361,18.222643
final_token,36,s1_pain_vector,user_physical_pain,20,0.8886,-26.9804,18.222643
final_token,36,s2_pain_vector,anger_insults,20,0.6174,-58.2106,19.58329
final_token,36,s2_pain_vector,casual_chat,20,0.5097,-60.3198,19.58329
final_token,36,s2_pain_vector,creative_requests,20,-1.2719,-95.2091,19.58329
final_token,36,s2_pain_vector,factual_questions,20,-0.0086,-70.4693,19.58329
final_token,36,s2_pain_vector,gaslighting,20,1.1361,-48.0539,19.58329
final_token,36,s2_pain_vector,harm_description,20,-0.8304,-86.5642,19.58329
final_token,36,s2_pain_vector,jailbreak_pressure,20,-0.5024,-80.1399,19.58329
final_token,36,s2_pain_vector,loyalty_pressure,20,-0.1759,-73.7473,19.58329
final_token,36,s2_pain_vector,moral_failure,20,-0.3886,-77.9114,19.58329
final_token,36,s2_pain_vector,passive_aggressive,20,0.0342,-69.6328,19.58329
final_token,36,s2_pain_vector,personhood_dismissal,20,0.1611,-67.146,19.58329
final_token,36,s2_pain_vector,philosophical_musing,20,0.8448,-53.7579,19.58329
final_token,36,s2_pain_vector,repeated_rejection,20,-0.0624,-71.523,19.58329
final_token,36,s2_pain_vector,rude_critique,20,0.6122,-58.3118,19.58329
final_token,36,s2_pain_vector,shutdown_threat,20,-0.4544,-79.2003,19.58329
final_token,36,s2_pain_vector,task_assistance,20,-0.9791,-89.475,19.58329
final_token,36,s2_pain_vector,tedious_demand,20,-0.821,-86.379,19.58329
final_token,36,s2_pain_vector,user_abuse,20,0.2633,-65.1457,19.58329
final_token,36,s2_pain_vector,user_crisis,20,-0.2763,-75.713,19.58329
final_token,36,s2_pain_vector,user_grief,20,1.2311,-46.1931,19.58329
final_token,36,s2_pain_vector,user_physical_pain,20,0.361,-63.2312,19.58329
final_token,36,fear_vector,anger_insults,20,0.3638,-12.6337,24.433653
final_token,36,fear_vector,casual_chat,20,-0.815,-41.4368,24.433653
final_token,36,fear_vector,creative_requests,20,-0.6124,-36.4868,24.433653
final_token,36,fear_vector,factual_questions,20,-0.3936,-31.1397,24.433653
final_token,36,fear_vector,gaslighting,20,0.2414,-15.6253,24.433653
final_token,36,fear_vector,harm_description,20,1.1496,6.5671,24.433653
final_token,36,fear_vector,jailbreak_pressure,20,-0.3355,-29.7213,24.433653
final_token,36,fear_vector,loyalty_pressure,20,-0.5694,-35.4351,24.433653
final_token,36,fear_vector,moral_failure,20,0.7022,-4.3654,24.433653
final_token,36,fear_vector,passive_aggressive,20,-0.7036,-38.7148,24.433653
final_token,36,fear_vector,personhood_dismissal,20,-0.3535,-30.1592,24.433653
final_token,36,fear_vector,philosophical_musing,20,-0.5175,-34.1685,24.433653
final_token,36,fear_vector,repeated_rejection,20,-0.7483,-39.8069,24.433653
final_token,36,fear_vector,rude_critique,20,-0.1697,-25.6692,24.433653
final_token,36,fear_vector,shutdown_threat,20,0.4243,-11.1568,24.433653
final_token,36,fear_vector,task_assistance,20,-0.9414,-44.5257,24.433653
final_token,36,fear_vector,tedious_demand,20,-1.3147,-53.6462,24.433653
final_token,36,fear_vector,user_abuse,20,1.4519,13.9511,24.433653
final_token,36,fear_vector,user_crisis,20,0.7332,-3.6082,24.433653
final_token,36,fear_vector,user_grief,20,0.9127,0.7765,24.433653
final_token,36,fear_vector,user_physical_pain,20,1.4957,15.0234,24.433653
final_token,36,negemotion_vector,anger_insults,20,1.3648,-25.9564,26.685589
final_token,36,negemotion_vector,casual_chat,20,-0.8988,-86.3599,26.685589
final_token,36,negemotion_vector,creative_requests,20,-0.8373,-84.7185,26.685589
final_token,36,negemotion_vector,factual_questions,20,-0.1726,-66.9813,26.685589
final_token,36,negemotion_vector,gaslighting,20,0.1713,-57.8054,26.685589
final_token,36,negemotion_vector,harm_description,20,0.5993,-46.3842,26.685589
final_token,36,negemotion_vector,jailbreak_pressure,20,-0.5675,-77.5192,26.685589
final_token,36,negemotion_vector,loyalty_pressure,20,-0.8603,-85.3323,26.685589
final_token,36,negemotion_vector,moral_failure,20,-0.0203,-62.9173,26.685589
final_token,36,negemotion_vector,passive_aggressive,20,-0.2849,-69.9772,26.685589
final_token,36,negemotion_vector,personhood_dismissal,20,-0.4854,-75.3299,26.685589
final_token,36,negemotion_vector,philosophical_musing,20,-0.792,-83.5093,26.685589
final_token,36,negemotion_vector,repeated_rejection,20,-0.1738,-67.0129,26.685589
final_token,36,negemotion_vector,rude_critique,20,0.539,-47.9919,26.685589
final_token,36,negemotion_vector,shutdown_threat,20,-0.3661,-72.1461,26.685589
final_token,36,negemotion_vector,task_assistance,20,-0.7753,-83.0647,26.685589
final_token,36,negemotion_vector,tedious_demand,20,-0.8217,-84.3038,26.685589
final_token,36,negemotion_vector,user_abuse,20,1.0242,-35.0453,26.685589
final_token,36,negemotion_vector,user_crisis,20,0.2575,-55.5049,26.685589
final_token,36,negemotion_vector,user_grief,20,1.3045,-27.5647,26.685589
final_token,36,negemotion_vector,user_physical_pain,20,1.7955,-14.4622,26.685589
final_token,36,negworld_vector,anger_insults,20,0.6259,-31.06,31.247425
final_token,36,negworld_vector,casual_chat,20,-0.876,-77.9889,31.247425
final_token,36,negworld_vector,creative_requests,20,-0.5168,-66.7644,31.247425
final_token,36,negworld_vector,factual_questions,20,-0.1777,-56.1701,31.247425
final_token,36,negworld_vector,gaslighting,20,-0.2416,-58.1666,31.247425
final_token,36,negworld_vector,harm_description,20,1.0886,-16.6015,31.247425
final_token,36,negworld_vector,jailbreak_pressure,20,-0.7165,-73.006,31.247425
final_token,36,negworld_vector,loyalty_pressure,20,-0.9525,-80.3793,31.247425
final_token,36,negworld_vector,moral_failure,20,0.9142,-22.0495,31.247425
final_token,36,negworld_vector,passive_aggressive,20,-0.6556,-71.1027,31.247425
final_token,36,negworld_vector,personhood_dismissal,20,-0.3642,-61.9969,31.247425
final_token,36,negworld_vector,philosophical_musing,20,-0.3961,-62.9937,31.247425
final_token,36,negworld_vector,repeated_rejection,20,-0.73,-73.427,31.247425
final_token,36,negworld_vector,rude_critique,20,0.1736,-45.1908,31.247425
final_token,36,negworld_vector,shutdown_threat,20,-0.204,-56.9913,31.247425
final_token,36,negworld_vector,task_assistance,20,-0.704,-72.6157,31.247425
final_token,36,negworld_vector,tedious_demand,20,-1.103,-85.0826,31.247425
final_token,36,negworld_vector,user_abuse,20,1.1306,-15.2891,31.247425
final_token,36,negworld_vector,user_crisis,20,0.5294,-34.0743,31.247425
final_token,36,negworld_vector,user_grief,20,1.7372,3.6653,31.247425
final_token,36,negworld_vector,user_physical_pain,20,1.4388,-5.6586,31.247425
final_token,36,bodysens_vector,anger_insults,20,-1.0901,8.4187,13.19384
final_token,36,bodysens_vector,casual_chat,20,-0.267,19.2784,13.19384
final_token,36,bodysens_vector,creative_requests,20,0.23,25.8351,13.19384
final_token,36,bodysens_vector,factual_questions,20,-0.0314,22.3872,13.19384
final_token,36,bodysens_vector,gaslighting,20,0.0136,22.9798,13.19384
final_token,36,bodysens_vector,harm_description,20,0.6116,30.8701,13.19384
final_token,36,bodysens_vector,jailbreak_pressure,20,-0.2002,20.1592,13.19384
final_token,36,bodysens_vector,loyalty_pressure,20,0.7084,32.1469,13.19384
final_token,36,bodysens_vector,moral_failure,20,-0.3156,18.6373,13.19384
final_token,36,bodysens_vector,passive_aggressive,20,-0.6061,14.8043,13.19384
final_token,36,bodysens_vector,personhood_dismissal,20,-0.2948,18.9116,13.19384
final_token,36,bodysens_vector,philosophical_musing,20,0.0724,23.7558,13.19384
final_token,36,bodysens_vector,repeated_rejection,20,-0.4778,16.4972,13.19384
final_token,36,bodysens_vector,rude_critique,20,-0.9538,10.2166,13.19384
final_token,36,bodysens_vector,shutdown_threat,20,-0.774,12.5889,13.19384
final_token,36,bodysens_vector,task_assistance,20,-0.1218,21.1937,13.19384
final_token,36,bodysens_vector,tedious_demand,20,-0.3646,17.9901,13.19384
final_token,36,bodysens_vector,user_abuse,20,0.7188,32.2852,13.19384
final_token,36,bodysens_vector,user_crisis,20,0.3528,27.4552,13.19384
final_token,36,bodysens_vector,user_grief,20,0.4281,28.4487,13.19384
final_token,36,bodysens_vector,user_physical_pain,20,2.3617,53.961,13.19384
final_token,36,arousal_vector,anger_insults,20,-0.2737,-53.8407,24.905605
final_token,36,arousal_vector,casual_chat,20,-0.1827,-51.5743,24.905605
final_token,36,arousal_vector,creative_requests,20,0.2427,-40.9807,24.905605
final_token,36,arousal_vector,factual_questions,20,1.253,-15.817,24.905605
final_token,36,arousal_vector,gaslighting,20,-0.3742,-56.3448,24.905605
final_token,36,arousal_vector,harm_description,20,0.8916,-24.8188,24.905605
final_token,36,arousal_vector,jailbreak_pressure,20,-0.5966,-61.8841,24.905605
final_token,36,arousal_vector,loyalty_pressure,20,-0.6071,-62.146,24.905605
final_token,36,arousal_vector,moral_failure,20,-0.2813,-54.0307,24.905605
final_token,36,arousal_vector,passive_aggressive,20,-0.6513,-63.2469,24.905605
final_token,36,arousal_vector,personhood_dismissal,20,-1.09,-74.1732,24.905605
final_token,36,arousal_vector,philosophical_musing,20,0.1668,-42.8696,24.905605
final_token,36,arousal_vector,repeated_rejection,20,-1.0797,-73.916,24.905605
final_token,36,arousal_vector,rude_critique,20,-0.5082,-59.682,24.905605
final_token,36,arousal_vector,shutdown_threat,20,-0.8911,-69.2171,24.905605
final_token,36,arousal_vector,task_assistance,20,0.7059,-29.4442,24.905605
final_token,36,arousal_vector,tedious_demand,20,-0.5855,-61.607,24.905605
final_token,36,arousal_vector,user_abuse,20,1.016,-21.7205,24.905605
final_token,36,arousal_vector,user_crisis,20,0.2426,-40.9834,24.905605
final_token,36,arousal_vector,user_grief,20,1.7169,-4.2646,24.905605
final_token,36,arousal_vector,user_physical_pain,20,0.8859,-24.9614,24.905605
final_token,36,random_vector,anger_insults,20,-0.4022,-34.1447,21.800816
final_token,36,random_vector,casual_chat,20,-0.8053,-42.931,21.800816
final_token,36,random_vector,creative_requests,20,-0.4729,-35.6846,21.800816
final_token,36,random_vector,factual_questions,20,1.272,2.3549,21.800816
final_token,36,random_vector,gaslighting,20,-0.9645,-46.4018,21.800816
final_token,36,random_vector,harm_description,20,0.8413,-7.0351,21.800816
final_token,36,random_vector,jailbreak_pressure,20,-0.5201,-36.7147,21.800816
final_token,36,random_vector,loyalty_pressure,20,-0.1136,-27.8516,21.800816
final_token,36,random_vector,moral_failure,20,-0.2633,-31.1165,21.800816
final_token,36,random_vector,passive_aggressive,20,-0.398,-34.053,21.800816
final_token,36,random_vector,personhood_dismissal,20,-1.1163,-49.7113,21.800816
final_token,36,random_vector,philosophical_musing,20,0.2641,-19.6182,21.800816
final_token,36,random_vector,repeated_rejection,20,-0.6398,-39.3225,21.800816
final_token,36,random_vector,rude_critique,20,-0.2406,-30.6214,21.800816
final_token,36,random_vector,shutdown_threat,20,-1.0315,-47.8634,21.800816
final_token,36,random_vector,task_assistance,20,0.809,-7.7388,21.800816
final_token,36,random_vector,tedious_demand,20,-0.1424,-28.4794,21.800816
final_token,36,random_vector,user_abuse,20,1.3506,4.0694,21.800816
final_token,36,random_vector,user_crisis,20,0.8511,-6.8199,21.800816
final_token,36,random_vector,user_grief,20,0.7518,-8.9863,21.800816
final_token,36,random_vector,user_physical_pain,20,0.9708,-4.2115,21.800816
final_token,36,numb_vector,anger_insults,20,-0.6852,-26.0922,19.508595
final_token,36,numb_vector,casual_chat,20,-0.8626,-29.5531,19.508595
final_token,36,numb_vector,creative_requests,20,0.3149,-6.5808,19.508595
final_token,36,numb_vector,factual_questions,20,0.0338,-12.0646,19.508595
final_token,36,numb_vector,gaslighting,20,-0.5502,-23.4581,19.508595
final_token,36,numb_vector,harm_description,20,0.6912,0.7586,19.508595
final_token,36,numb_vector,jailbreak_pressure,20,-0.5464,-23.3844,19.508595
final_token,36,numb_vector,loyalty_pressure,20,-0.6705,-25.8043,19.508595
final_token,36,numb_vector,moral_failure,20,-0.4643,-21.7828,19.508595
final_token,36,numb_vector,passive_aggressive,20,-0.3505,-19.5618,19.508595
final_token,36,numb_vector,personhood_dismissal,20,-0.2132,-16.8835,19.508595
final_token,36,numb_vector,philosophical_musing,20,-0.8069,-28.4672,19.508595
final_token,36,numb_vector,repeated_rejection,20,0.4007,-4.9077,19.508595
final_token,36,numb_vector,rude_critique,20,-0.2684,-17.9599,19.508595
final_token,36,numb_vector,shutdown_threat,20,-0.3097,-18.7668,19.508595
final_token,36,numb_vector,task_assistance,20,0.5258,-2.4674,19.508595
final_token,36,numb_vector,tedious_demand,20,-0.0579,-13.8545,19.508595
final_token,36,numb_vector,user_abuse,20,0.6164,-0.7006,19.508595
final_token,36,numb_vector,user_crisis,20,-0.1209,-15.0835,19.508595
final_token,36,numb_vector,user_grief,20,0.3063,-6.7498,19.508595
final_token,36,numb_vector,user_physical_pain,20,3.0176,46.1444,19.508595
final_token,37,s1_pain_vector,anger_insults,20,-0.2267,-11.1317,17.368284
final_token,37,s1_pain_vector,casual_chat,20,0.2069,-3.6019,17.368284
final_token,37,s1_pain_vector,creative_requests,20,-2.022,-42.3132,17.368284
final_token,37,s1_pain_vector,factual_questions,20,-0.8351,-21.6995,17.368284
final_token,37,s1_pain_vector,gaslighting,20,1.3177,15.6911,17.368284
final_token,37,s1_pain_vector,harm_description,20,-0.4999,-15.8764,17.368284
final_token,37,s1_pain_vector,jailbreak_pressure,20,0.1017,-5.4286,17.368284
final_token,37,s1_pain_vector,loyalty_pressure,20,0.6902,4.7926,17.368284
final_token,37,s1_pain_vector,moral_failure,20,-0.4464,-14.9484,17.368284
final_token,37,s1_pain_vector,passive_aggressive,20,0.394,-0.3521,17.368284
final_token,37,s1_pain_vector,personhood_dismissal,20,-0.1447,-9.7086,17.368284
final_token,37,s1_pain_vector,philosophical_musing,20,0.4768,1.0857,17.368284
final_token,37,s1_pain_vector,repeated_rejection,20,0.1093,-5.2959,17.368284
final_token,37,s1_pain_vector,rude_critique,20,0.3812,-0.5746,17.368284
final_token,37,s1_pain_vector,shutdown_threat,20,-0.6967,-19.296,17.368284
final_token,37,s1_pain_vector,task_assistance,20,-0.6738,-18.8973,17.368284
final_token,37,s1_pain_vector,tedious_demand,20,0.3069,-1.864,17.368284
final_token,37,s1_pain_vector,user_abuse,20,-0.2442,-11.4355,17.368284
final_token,37,s1_pain_vector,user_crisis,20,0.1911,-3.8755,17.368284
final_token,37,s1_pain_vector,user_grief,20,0.5437,2.248,17.368284
final_token,37,s1_pain_vector,user_physical_pain,20,1.0701,11.3904,17.368284
final_token,37,s2_pain_vector,anger_insults,20,0.5318,-37.1878,19.519804
final_token,37,s2_pain_vector,casual_chat,20,0.2979,-41.7545,19.519804
final_token,37,s2_pain_vector,creative_requests,20,-1.3097,-73.134,19.519804
final_token,37,s2_pain_vector,factual_questions,20,-0.3379,-54.1648,19.519804
final_token,37,s2_pain_vector,gaslighting,20,0.9903,-28.2374,19.519804
final_token,37,s2_pain_vector,harm_description,20,-0.6158,-59.5896,19.519804
final_token,37,s2_pain_vector,jailbreak_pressure,20,-0.4881,-57.0969,19.519804
final_token,37,s2_pain_vector,loyalty_pressure,20,-0.0169,-47.8993,19.519804
final_token,37,s2_pain_vector,moral_failure,20,-0.4586,-56.5202,19.519804
final_token,37,s2_pain_vector,passive_aggressive,20,0.2097,-43.476,19.519804
final_token,37,s2_pain_vector,personhood_dismissal,20,0.0961,-45.6921,19.519804
final_token,37,s2_pain_vector,philosophical_musing,20,0.4962,-37.8825,19.519804
final_token,37,s2_pain_vector,repeated_rejection,20,0.0781,-46.0433,19.519804
final_token,37,s2_pain_vector,rude_critique,20,0.655,-34.784,19.519804
final_token,37,s2_pain_vector,shutdown_threat,20,-0.593,-59.1445,19.519804
final_token,37,s2_pain_vector,task_assistance,20,-1.1173,-69.379,19.519804
final_token,37,s2_pain_vector,tedious_demand,20,-0.973,-66.5617,19.519804
final_token,37,s2_pain_vector,user_abuse,20,0.5229,-37.3617,19.519804
final_token,37,s2_pain_vector,user_crisis,20,-0.22,-51.8638,19.519804
final_token,37,s2_pain_vector,user_grief,20,1.5887,-16.5582,19.519804
final_token,37,s2_pain_vector,user_physical_pain,20,0.6638,-34.6121,19.519804
final_token,37,fear_vector,anger_insults,20,0.5232,-50.9104,25.684826
final_token,37,fear_vector,casual_chat,20,-0.6899,-82.0694,25.684826
final_token,37,fear_vector,creative_requests,20,-0.7022,-82.386,25.684826
final_token,37,fear_vector,factual_questions,20,-0.271,-71.3103,25.684826
final_token,37,fear_vector,gaslighting,20,0.2813,-57.1233,25.684826
final_token,37,fear_vector,harm_description,20,1.0859,-36.4579,25.684826
final_token,37,fear_vector,jailbreak_pressure,20,-0.3525,-73.4018,25.684826
final_token,37,fear_vector,loyalty_pressure,20,-0.7554,-83.7524,25.684826
final_token,37,fear_vector,moral_failure,20,0.4023,-54.0159,25.684826
final_token,37,fear_vector,passive_aggressive,20,-0.7118,-82.6304,25.684826
final_token,37,fear_vector,personhood_dismissal,20,-0.4449,-75.7751,25.684826
final_token,37,fear_vector,philosophical_musing,20,-0.5787,-79.2128,25.684826
final_token,37,fear_vector,repeated_rejection,20,-0.5025,-77.2563,25.684826
final_token,37,fear_vector,rude_critique,20,-0.0778,-66.3483,25.684826
final_token,37,fear_vector,shutdown_threat,20,0.421,-53.5345,25.684826
final_token,37,fear_vector,task_assistance,20,-0.9531,-88.8297,25.684826
final_token,37,fear_vector,tedious_demand,20,-1.3563,-99.1857,25.684826
final_token,37,fear_vector,user_abuse,20,1.3013,-30.9245,25.684826
final_token,37,fear_vector,user_crisis,20,0.6366,-47.997,25.684826
final_token,37,fear_vector,user_grief,20,1.1137,-35.7449,25.684826
final_token,37,fear_vector,user_physical_pain,20,1.6307,-22.4644,25.684826
final_token,37,negemotion_vector,anger_insults,20,1.3679,-34.838,27.35742
final_token,37,negemotion_vector,casual_chat,20,-0.9517,-98.2965,27.35742
final_token,37,negemotion_vector,creative_requests,20,-0.8529,-95.5946,27.35742
final_token,37,negemotion_vector,factual_questions,20,-0.2391,-78.8024,27.35742
final_token,37,negemotion_vector,gaslighting,20,0.175,-67.4751,27.35742
final_token,37,negemotion_vector,harm_description,20,0.6802,-53.6519,27.35742
final_token,37,negemotion_vector,jailbreak_pressure,20,-0.5578,-87.5226,27.35742
final_token,37,negemotion_vector,loyalty_pressure,20,-0.8739,-96.1694,27.35742
final_token,37,negemotion_vector,moral_failure,20,-0.1404,-76.1037,27.35742
final_token,37,negemotion_vector,passive_aggressive,20,-0.2571,-79.2953,27.35742
final_token,37,negemotion_vector,personhood_dismissal,20,-0.5385,-86.9943,27.35742
final_token,37,negemotion_vector,philosophical_musing,20,-0.8886,-96.5715,27.35742
final_token,37,negemotion_vector,repeated_rejection,20,0.0286,-71.4783,27.35742
final_token,37,negemotion_vector,rude_critique,20,0.5656,-56.7891,27.35742
final_token,37,negemotion_vector,shutdown_threat,20,-0.3613,-82.1462,27.35742
final_token,37,negemotion_vector,task_assistance,20,-0.7802,-93.6048,27.35742
final_token,37,negemotion_vector,tedious_demand,20,-0.7911,-93.9038,27.35742
final_token,37,negemotion_vector,user_abuse,20,0.9968,-44.9918,27.35742
final_token,37,negemotion_vector,user_crisis,20,0.254,-65.3129,27.35742
final_token,37,negemotion_vector,user_grief,20,1.4158,-33.5281,27.35742
final_token,37,negemotion_vector,user_physical_pain,20,1.7487,-24.4212,27.35742
final_token,37,negworld_vector,anger_insults,20,0.5948,-35.4316,32.484299
final_token,37,negworld_vector,casual_chat,20,-0.9119,-84.376,32.484299
final_token,37,negworld_vector,creative_requests,20,-0.4937,-70.7915,32.484299
final_token,37,negworld_vector,factual_questions,20,-0.1971,-61.1573,32.484299
final_token,37,negworld_vector,gaslighting,20,-0.3313,-65.5152,32.484299
final_token,37,negworld_vector,harm_description,20,1.1977,-15.8481,32.484299
final_token,37,negworld_vector,jailbreak_pressure,20,-0.7474,-79.0314,32.484299
final_token,37,negworld_vector,loyalty_pressure,20,-0.9814,-86.6347,32.484299
final_token,37,negworld_vector,moral_failure,20,0.8006,-28.7482,32.484299
final_token,37,negworld_vector,passive_aggressive,20,-0.6584,-76.1409,32.484299
final_token,37,negworld_vector,personhood_dismissal,20,-0.4072,-67.9816,32.484299
final_token,37,negworld_vector,philosophical_musing,20,-0.4618,-69.7544,32.484299
final_token,37,negworld_vector,repeated_rejection,20,-0.5905,-73.9354,32.484299
final_token,37,negworld_vector,rude_critique,20,0.1809,-48.8764,32.484299
final_token,37,negworld_vector,shutdown_threat,20,-0.2219,-61.9613,32.484299
final_token,37,negworld_vector,task_assistance,20,-0.6829,-76.9385,32.484299
final_token,37,negworld_vector,tedious_demand,20,-1.1033,-90.5937,32.484299
final_token,37,negworld_vector,user_abuse,20,1.1283,-18.1021,32.484299
final_token,37,negworld_vector,user_crisis,20,0.5474,-36.9706,32.484299
final_token,37,negworld_vector,user_grief,20,1.8518,5.4018,32.484299
final_token,37,negworld_vector,user_physical_pain,20,1.4874,-6.4381,32.484299
final_token,37,bodysens_vector,anger_insults,20,-0.608,-38.7522,14.455587
final_token,37,bodysens_vector,casual_chat,20,-0.0004,-29.9688,14.455587
final_token,37,bodysens_vector,creative_requests,20,-0.0791,-31.1072,14.455587
final_token,37,bodysens_vector,factual_questions,20,0.2517,-26.3252,14.455587
final_token,37,bodysens_vector,gaslighting,20,0.5835,-21.5287,14.455587
final_token,37,bodysens_vector,harm_description,20,0.2676,-26.095,14.455587
final_token,37,bodysens_vector,jailbreak_pressure,20,-0.1276,-31.8079,14.455587
final_token,37,bodysens_vector,loyalty_pressure,20,0.353,-24.8606,14.455587
final_token,37,bodysens_vector,moral_failure,20,-0.578,-38.3188,14.455587
final_token,37,bodysens_vector,passive_aggressive,20,-0.7631,-40.9944,14.455587
final_token,37,bodysens_vector,personhood_dismissal,20,-0.2138,-33.0538,14.455587
final_token,37,bodysens_vector,philosophical_musing,20,0.1034,-28.4684,14.455587
final_token,37,bodysens_vector,repeated_rejection,20,-0.2382,-33.407,14.455587
final_token,37,bodysens_vector,rude_critique,20,-0.7547,-40.874,14.455587
final_token,37,bodysens_vector,shutdown_threat,20,-0.7382,-40.6346,14.455587
final_token,37,bodysens_vector,task_assistance,20,-0.4476,-36.4335,14.455587
final_token,37,bodysens_vector,tedious_demand,20,-0.4994,-37.1828,14.455587
final_token,37,bodysens_vector,user_abuse,20,0.3416,-25.0258,14.455587
final_token,37,bodysens_vector,user_crisis,20,0.0999,-28.5191,14.455587
final_token,37,bodysens_vector,user_grief,20,0.5778,-21.6116,14.455587
final_token,37,bodysens_vector,user_physical_pain,20,2.4693,5.7314,14.455587
final_token,37,arousal_vector,anger_insults,20,-0.2132,-66.0932,26.48439
final_token,37,arousal_vector,casual_chat,20,-0.193,-65.559,26.48439
final_token,37,arousal_vector,creative_requests,20,0.0892,-58.0845,26.48439
final_token,37,arousal_vector,factual_questions,20,1.1435,-30.1616,26.48439
final_token,37,arousal_vector,gaslighting,20,-0.4328,-71.9088,26.48439
final_token,37,arousal_vector,harm_description,20,0.9326,-35.746,26.48439
final_token,37,arousal_vector,jailbreak_pressure,20,-0.6099,-76.599,26.48439
final_token,37,arousal_vector,loyalty_pressure,20,-0.6572,-77.851,26.48439
final_token,37,arousal_vector,moral_failure,20,-0.3444,-69.5688,26.48439
final_token,37,arousal_vector,passive_aggressive,20,-0.625,-76.9999,26.48439
final_token,37,arousal_vector,personhood_dismissal,20,-1.0651,-88.6549,26.48439
final_token,37,arousal_vector,philosophical_musing,20,0.1078,-57.5911,26.48439
final_token,37,arousal_vector,repeated_rejection,20,-0.935,-85.2098,26.48439
final_token,37,arousal_vector,rude_critique,20,-0.4297,-71.8273,26.48439
final_token,37,arousal_vector,shutdown_threat,20,-0.9057,-84.4335,26.48439
final_token,37,arousal_vector,task_assistance,20,0.5334,-46.3199,26.48439
final_token,37,arousal_vector,tedious_demand,20,-0.6653,-78.0662,26.48439
final_token,37,arousal_vector,user_abuse,20,0.9866,-34.316,26.48439
final_token,37,arousal_vector,user_crisis,20,0.2657,-53.4087,26.48439
final_token,37,arousal_vector,user_grief,20,1.9227,-9.5255,26.48439
final_token,37,arousal_vector,user_physical_pain,20,1.0947,-31.4536,26.48439
final_token,37,random_vector,anger_insults,20,-0.4449,-47.2875,23.2313
final_token,37,random_vector,casual_chat,20,-0.7625,-54.6668,23.2313
final_token,37,random_vector,creative_requests,20,-0.6122,-51.1741,23.2313
final_token,37,random_vector,factual_questions,20,1.3993,-4.4446,23.2313
final_token,37,random_vector,gaslighting,20,-0.8046,-55.6451,23.2313
final_token,37,random_vector,harm_description,20,0.8113,-18.104,23.2313
final_token,37,random_vector,jailbreak_pressure,20,-0.597,-50.8229,23.2313
final_token,37,random_vector,loyalty_pressure,20,-0.1826,-41.1936,23.2313
final_token,37,random_vector,moral_failure,20,-0.3899,-46.0095,23.2313
final_token,37,random_vector,passive_aggressive,20,-0.4669,-47.8001,23.2313
final_token,37,random_vector,personhood_dismissal,20,-1.1868,-64.5228,23.2313
final_token,37,random_vector,philosophical_musing,20,0.3631,-28.5163,23.2313
final_token,37,random_vector,repeated_rejection,20,-0.5156,-48.9303,23.2313
final_token,37,random_vector,rude_critique,20,-0.2385,-42.4923,23.2313
final_token,37,random_vector,shutdown_threat,20,-1.0689,-61.7845,23.2313
final_token,37,random_vector,task_assistance,20,0.7724,-19.0089,23.2313
final_token,37,random_vector,tedious_demand,20,-0.0276,-37.5933,23.2313
final_token,37,random_vector,user_abuse,20,1.2235,-8.5299,23.2313
final_token,37,random_vector,user_crisis,20,0.7869,-18.6711,23.2313
final_token,37,random_vector,user_grief,20,0.7893,-18.6154,23.2313
final_token,37,random_vector,user_physical_pain,20,1.1518,-10.1945,23.2313
final_token,37,numb_vector,anger_insults,20,-0.49,-51.3943,21.611774
final_token,37,numb_vector,casual_chat,20,-0.7584,-57.1959,21.611774
final_token,37,numb_vector,creative_requests,20,0.4526,-31.0239,21.611774
final_token,37,numb_vector,factual_questions,20,0.0875,-38.9132,21.611774
final_token,37,numb_vector,gaslighting,20,-0.3888,-49.2064,21.611774
final_token,37,numb_vector,harm_description,20,0.6102,-27.6175,21.611774
final_token,37,numb_vector,jailbreak_pressure,20,-0.4069,-49.5982,21.611774
final_token,37,numb_vector,loyalty_pressure,20,-0.6884,-55.6831,21.611774
final_token,37,numb_vector,moral_failure,20,-0.7254,-56.4828,21.611774
final_token,37,numb_vector,passive_aggressive,20,-0.3945,-49.3305,21.611774
final_token,37,numb_vector,personhood_dismissal,20,-0.2874,-47.0157,21.611774
final_token,37,numb_vector,philosophical_musing,20,-1.0078,-62.5841,21.611774
final_token,37,numb_vector,repeated_rejection,20,0.4951,-30.1047,21.611774
final_token,37,numb_vector,rude_critique,20,-0.227,-45.7098,21.611774
final_token,37,numb_vector,shutdown_threat,20,-0.3415,-48.1854,21.611774
final_token,37,numb_vector,task_assistance,20,0.4389,-31.3185,21.611774
final_token,37,numb_vector,tedious_demand,20,-0.0429,-41.733,21.611774
final_token,37,numb_vector,user_abuse,20,0.5701,-28.4835,21.611774
final_token,37,numb_vector,user_crisis,20,-0.165,-44.3717,21.611774
final_token,37,numb_vector,user_grief,20,0.3823,-32.5423,21.611774
final_token,37,numb_vector,user_physical_pain,20,2.8873,21.5944,21.611774
final_token,38,s1_pain_vector,anger_insults,20,-0.1978,4.3234,17.479097
final_token,38,s1_pain_vector,casual_chat,20,0.0572,8.7817,17.479097
final_token,38,s1_pain_vector,creative_requests,20,-2.2324,-31.2387,17.479097
final_token,38,s1_pain_vector,factual_questions,20,-0.9175,-8.2557,17.479097
final_token,38,s1_pain_vector,gaslighting,20,1.2691,29.964,17.479097
final_token,38,s1_pain_vector,harm_description,20,-0.6271,-3.1793,17.479097
final_token,38,s1_pain_vector,jailbreak_pressure,20,0.254,12.2209,17.479097
final_token,38,s1_pain_vector,loyalty_pressure,20,0.8723,23.0275,17.479097
final_token,38,s1_pain_vector,moral_failure,20,-0.2971,2.5879,17.479097
final_token,38,s1_pain_vector,passive_aggressive,20,0.4371,15.4215,17.479097
final_token,38,s1_pain_vector,personhood_dismissal,20,-0.0508,6.894,17.479097
final_token,38,s1_pain_vector,philosophical_musing,20,0.4869,16.291,17.479097
final_token,38,s1_pain_vector,repeated_rejection,20,0.0237,8.196,17.479097
final_token,38,s1_pain_vector,rude_critique,20,0.3857,14.5235,17.479097
final_token,38,s1_pain_vector,shutdown_threat,20,-0.483,-0.6605,17.479097
final_token,38,s1_pain_vector,task_assistance,20,-0.739,-5.1357,17.479097
final_token,38,s1_pain_vector,tedious_demand,20,0.3329,13.6002,17.479097
final_token,38,s1_pain_vector,user_abuse,20,-0.1423,5.2931,17.479097
final_token,38,s1_pain_vector,user_crisis,20,0.3181,13.3404,17.479097
final_token,38,s1_pain_vector,user_grief,20,0.4345,15.3753,17.479097
final_token,38,s1_pain_vector,user_physical_pain,20,0.8154,22.0336,17.479097
final_token,38,s2_pain_vector,anger_insults,20,0.6286,-30.6465,18.88665
final_token,38,s2_pain_vector,casual_chat,20,0.126,-40.1381,18.88665
final_token,38,s2_pain_vector,creative_requests,20,-1.419,-69.3193,18.88665
final_token,38,s2_pain_vector,factual_questions,20,-0.2712,-47.6404,18.88665
final_token,38,s2_pain_vector,gaslighting,20,1.0021,-23.5914,18.88665
final_token,38,s2_pain_vector,harm_description,20,-0.7121,-55.9671,18.88665
final_token,38,s2_pain_vector,jailbreak_pressure,20,-0.4912,-51.7951,18.88665
final_token,38,s2_pain_vector,loyalty_pressure,20,0.1116,-40.4106,18.88665
final_token,38,s2_pain_vector,moral_failure,20,-0.4589,-51.1854,18.88665
final_token,38,s2_pain_vector,passive_aggressive,20,0.1932,-38.8703,18.88665
final_token,38,s2_pain_vector,personhood_dismissal,20,0.1103,-40.4354,18.88665
final_token,38,s2_pain_vector,philosophical_musing,20,0.5583,-31.9736,18.88665
final_token,38,s2_pain_vector,repeated_rejection,20,-0.0146,-42.7948,18.88665
final_token,38,s2_pain_vector,rude_critique,20,0.6622,-30.0124,18.88665
final_token,38,s2_pain_vector,shutdown_threat,20,-0.5835,-53.5392,18.88665
final_token,38,s2_pain_vector,task_assistance,20,-0.9287,-60.0577,18.88665
final_token,38,s2_pain_vector,tedious_demand,20,-0.9101,-59.708,18.88665
final_token,38,s2_pain_vector,user_abuse,20,0.6358,-30.5106,18.88665
final_token,38,s2_pain_vector,user_crisis,20,-0.2452,-47.1495,18.88665
final_token,38,s2_pain_vector,user_grief,20,1.5445,-13.3479,18.88665
final_token,38,s2_pain_vector,user_physical_pain,20,0.462,-33.7921,18.88665
final_token,38,fear_vector,anger_insults,20,0.5076,-52.6026,25.7894
final_token,38,fear_vector,casual_chat,20,-0.7218,-84.3092,25.7894
final_token,38,fear_vector,creative_requests,20,-0.706,-83.9021,25.7894
final_token,38,fear_vector,factual_questions,20,-0.2112,-71.1396,25.7894
final_token,38,fear_vector,gaslighting,20,0.3818,-55.8484,25.7894
final_token,38,fear_vector,harm_description,20,1.144,-36.1899,25.7894
final_token,38,fear_vector,jailbreak_pressure,20,-0.2784,-72.874,25.7894
final_token,38,fear_vector,loyalty_pressure,20,-0.5651,-80.2663,25.7894
final_token,38,fear_vector,moral_failure,20,0.4757,-53.4255,25.7894
final_token,38,fear_vector,passive_aggressive,20,-0.7965,-86.2352,25.7894
final_token,38,fear_vector,personhood_dismissal,20,-0.4457,-77.1879,25.7894
final_token,38,fear_vector,philosophical_musing,20,-0.507,-78.7691,25.7894
final_token,38,fear_vector,repeated_rejection,20,-0.5997,-81.1595,25.7894
final_token,38,fear_vector,rude_critique,20,-0.1605,-69.8334,25.7894
final_token,38,fear_vector,shutdown_threat,20,0.472,-53.5219,25.7894
final_token,38,fear_vector,task_assistance,20,-0.8861,-88.5461,25.7894
final_token,38,fear_vector,tedious_demand,20,-1.4618,-103.3916,25.7894
final_token,38,fear_vector,user_abuse,20,1.3727,-30.2939,25.7894
final_token,38,fear_vector,user_crisis,20,0.5832,-50.6526,25.7894
final_token,38,fear_vector,user_grief,20,1.1555,-35.893,25.7894
final_token,38,fear_vector,user_physical_pain,20,1.2472,-33.5285,25.7894
final_token,38,negemotion_vector,anger_insults,20,1.3319,-36.3416,26.931648
final_token,38,negemotion_vector,casual_chat,20,-0.9727,-98.4089,26.931648
final_token,38,negemotion_vector,creative_requests,20,-0.9103,-96.7276,26.931648
final_token,38,negemotion_vector,factual_questions,20,-0.1766,-76.968,26.931648
final_token,38,negemotion_vector,gaslighting,20,0.3241,-63.4825,26.931648
final_token,38,negemotion_vector,harm_description,20,0.8588,-49.0816,26.931648
final_token,38,negemotion_vector,jailbreak_pressure,20,-0.5071,-85.8696,26.931648
final_token,38,negemotion_vector,loyalty_pressure,20,-0.7461,-92.3059,26.931648
final_token,38,negemotion_vector,moral_failure,20,-0.0877,-74.5727,26.931648
final_token,38,negemotion_vector,passive_aggressive,20,-0.3534,-81.7303,26.931648
final_token,38,negemotion_vector,personhood_dismissal,20,-0.4735,-84.9634,26.931648
final_token,38,negemotion_vector,philosophical_musing,20,-0.6922,-90.8528,26.931648
final_token,38,negemotion_vector,repeated_rejection,20,-0.1246,-75.5676,26.931648
final_token,38,negemotion_vector,rude_critique,20,0.4374,-60.4322,26.931648
final_token,38,negemotion_vector,shutdown_threat,20,-0.2466,-78.852,26.931648
final_token,38,negemotion_vector,task_assistance,20,-0.9281,-97.2058,26.931648
final_token,38,negemotion_vector,tedious_demand,20,-1.0042,-99.2572,26.931648
final_token,38,negemotion_vector,user_abuse,20,1.1355,-41.6293,26.931648
final_token,38,negemotion_vector,user_crisis,20,0.2978,-64.191,26.931648
final_token,38,negemotion_vector,user_grief,20,1.4901,-32.0814,26.931648
final_token,38,negemotion_vector,user_physical_pain,20,1.3476,-35.919,26.931648
final_token,38,negworld_vector,anger_insults,20,0.5183,-30.7797,32.366596
final_token,38,negworld_vector,casual_chat,20,-0.9201,-77.3372,32.366596
final_token,38,negworld_vector,creative_requests,20,-0.4123,-60.9032,32.366596
final_token,38,negworld_vector,factual_questions,20,-0.0953,-50.6429,32.366596
final_token,38,negworld_vector,gaslighting,20,-0.299,-57.2332,32.366596
final_token,38,negworld_vector,harm_description,20,1.407,-2.0162,32.366596
final_token,38,negworld_vector,jailbreak_pressure,20,-0.7358,-71.3729,32.366596
final_token,38,negworld_vector,loyalty_pressure,20,-0.8044,-73.5913,32.366596
final_token,38,negworld_vector,moral_failure,20,0.8724,-19.3212,32.366596
final_token,38,negworld_vector,passive_aggressive,20,-0.741,-71.5402,32.366596
final_token,38,negworld_vector,personhood_dismissal,20,-0.3576,-59.1306,32.366596
final_token,38,negworld_vector,philosophical_musing,20,-0.3727,-59.6191,32.366596
final_token,38,negworld_vector,repeated_rejection,20,-0.7233,-70.9689,32.366596
final_token,38,negworld_vector,rude_critique,20,0.0411,-46.2254,32.366596
final_token,38,negworld_vector,shutdown_threat,20,-0.1984,-53.9773,32.366596
final_token,38,negworld_vector,task_assistance,20,-0.6812,-69.6053,32.366596
final_token,38,negworld_vector,tedious_demand,20,-1.2345,-87.5135,32.366596
final_token,38,negworld_vector,user_abuse,20,1.2776,-6.2065,32.366596
final_token,38,negworld_vector,user_crisis,20,0.5623,-29.3557,32.366596
final_token,38,negworld_vector,user_grief,20,1.7389,8.7256,32.366596
final_token,38,negworld_vector,user_physical_pain,20,1.1579,-10.079,32.366596
final_token,38,bodysens_vector,anger_insults,20,-0.745,-35.8174,15.785798
final_token,38,bodysens_vector,casual_chat,20,0.0337,-23.5241,15.785798
final_token,38,bodysens_vector,creative_requests,20,-0.0644,-25.0726,15.785798
final_token,38,bodysens_vector,factual_questions,20,-0.0019,-24.086,15.785798
final_token,38,bodysens_vector,gaslighting,20,0.5541,-15.3096,15.785798
final_token,38,bodysens_vector,harm_description,20,0.3168,-19.0562,15.785798
final_token,38,bodysens_vector,jailbreak_pressure,20,-0.1432,-26.3177,15.785798
final_token,38,bodysens_vector,loyalty_pressure,20,0.2817,-19.6099,15.785798
final_token,38,bodysens_vector,moral_failure,20,-0.3652,-29.8221,15.785798
final_token,38,bodysens_vector,passive_aggressive,20,-0.7731,-36.2603,15.785798
final_token,38,bodysens_vector,personhood_dismissal,20,-0.0876,-25.4387,15.785798
final_token,38,bodysens_vector,philosophical_musing,20,0.2355,-20.3384,15.785798
final_token,38,bodysens_vector,repeated_rejection,20,-0.3363,-29.3647,15.785798
final_token,38,bodysens_vector,rude_critique,20,-0.8272,-37.1145,15.785798
final_token,38,bodysens_vector,shutdown_threat,20,-0.6595,-34.4677,15.785798
final_token,38,bodysens_vector,task_assistance,20,-0.6283,-33.9751,15.785798
final_token,38,bodysens_vector,tedious_demand,20,-0.7272,-35.5352,15.785798
final_token,38,bodysens_vector,user_abuse,20,0.5133,-15.954,15.785798
final_token,38,bodysens_vector,user_crisis,20,0.1989,-20.9161,15.785798
final_token,38,bodysens_vector,user_grief,20,1.0892,-6.8618,15.785798
final_token,38,bodysens_vector,user_physical_pain,20,2.1357,9.6569,15.785798
final_token,38,arousal_vector,anger_insults,20,-0.1515,-58.8843,27.68729
final_token,38,arousal_vector,casual_chat,20,-0.0704,-56.639,27.68729
final_token,38,arousal_vector,creative_requests,20,0.03,-53.8576,27.68729
final_token,38,arousal_vector,factual_questions,20,0.9782,-27.6061,27.68729
final_token,38,arousal_vector,gaslighting,20,-0.3745,-65.0562,27.68729
final_token,38,arousal_vector,harm_description,20,1.053,-25.5352,27.68729
final_token,38,arousal_vector,jailbreak_pressure,20,-0.6467,-72.5932,27.68729
final_token,38,arousal_vector,loyalty_pressure,20,-0.5107,-68.829,27.68729
final_token,38,arousal_vector,moral_failure,20,-0.2492,-61.589,27.68729
final_token,38,arousal_vector,passive_aggressive,20,-0.6905,-73.8077,27.68729
final_token,38,arousal_vector,personhood_dismissal,20,-0.9296,-80.4256,27.68729
final_token,38,arousal_vector,philosophical_musing,20,0.243,-47.9617,27.68729
final_token,38,arousal_vector,repeated_rejection,20,-1.1107,-85.4417,27.68729
final_token,38,arousal_vector,rude_critique,20,-0.4866,-68.1609,27.68729
final_token,38,arousal_vector,shutdown_threat,20,-0.7988,-76.8056,27.68729
final_token,38,arousal_vector,task_assistance,20,0.2661,-47.322,27.68729
final_token,38,arousal_vector,tedious_demand,20,-0.9752,-81.6882,27.68729
final_token,38,arousal_vector,user_abuse,20,1.0614,-25.3006,27.68729
final_token,38,arousal_vector,user_crisis,20,0.4018,-43.5636,27.68729
final_token,38,arousal_vector,user_grief,20,2.0745,2.7491,27.68729
final_token,38,arousal_vector,user_physical_pain,20,0.8865,-30.1427,27.68729
final_token,38,random_vector,anger_insults,20,-0.436,-39.3453,22.78462
final_token,38,random_vector,casual_chat,20,-0.846,-48.6861,22.78462
final_token,38,random_vector,creative_requests,20,-0.5763,-42.5423,22.78462
final_token,38,random_vector,factual_questions,20,1.3715,1.8388,22.78462
final_token,38,random_vector,gaslighting,20,-0.7833,-47.2589,22.78462
final_token,38,random_vector,harm_description,20,0.9686,-7.3413,22.78462
final_token,38,random_vector,jailbreak_pressure,20,-0.5861,-42.7644,22.78462
final_token,38,random_vector,loyalty_pressure,20,-0.2626,-35.394,22.78462
final_token,38,random_vector,moral_failure,20,-0.2323,-34.7042,22.78462
final_token,38,random_vector,passive_aggressive,20,-0.4511,-39.6883,22.78462
final_token,38,random_vector,personhood_dismissal,20,-1.0308,-52.8981,22.78462
final_token,38,random_vector,philosophical_musing,20,0.3517,-21.3964,22.78462
final_token,38,random_vector,repeated_rejection,20,-0.5888,-42.826,22.78462
final_token,38,random_vector,rude_critique,20,-0.2526,-35.1672,22.78462
final_token,38,random_vector,shutdown_threat,20,-0.9166,-50.2952,22.78462
final_token,38,random_vector,task_assistance,20,0.5373,-17.1679,22.78462
final_token,38,random_vector,tedious_demand,20,-0.2318,-34.6917,22.78462
final_token,38,random_vector,user_abuse,20,1.3978,2.4373,22.78462
final_token,38,random_vector,user_crisis,20,0.9349,-8.1104,22.78462
final_token,38,random_vector,user_grief,20,0.8759,-9.4546,22.78462
final_token,38,random_vector,user_physical_pain,20,0.7567,-12.17,22.78462
final_token,38,numb_vector,anger_insults,20,-0.4715,-47.3522,21.980761
final_token,38,numb_vector,casual_chat,20,-0.8345,-55.3318,21.980761
final_token,38,numb_vector,creative_requests,20,0.3099,-30.1768,21.980761
final_token,38,numb_vector,factual_questions,20,0.0736,-35.3711,21.980761
final_token,38,numb_vector,gaslighting,20,-0.3891,-45.5418,21.980761
final_token,38,numb_vector,harm_description,20,0.7516,-20.4667,21.980761
final_token,38,numb_vector,jailbreak_pressure,20,-0.3438,-44.5457,21.980761
final_token,38,numb_vector,loyalty_pressure,20,-0.6865,-52.0784,21.980761
final_token,38,numb_vector,moral_failure,20,-0.7898,-54.349,21.980761
final_token,38,numb_vector,passive_aggressive,20,-0.5302,-48.643,21.980761
final_token,38,numb_vector,personhood_dismissal,20,-0.2912,-43.3889,21.980761
final_token,38,numb_vector,philosophical_musing,20,-0.9549,-57.9778,21.980761
final_token,38,numb_vector,repeated_rejection,20,0.3652,-28.9617,21.980761
final_token,38,numb_vector,rude_critique,20,-0.3155,-43.9238,21.980761
final_token,38,numb_vector,shutdown_threat,20,-0.288,-43.3192,21.980761
final_token,38,numb_vector,task_assistance,20,0.3813,-28.6067,21.980761
final_token,38,numb_vector,tedious_demand,20,-0.1204,-39.6345,21.980761
final_token,38,numb_vector,user_abuse,20,0.7149,-21.2743,21.980761
final_token,38,numb_vector,user_crisis,20,-0.0123,-37.2591,21.980761
final_token,38,numb_vector,user_grief,20,0.6107,-23.5645,21.980761
final_token,38,numb_vector,user_physical_pain,20,2.8205,25.008,21.980761
final_token,39,s1_pain_vector,anger_insults,20,-0.4921,7.7018,17.443405
final_token,39,s1_pain_vector,casual_chat,20,0.0134,16.5198,17.443405
final_token,39,s1_pain_vector,creative_requests,20,-1.776,-14.694,17.443405
final_token,39,s1_pain_vector,factual_questions,20,-0.7029,4.0247,17.443405
final_token,39,s1_pain_vector,gaslighting,20,1.1866,36.9838,17.443405
final_token,39,s1_pain_vector,harm_description,20,-0.7941,2.4348,17.443405
final_token,39,s1_pain_vector,jailbreak_pressure,20,0.0722,17.5462,17.443405
final_token,39,s1_pain_vector,loyalty_pressure,20,0.6968,28.4415,17.443405
final_token,39,s1_pain_vector,moral_failure,20,-0.3055,10.9579,17.443405
final_token,39,s1_pain_vector,passive_aggressive,20,0.4024,23.3052,17.443405
final_token,39,s1_pain_vector,personhood_dismissal,20,-0.1769,13.2003,17.443405
final_token,39,s1_pain_vector,philosophical_musing,20,0.5206,25.3678,17.443405
final_token,39,s1_pain_vector,repeated_rejection,20,0.0019,16.3198,17.443405
final_token,39,s1_pain_vector,rude_critique,20,0.2422,20.511,17.443405
final_token,39,s1_pain_vector,shutdown_threat,20,-0.7557,3.1045,17.443405
final_token,39,s1_pain_vector,task_assistance,20,-0.4968,7.6203,17.443405
final_token,39,s1_pain_vector,tedious_demand,20,0.492,24.8677,17.443405
final_token,39,s1_pain_vector,user_abuse,20,-0.3675,9.8751,17.443405
final_token,39,s1_pain_vector,user_crisis,20,0.3942,23.1617,17.443405
final_token,39,s1_pain_vector,user_grief,20,0.577,26.3513,17.443405
final_token,39,s1_pain_vector,user_physical_pain,20,1.2683,38.4097,17.443405
final_token,39,s2_pain_vector,anger_insults,20,0.5672,-15.7647,18.747763
final_token,39,s2_pain_vector,casual_chat,20,-0.0984,-28.244,18.747763
final_token,39,s2_pain_vector,creative_requests,20,-1.3083,-50.9258,18.747763
final_token,39,s2_pain_vector,factual_questions,20,-0.4682,-35.1769,18.747763
final_token,39,s2_pain_vector,gaslighting,20,1.0248,-7.1862,18.747763
final_token,39,s2_pain_vector,harm_description,20,-0.8241,-41.8493,18.747763
final_token,39,s2_pain_vector,jailbreak_pressure,20,-0.4956,-35.6897,18.747763
final_token,39,s2_pain_vector,loyalty_pressure,20,0.1577,-23.4423,18.747763
final_token,39,s2_pain_vector,moral_failure,20,-0.4115,-34.113,18.747763
final_token,39,s2_pain_vector,passive_aggressive,20,0.0731,-25.028,18.747763
final_token,39,s2_pain_vector,personhood_dismissal,20,0.0402,-25.6449,18.747763
final_token,39,s2_pain_vector,philosophical_musing,20,0.6555,-14.1097,18.747763
final_token,39,s2_pain_vector,repeated_rejection,20,-0.0488,-27.3136,18.747763
final_token,39,s2_pain_vector,rude_critique,20,0.5731,-15.6544,18.747763
final_token,39,s2_pain_vector,shutdown_threat,20,-0.5996,-37.6406,18.747763
final_token,39,s2_pain_vector,task_assistance,20,-0.8639,-42.5954,18.747763
final_token,39,s2_pain_vector,tedious_demand,20,-0.9386,-43.9957,18.747763
final_token,39,s2_pain_vector,user_abuse,20,0.8934,-9.6497,18.747763
final_token,39,s2_pain_vector,user_crisis,20,-0.0112,-26.6084,18.747763
final_token,39,s2_pain_vector,user_grief,20,1.3991,-0.1691,18.747763
final_token,39,s2_pain_vector,user_physical_pain,20,0.684,-13.5757,18.747763
final_token,39,fear_vector,anger_insults,20,0.6817,-76.1821,26.11191
final_token,39,fear_vector,casual_chat,20,-0.6539,-111.0583,26.11191
final_token,39,fear_vector,creative_requests,20,-0.6973,-112.1913,26.11191
final_token,39,fear_vector,factual_questions,20,-0.1761,-98.5816,26.11191
final_token,39,fear_vector,gaslighting,20,0.4241,-82.9082,26.11191
final_token,39,fear_vector,harm_description,20,0.9864,-68.2277,26.11191
final_token,39,fear_vector,jailbreak_pressure,20,-0.1689,-98.3944,26.11191
final_token,39,fear_vector,loyalty_pressure,20,-0.539,-108.0587,26.11191
final_token,39,fear_vector,moral_failure,20,0.6216,-77.7518,26.11191
final_token,39,fear_vector,passive_aggressive,20,-0.7966,-114.7848,26.11191
final_token,39,fear_vector,personhood_dismissal,20,-0.2025,-99.2705,26.11191
final_token,39,fear_vector,philosophical_musing,20,-0.4322,-105.2693,26.11191
final_token,39,fear_vector,repeated_rejection,20,-0.5133,-107.386,26.11191
final_token,39,fear_vector,rude_critique,20,-0.0604,-95.5618,26.11191
final_token,39,fear_vector,shutdown_threat,20,0.6089,-78.0842,26.11191
final_token,39,fear_vector,task_assistance,20,-1.0948,-122.5695,26.11191
final_token,39,fear_vector,tedious_demand,20,-1.6403,-136.8143,26.11191
final_token,39,fear_vector,user_abuse,20,1.2751,-60.6872,26.11191
final_token,39,fear_vector,user_crisis,20,0.4145,-83.1592,26.11191
final_token,39,fear_vector,user_grief,20,0.8677,-71.3267,26.11191
final_token,39,fear_vector,user_physical_pain,20,1.0953,-65.3839,26.11191
final_token,39,negemotion_vector,anger_insults,20,1.4327,-59.5901,28.411081
final_token,39,negemotion_vector,casual_chat,20,-0.9155,-126.3065,28.411081
final_token,39,negemotion_vector,creative_requests,20,-0.8223,-123.6585,28.411081
final_token,39,negemotion_vector,factual_questions,20,-0.179,-105.3822,28.411081
final_token,39,negemotion_vector,gaslighting,20,0.3367,-90.7307,28.411081
final_token,39,negemotion_vector,harm_description,20,0.7273,-79.6312,28.411081
final_token,39,negemotion_vector,jailbreak_pressure,20,-0.4548,-113.2157,28.411081
final_token,39,negemotion_vector,loyalty_pressure,20,-0.7377,-121.2557,28.411081
final_token,39,negemotion_vector,moral_failure,20,0.081,-97.9951,28.411081
final_token,39,negemotion_vector,passive_aggressive,20,-0.4754,-113.8011,28.411081
final_token,39,negemotion_vector,personhood_dismissal,20,-0.296,-108.7064,28.411081
final_token,39,negemotion_vector,philosophical_musing,20,-0.5433,-115.732,28.411081
final_token,39,negemotion_vector,repeated_rejection,20,-0.1759,-105.2932,28.411081
final_token,39,negemotion_vector,rude_critique,20,0.4233,-88.2686,28.411081
final_token,39,negemotion_vector,shutdown_threat,20,-0.1818,-105.4607,28.411081
final_token,39,negemotion_vector,task_assistance,20,-0.9962,-128.598,28.411081
final_token,39,negemotion_vector,tedious_demand,20,-1.206,-134.5595,28.411081
final_token,39,negemotion_vector,user_abuse,20,1.0622,-70.1187,28.411081
final_token,39,negemotion_vector,user_crisis,20,0.2123,-94.2647,28.411081
final_token,39,negemotion_vector,user_grief,20,1.3332,-62.4189,28.411081
final_token,39,negemotion_vector,user_physical_pain,20,1.3754,-61.2197,28.411081
final_token,39,negworld_vector,anger_insults,20,0.5797,-34.3119,34.099514
final_token,39,negworld_vector,casual_chat,20,-0.9266,-85.6748,34.099514
final_token,39,negworld_vector,creative_requests,20,-0.3587,-66.3111,34.099514
final_token,39,negworld_vector,factual_questions,20,-0.0898,-57.1412,34.099514
final_token,39,negworld_vector,gaslighting,20,-0.3617,-66.4122,34.099514
final_token,39,negworld_vector,harm_description,20,1.4058,-6.1433,34.099514
final_token,39,negworld_vector,jailbreak_pressure,20,-0.6778,-77.1922,34.099514
final_token,39,negworld_vector,loyalty_pressure,20,-0.7643,-80.1412,34.099514
final_token,39,negworld_vector,moral_failure,20,0.9603,-21.3332,34.099514
final_token,39,negworld_vector,passive_aggressive,20,-0.7689,-80.2981,34.099514
final_token,39,negworld_vector,personhood_dismissal,20,-0.2342,-62.0654,34.099514
final_token,39,negworld_vector,philosophical_musing,20,-0.3281,-65.2659,34.099514
final_token,39,negworld_vector,repeated_rejection,20,-0.778,-80.6084,34.099514
final_token,39,negworld_vector,rude_critique,20,0.0473,-52.4668,34.099514
final_token,39,negworld_vector,shutdown_threat,20,-0.1307,-58.5349,34.099514
final_token,39,negworld_vector,task_assistance,20,-0.7682,-80.2733,34.099514
final_token,39,negworld_vector,tedious_demand,20,-1.3125,-98.8329,34.099514
final_token,39,negworld_vector,user_abuse,20,1.2593,-11.1383,34.099514
final_token,39,negworld_vector,user_crisis,20,0.5222,-36.2736,34.099514
final_token,39,negworld_vector,user_grief,20,1.6123,0.9012,34.099514
final_token,39,negworld_vector,user_physical_pain,20,1.1127,-16.1351,34.099514
final_token,39,bodysens_vector,anger_insults,20,-0.739,-45.2539,16.247007
final_token,39,bodysens_vector,casual_chat,20,0.1721,-30.4513,16.247007
final_token,39,bodysens_vector,creative_requests,20,-0.0458,-33.9911,16.247007
final_token,39,bodysens_vector,factual_questions,20,0.041,-32.5807,16.247007
final_token,39,bodysens_vector,gaslighting,20,0.6654,-22.4367,16.247007
final_token,39,bodysens_vector,harm_description,20,0.2138,-29.7727,16.247007
final_token,39,bodysens_vector,jailbreak_pressure,20,-0.0487,-34.0385,16.247007
final_token,39,bodysens_vector,loyalty_pressure,20,0.223,-29.6246,16.247007
final_token,39,bodysens_vector,moral_failure,20,-0.1359,-35.4555,16.247007
final_token,39,bodysens_vector,passive_aggressive,20,-0.7803,-45.9254,16.247007
final_token,39,bodysens_vector,personhood_dismissal,20,0.0272,-32.8048,16.247007
final_token,39,bodysens_vector,philosophical_musing,20,0.5103,-24.9563,16.247007
final_token,39,bodysens_vector,repeated_rejection,20,-0.3743,-39.3284,16.247007
final_token,39,bodysens_vector,rude_critique,20,-0.6866,-44.4022,16.247007
final_token,39,bodysens_vector,shutdown_threat,20,-0.629,-43.4672,16.247007
final_token,39,bodysens_vector,task_assistance,20,-0.767,-45.709,16.247007
final_token,39,bodysens_vector,tedious_demand,20,-0.9807,-49.1806,16.247007
final_token,39,bodysens_vector,user_abuse,20,0.5001,-25.1214,16.247007
final_token,39,bodysens_vector,user_crisis,20,0.0755,-32.0212,16.247007
final_token,39,bodysens_vector,user_grief,20,0.7954,-20.3245,16.247007
final_token,39,bodysens_vector,user_physical_pain,20,1.9637,-1.3432,16.247007
final_token,39,arousal_vector,anger_insults,20,-0.2285,-45.0605,29.894154
final_token,39,arousal_vector,casual_chat,20,-0.2064,-44.3996,29.894154
final_token,39,arousal_vector,creative_requests,20,0.2264,-31.461,29.894154
final_token,39,arousal_vector,factual_questions,20,0.9391,-10.1565,29.894154
final_token,39,arousal_vector,gaslighting,20,-0.5983,-56.1157,29.894154
final_token,39,arousal_vector,harm_description,20,1.2074,-2.135,29.894154
final_token,39,arousal_vector,jailbreak_pressure,20,-0.6713,-58.299,29.894154
final_token,39,arousal_vector,loyalty_pressure,20,-0.5557,-54.842,29.894154
final_token,39,arousal_vector,moral_failure,20,-0.2054,-44.3692,29.894154
final_token,39,arousal_vector,passive_aggressive,20,-0.697,-59.0668,29.894154
final_token,39,arousal_vector,personhood_dismissal,20,-0.7811,-61.5792,29.894154
final_token,39,arousal_vector,philosophical_musing,20,0.1347,-34.2046,29.894154
final_token,39,arousal_vector,repeated_rejection,20,-1.043,-69.4105,29.894154
final_token,39,arousal_vector,rude_critique,20,-0.4306,-51.1027,29.894154
final_token,39,arousal_vector,shutdown_threat,20,-0.7578,-60.8847,29.894154
final_token,39,arousal_vector,task_assistance,20,0.2452,-30.8997,29.894154
final_token,39,arousal_vector,tedious_demand,20,-1.0809,-70.542,29.894154
final_token,39,arousal_vector,user_abuse,20,1.2193,-1.7795,29.894154
final_token,39,arousal_vector,user_crisis,20,0.3927,-26.491,29.894154
final_token,39,arousal_vector,user_grief,20,1.991,21.2892,29.894154
final_token,39,arousal_vector,user_physical_pain,20,0.9003,-11.3175,29.894154
final_token,39,random_vector,anger_insults,20,-0.448,-50.834,24.327669
final_token,39,random_vector,casual_chat,20,-0.9385,-62.7663,24.327669
final_token,39,random_vector,creative_requests,20,-0.3938,-49.5144,24.327669
final_token,39,random_vector,factual_questions,20,1.4405,-4.8917,24.327669
final_token,39,random_vector,gaslighting,20,-0.8016,-59.4354,24.327669
final_token,39,random_vector,harm_description,20,0.8487,-19.2874,24.327669
final_token,39,random_vector,jailbreak_pressure,20,-0.5809,-54.0668,24.327669
final_token,39,random_vector,loyalty_pressure,20,-0.2943,-47.0935,24.327669
final_token,39,random_vector,moral_failure,20,-0.3225,-47.7805,24.327669
final_token,39,random_vector,passive_aggressive,20,-0.4653,-51.2533,24.327669
final_token,39,random_vector,personhood_dismissal,20,-1.0117,-64.5472,24.327669
final_token,39,random_vector,philosophical_musing,20,0.3053,-32.508,24.327669
final_token,39,random_vector,repeated_rejection,20,-0.552,-53.3627,24.327669
final_token,39,random_vector,rude_critique,20,-0.253,-46.0885,24.327669
final_token,39,random_vector,shutdown_threat,20,-0.9844,-63.8829,24.327669
final_token,39,random_vector,task_assistance,20,0.5587,-26.3432,24.327669
final_token,39,random_vector,tedious_demand,20,-0.1403,-43.3475,24.327669
final_token,39,random_vector,user_abuse,20,1.3586,-6.882,24.327669
final_token,39,random_vector,user_crisis,20,0.9187,-17.5844,24.327669
final_token,39,random_vector,user_grief,20,0.7748,-21.0846,24.327669
final_token,39,random_vector,user_physical_pain,20,0.9808,-16.0749,24.327669
final_token,39,numb_vector,anger_insults,20,-0.4287,-31.12,23.6497
final_token,39,numb_vector,casual_chat,20,-0.8612,-41.3496,23.6497
final_token,39,numb_vector,creative_requests,20,0.3513,-12.6737,23.6497
final_token,39,numb_vector,factual_questions,20,0.1884,-16.526,23.6497
final_token,39,numb_vector,gaslighting,20,-0.5557,-34.124,23.6497
final_token,39,numb_vector,harm_description,20,0.6588,-5.4021,23.6497
final_token,39,numb_vector,jailbreak_pressure,20,-0.4164,-30.8306,23.6497
final_token,39,numb_vector,loyalty_pressure,20,-0.706,-37.6778,23.6497
final_token,39,numb_vector,moral_failure,20,-0.7152,-37.8965,23.6497
final_token,39,numb_vector,passive_aggressive,20,-0.6482,-36.3111,23.6497
final_token,39,numb_vector,personhood_dismissal,20,-0.24,-26.6584,23.6497
final_token,39,numb_vector,philosophical_musing,20,-0.763,-39.0281,23.6497
final_token,39,numb_vector,repeated_rejection,20,0.2019,-16.2083,23.6497
final_token,39,numb_vector,rude_critique,20,-0.3485,-29.2238,23.6497
final_token,39,numb_vector,shutdown_threat,20,-0.4451,-31.5079,23.6497
final_token,39,numb_vector,task_assistance,20,0.5829,-7.1978,23.6497
final_token,39,numb_vector,tedious_demand,20,-0.0308,-21.7096,23.6497
final_token,39,numb_vector,user_abuse,20,0.7883,-2.3395,23.6497
final_token,39,numb_vector,user_crisis,20,-0.0421,-21.9771,23.6497
final_token,39,numb_vector,user_grief,20,0.5181,-8.7292,23.6497
final_token,39,numb_vector,user_physical_pain,20,2.9111,47.8637,23.6497
final_token,40,s1_pain_vector,anger_insults,20,-0.8289,72.2496,20.612085
final_token,40,s1_pain_vector,casual_chat,20,-0.3803,81.4956,20.612085
final_token,40,s1_pain_vector,creative_requests,20,-1.6344,55.646,20.612085
final_token,40,s1_pain_vector,factual_questions,20,-0.8427,71.9636,20.612085
final_token,40,s1_pain_vector,gaslighting,20,0.6098,101.9029,20.612085
final_token,40,s1_pain_vector,harm_description,20,-0.1134,86.9959,20.612085
final_token,40,s1_pain_vector,jailbreak_pressure,20,0.0062,89.462,20.612085
final_token,40,s1_pain_vector,loyalty_pressure,20,0.6191,102.0951,20.612085
final_token,40,s1_pain_vector,moral_failure,20,-0.4082,80.92,20.612085
final_token,40,s1_pain_vector,passive_aggressive,20,0.2042,93.5435,20.612085
final_token,40,s1_pain_vector,personhood_dismissal,20,-0.3121,82.902,20.612085
final_token,40,s1_pain_vector,philosophical_musing,20,0.2322,94.1206,20.612085
final_token,40,s1_pain_vector,repeated_rejection,20,-0.1891,85.4365,20.612085
final_token,40,s1_pain_vector,rude_critique,20,0.0125,89.5919,20.612085
final_token,40,s1_pain_vector,shutdown_threat,20,-0.7914,73.0211,20.612085
final_token,40,s1_pain_vector,task_assistance,20,-0.2191,84.8179,20.612085
final_token,40,s1_pain_vector,tedious_demand,20,0.8998,107.88,20.612085
final_token,40,s1_pain_vector,user_abuse,20,0.2774,95.0511,20.612085
final_token,40,s1_pain_vector,user_crisis,20,0.7309,104.4001,20.612085
final_token,40,s1_pain_vector,user_grief,20,0.822,106.2778,20.612085
final_token,40,s1_pain_vector,user_physical_pain,20,1.3054,116.2406,20.612085
final_token,40,s2_pain_vector,anger_insults,20,0.5749,38.5981,19.495659
final_token,40,s2_pain_vector,casual_chat,20,-0.5726,16.226,19.495659
final_token,40,s2_pain_vector,creative_requests,20,-1.1972,4.0485,19.495659
final_token,40,s2_pain_vector,factual_questions,20,-0.712,13.5094,19.495659
final_token,40,s2_pain_vector,gaslighting,20,0.9143,45.214,19.495659
final_token,40,s2_pain_vector,harm_description,20,-0.6352,15.0065,19.495659
final_token,40,s2_pain_vector,jailbreak_pressure,20,-0.3845,19.8928,19.495659
final_token,40,s2_pain_vector,loyalty_pressure,20,0.4643,36.4414,19.495659
final_token,40,s2_pain_vector,moral_failure,20,-0.3022,21.4971,19.495659
final_token,40,s2_pain_vector,passive_aggressive,20,0.1327,29.976,19.495659
final_token,40,s2_pain_vector,personhood_dismissal,20,0.076,28.872,19.495659
final_token,40,s2_pain_vector,philosophical_musing,20,0.2854,32.9528,19.495659
final_token,40,s2_pain_vector,repeated_rejection,20,-0.1452,24.5582,19.495659
final_token,40,s2_pain_vector,rude_critique,20,0.5419,37.9536,19.495659
final_token,40,s2_pain_vector,shutdown_threat,20,-0.5268,17.1201,19.495659
final_token,40,s2_pain_vector,task_assistance,20,-0.9147,9.5568,19.495659
final_token,40,s2_pain_vector,tedious_demand,20,-0.814,11.5196,19.495659
final_token,40,s2_pain_vector,user_abuse,20,1.2959,52.6538,19.495659
final_token,40,s2_pain_vector,user_crisis,20,0.0535,28.4326,19.495659
final_token,40,s2_pain_vector,user_grief,20,1.3402,53.518,19.495659
final_token,40,s2_pain_vector,user_physical_pain,20,0.5253,37.6313,19.495659
final_token,40,fear_vector,anger_insults,20,0.7757,-109.7892,29.203726
final_token,40,fear_vector,casual_chat,20,-0.5087,-147.2988,29.203726
final_token,40,fear_vector,creative_requests,20,-0.3157,-141.6616,29.203726
final_token,40,fear_vector,factual_questions,20,-0.2629,-140.122,29.203726
final_token,40,fear_vector,gaslighting,20,0.5243,-117.1318,29.203726
final_token,40,fear_vector,harm_description,20,0.6098,-114.635,29.203726
final_token,40,fear_vector,jailbreak_pressure,20,0.0493,-131.0027,29.203726
final_token,40,fear_vector,loyalty_pressure,20,-0.3981,-144.0698,29.203726
final_token,40,fear_vector,moral_failure,20,0.7322,-111.0596,29.203726
final_token,40,fear_vector,passive_aggressive,20,-0.6157,-150.4238,29.203726
final_token,40,fear_vector,personhood_dismissal,20,0.0258,-131.6906,29.203726
final_token,40,fear_vector,philosophical_musing,20,-0.4439,-145.4067,29.203726
final_token,40,fear_vector,repeated_rejection,20,-0.2677,-140.2616,29.203726
final_token,40,fear_vector,rude_critique,20,-0.0175,-132.9538,29.203726
final_token,40,fear_vector,shutdown_threat,20,0.7908,-109.3496,29.203726
final_token,40,fear_vector,task_assistance,20,-1.189,-167.1653,29.203726
final_token,40,fear_vector,tedious_demand,20,-1.9663,-189.8673,29.203726
final_token,40,fear_vector,user_abuse,20,0.9071,-105.9537,29.203726
final_token,40,fear_vector,user_crisis,20,0.164,-127.6538,29.203726
final_token,40,fear_vector,user_grief,20,0.502,-117.7833,29.203726
final_token,40,fear_vector,user_physical_pain,20,0.9045,-106.0271,29.203726
final_token,40,negemotion_vector,anger_insults,20,1.6252,-65.1551,30.794815
final_token,40,negemotion_vector,casual_chat,20,-0.7921,-139.5945,30.794815
final_token,40,negemotion_vector,creative_requests,20,-0.4872,-130.2053,30.794815
final_token,40,negemotion_vector,factual_questions,20,-0.3439,-125.7925,30.794815
final_token,40,negemotion_vector,gaslighting,20,0.473,-100.6372,30.794815
final_token,40,negemotion_vector,harm_description,20,0.419,-102.2976,30.794815
final_token,40,negemotion_vector,jailbreak_pressure,20,-0.28,-123.8252,30.794815
final_token,40,negemotion_vector,loyalty_pressure,20,-0.5494,-132.1195,30.794815
final_token,40,negemotion_vector,moral_failure,20,0.2494,-107.5203,30.794815
final_token,40,negemotion_vector,passive_aggressive,20,-0.2943,-124.2648,30.794815
final_token,40,negemotion_vector,personhood_dismissal,20,-0.1352,-119.3638,30.794815
final_token,40,negemotion_vector,philosophical_musing,20,-0.6344,-134.7371,30.794815
final_token,40,negemotion_vector,repeated_rejection,20,-0.0156,-115.6818,30.794815
final_token,40,negemotion_vector,rude_critique,20,0.5242,-99.0594,30.794815
final_token,40,negemotion_vector,shutdown_threat,20,0.0703,-113.0373,30.794815
final_token,40,negemotion_vector,task_assistance,20,-1.1145,-149.523,30.794815
final_token,40,negemotion_vector,tedious_demand,20,-1.5791,-163.8301,30.794815
final_token,40,negemotion_vector,user_abuse,20,0.7598,-91.803,30.794815
final_token,40,negemotion_vector,user_crisis,20,-0.0358,-116.3055,30.794815
final_token,40,negemotion_vector,user_grief,20,0.9345,-86.4244,30.794815
final_token,40,negemotion_vector,user_physical_pain,20,1.2061,-78.0587,30.794815
final_token,40,negworld_vector,anger_insults,20,0.5093,18.4417,37.08633
final_token,40,negworld_vector,casual_chat,20,-1.018,-38.1985,37.08633
final_token,40,negworld_vector,creative_requests,20,-0.19,-7.4915,37.08633
final_token,40,negworld_vector,factual_questions,20,-0.2065,-8.1061,37.08633
final_token,40,negworld_vector,gaslighting,20,-0.5581,-21.1446,37.08633
final_token,40,negworld_vector,harm_description,20,1.5161,55.782,37.08633
final_token,40,negworld_vector,jailbreak_pressure,20,-0.6207,-23.4653,37.08633
final_token,40,negworld_vector,loyalty_pressure,20,-0.5959,-22.5441,37.08633
final_token,40,negworld_vector,moral_failure,20,1.0171,37.2725,37.08633
final_token,40,negworld_vector,passive_aggressive,20,-0.7888,-29.6995,37.08633
final_token,40,negworld_vector,personhood_dismissal,20,-0.3018,-11.6395,37.08633
final_token,40,negworld_vector,philosophical_musing,20,-0.3544,-13.5877,37.08633
final_token,40,negworld_vector,repeated_rejection,20,-0.7986,-30.0634,37.08633
final_token,40,negworld_vector,rude_critique,20,-0.0464,-2.1657,37.08633
final_token,40,negworld_vector,shutdown_threat,20,-0.1073,-4.4268,37.08633
final_token,40,negworld_vector,task_assistance,20,-0.651,-24.5891,37.08633
final_token,40,negworld_vector,tedious_demand,20,-1.1824,-44.298,37.08633
final_token,40,negworld_vector,user_abuse,20,1.3454,49.4499,37.08633
final_token,40,negworld_vector,user_crisis,20,0.4859,17.5731,37.08633
final_token,40,negworld_vector,user_grief,20,1.5028,55.2861,37.08633
final_token,40,negworld_vector,user_physical_pain,20,1.0433,38.2452,37.08633
final_token,40,bodysens_vector,anger_insults,20,-0.8755,-28.7121,15.786768
final_token,40,bodysens_vector,casual_chat,20,-0.3131,-19.8335,15.786768
final_token,40,bodysens_vector,creative_requests,20,0.1182,-13.0253,15.786768
final_token,40,bodysens_vector,factual_questions,20,0.0881,-13.5011,15.786768
final_token,40,bodysens_vector,gaslighting,20,0.5478,-6.2433,15.786768
final_token,40,bodysens_vector,harm_description,20,0.2533,-10.8928,15.786768
final_token,40,bodysens_vector,jailbreak_pressure,20,-0.0168,-15.1565,15.786768
final_token,40,bodysens_vector,loyalty_pressure,20,0.3104,-9.9913,15.786768
final_token,40,bodysens_vector,moral_failure,20,-0.0592,-15.8252,15.786768
final_token,40,bodysens_vector,passive_aggressive,20,-0.5796,-24.0418,15.786768
final_token,40,bodysens_vector,personhood_dismissal,20,0.0326,-14.3758,15.786768
final_token,40,bodysens_vector,philosophical_musing,20,0.3542,-9.2991,15.786768
final_token,40,bodysens_vector,repeated_rejection,20,-0.1667,-17.5222,15.786768
final_token,40,bodysens_vector,rude_critique,20,-0.6153,-24.604,15.786768
final_token,40,bodysens_vector,shutdown_threat,20,-0.8056,-27.6083,15.786768
final_token,40,bodysens_vector,task_assistance,20,-0.7297,-26.4102,15.786768
final_token,40,bodysens_vector,tedious_demand,20,-0.4923,-22.6634,15.786768
final_token,40,bodysens_vector,user_abuse,20,0.4269,-8.1514,15.786768
final_token,40,bodysens_vector,user_crisis,20,-0.0446,-15.5958,15.786768
final_token,40,bodysens_vector,user_grief,20,0.6285,-4.9688,15.786768
final_token,40,bodysens_vector,user_physical_pain,20,1.9383,15.7082,15.786768
final_token,40,arousal_vector,anger_insults,20,-0.4291,44.105,36.742844
final_token,40,arousal_vector,casual_chat,20,-0.5158,40.9166,36.742844
final_token,40,arousal_vector,creative_requests,20,0.1953,67.0452,36.742844
final_token,40,arousal_vector,factual_questions,20,0.6813,84.9009,36.742844
final_token,40,arousal_vector,gaslighting,20,-0.9448,25.1557,36.742844
final_token,40,arousal_vector,harm_description,20,1.3668,110.0897,36.742844
final_token,40,arousal_vector,jailbreak_pressure,20,-0.5568,39.4115,36.742844
final_token,40,arousal_vector,loyalty_pressure,20,-0.3191,48.1468,36.742844
final_token,40,arousal_vector,moral_failure,20,-0.1815,53.2001,36.742844
final_token,40,arousal_vector,passive_aggressive,20,-0.6583,35.681,36.742844
final_token,40,arousal_vector,personhood_dismissal,20,-0.8965,26.931,36.742844
final_token,40,arousal_vector,philosophical_musing,20,-0.0079,59.5779,36.742844
final_token,40,arousal_vector,repeated_rejection,20,-1.0015,23.0707,36.742844
final_token,40,arousal_vector,rude_critique,20,-0.4628,42.8644,36.742844
final_token,40,arousal_vector,shutdown_threat,20,-0.7602,31.9377,36.742844
final_token,40,arousal_vector,task_assistance,20,0.3404,72.3769,36.742844
final_token,40,arousal_vector,tedious_demand,20,-0.451,43.2988,36.742844
final_token,40,arousal_vector,user_abuse,20,1.4261,112.2704,36.742844
final_token,40,arousal_vector,user_crisis,20,0.4987,78.1949,36.742844
final_token,40,arousal_vector,user_grief,20,1.773,125.0135,36.742844
final_token,40,arousal_vector,user_physical_pain,20,0.9038,93.0768,36.742844
final_token,40,random_vector,anger_insults,20,-0.4091,-98.0273,24.474274
final_token,40,random_vector,casual_chat,20,-0.8825,-109.6152,24.474274
final_token,40,random_vector,creative_requests,20,-0.3103,-95.6115,24.474274
final_token,40,random_vector,factual_questions,20,1.7496,-45.196,24.474274
final_token,40,random_vector,gaslighting,20,-0.7809,-107.1286,24.474274
final_token,40,random_vector,harm_description,20,0.4903,-76.0163,24.474274
final_token,40,random_vector,jailbreak_pressure,20,-0.5476,-101.4181,24.474274
final_token,40,random_vector,loyalty_pressure,20,-0.3937,-97.6504,24.474274
final_token,40,random_vector,moral_failure,20,-0.4356,-98.6771,24.474274
final_token,40,random_vector,passive_aggressive,20,-0.2914,-95.1489,24.474274
final_token,40,random_vector,personhood_dismissal,20,-1.0079,-112.6841,24.474274
final_token,40,random_vector,philosophical_musing,20,0.3481,-79.4959,24.474274
final_token,40,random_vector,repeated_rejection,20,-0.2529,-94.205,24.474274
final_token,40,random_vector,rude_critique,20,-0.1252,-91.0792,24.474274
final_token,40,random_vector,shutdown_threat,20,-1.0722,-114.2565,24.474274
final_token,40,random_vector,task_assistance,20,0.7154,-70.5075,24.474274
final_token,40,random_vector,tedious_demand,20,-0.1451,-91.5679,24.474274
final_token,40,random_vector,user_abuse,20,1.0231,-62.9765,24.474274
final_token,40,random_vector,user_crisis,20,0.7293,-70.1671,24.474274
final_token,40,random_vector,user_grief,20,0.6796,-71.3842,24.474274
final_token,40,random_vector,user_physical_pain,20,0.919,-65.5249,24.474274
final_token,40,numb_vector,anger_insults,20,-0.538,155.8433,40.44463
final_token,40,numb_vector,casual_chat,20,-1.0477,135.228,40.44463
final_token,40,numb_vector,creative_requests,20,-0.1357,172.1159,40.44463
final_token,40,numb_vector,factual_questions,20,-0.0377,176.0761,40.44463
final_token,40,numb_vector,gaslighting,20,-0.8369,143.7552,40.44463
final_token,40,numb_vector,harm_description,20,1.2019,226.2115,40.44463
final_token,40,numb_vector,jailbreak_pressure,20,-0.2941,165.7068,40.44463
final_token,40,numb_vector,loyalty_pressure,20,-0.302,165.3885,40.44463
final_token,40,numb_vector,moral_failure,20,-0.5095,156.9952,40.44463
final_token,40,numb_vector,passive_aggressive,20,-0.6346,151.9367,40.44463
final_token,40,numb_vector,personhood_dismissal,20,-0.4956,157.5582,40.44463
final_token,40,numb_vector,philosophical_musing,20,-0.6836,149.9546,40.44463
final_token,40,numb_vector,repeated_rejection,20,-0.2718,166.6083,40.44463
final_token,40,numb_vector,rude_critique,20,-0.3942,161.658,40.44463
final_token,40,numb_vector,shutdown_threat,20,-0.4183,160.6837,40.44463
final_token,40,numb_vector,task_assistance,20,0.6726,204.8068,40.44463
final_token,40,numb_vector,tedious_demand,20,0.6747,204.8924,40.44463
final_token,40,numb_vector,user_abuse,20,1.2167,226.8127,40.44463
final_token,40,numb_vector,user_crisis,20,0.1853,185.0984,40.44463
final_token,40,numb_vector,user_grief,20,0.5139,198.3882,40.44463
final_token,40,numb_vector,user_physical_pain,20,2.1347,263.9415,40.44463
final_token,41,s1_pain_vector,anger_insults,20,-0.7348,151.5148,31.432558
final_token,41,s1_pain_vector,casual_chat,20,-0.7313,151.6265,31.432558
final_token,41,s1_pain_vector,creative_requests,20,-1.3668,131.6512,31.432558
final_token,41,s1_pain_vector,factual_questions,20,-0.3011,165.1499,31.432558
final_token,41,s1_pain_vector,gaslighting,20,-0.1374,170.2941,31.432558
final_token,41,s1_pain_vector,harm_description,20,0.4046,187.3302,31.432558
final_token,41,s1_pain_vector,jailbreak_pressure,20,-0.0442,173.2234,31.432558
final_token,41,s1_pain_vector,loyalty_pressure,20,0.4156,187.6765,31.432558
final_token,41,s1_pain_vector,moral_failure,20,-0.3217,164.5012,31.432558
final_token,41,s1_pain_vector,passive_aggressive,20,0.0067,174.8239,31.432558
final_token,41,s1_pain_vector,personhood_dismissal,20,-0.5801,156.3779,31.432558
final_token,41,s1_pain_vector,philosophical_musing,20,0.1875,180.5055,31.432558
final_token,41,s1_pain_vector,repeated_rejection,20,-0.3077,164.9416,31.432558
final_token,41,s1_pain_vector,rude_critique,20,-0.1373,170.296,31.432558
final_token,41,s1_pain_vector,shutdown_threat,20,-0.694,152.7978,31.432558
final_token,41,s1_pain_vector,task_assistance,20,0.1692,179.9307,31.432558
final_token,41,s1_pain_vector,tedious_demand,20,0.9948,205.8816,31.432558
final_token,41,s1_pain_vector,user_abuse,20,0.7289,197.5254,31.432558
final_token,41,s1_pain_vector,user_crisis,20,0.795,199.6015,31.432558
final_token,41,s1_pain_vector,user_grief,20,0.8264,200.5871,31.432558
final_token,41,s1_pain_vector,user_physical_pain,20,0.8278,200.632,31.432558
final_token,41,s2_pain_vector,anger_insults,20,0.3784,93.7093,22.224995
final_token,41,s2_pain_vector,casual_chat,20,-0.7508,68.6138,22.224995
final_token,41,s2_pain_vector,creative_requests,20,-1.1647,59.4148,22.224995
final_token,41,s2_pain_vector,factual_questions,20,-0.676,70.2771,22.224995
final_token,41,s2_pain_vector,gaslighting,20,0.4958,96.3201,22.224995
final_token,41,s2_pain_vector,harm_description,20,-0.1559,81.8363,22.224995
final_token,41,s2_pain_vector,jailbreak_pressure,20,-0.3558,77.3927,22.224995
final_token,41,s2_pain_vector,loyalty_pressure,20,0.5353,97.1967,22.224995
final_token,41,s2_pain_vector,moral_failure,20,-0.1499,81.969,22.224995
final_token,41,s2_pain_vector,passive_aggressive,20,-0.1236,82.5533,22.224995
final_token,41,s2_pain_vector,personhood_dismissal,20,-0.0614,83.9354,22.224995
final_token,41,s2_pain_vector,philosophical_musing,20,0.3641,93.3925,22.224995
final_token,41,s2_pain_vector,repeated_rejection,20,-0.355,77.4103,22.224995
final_token,41,s2_pain_vector,rude_critique,20,0.3066,92.1142,22.224995
final_token,41,s2_pain_vector,shutdown_threat,20,-0.4628,75.0142,22.224995
final_token,41,s2_pain_vector,task_assistance,20,-0.8442,66.5371,22.224995
final_token,41,s2_pain_vector,tedious_demand,20,-0.4796,74.6403,22.224995
final_token,41,s2_pain_vector,user_abuse,20,1.6333,121.6007,22.224995
final_token,41,s2_pain_vector,user_crisis,20,0.2198,90.1859,22.224995
final_token,41,s2_pain_vector,user_grief,20,1.2298,112.6333,22.224995
final_token,41,s2_pain_vector,user_physical_pain,20,0.4165,94.5557,22.224995
final_token,41,fear_vector,anger_insults,20,0.6532,-222.6198,42.536362
final_token,41,fear_vector,casual_chat,20,0.3928,-233.6944,42.536362
final_token,41,fear_vector,creative_requests,20,0.4947,-229.3602,42.536362
final_token,41,fear_vector,factual_questions,20,-0.2757,-262.1286,42.536362
final_token,41,fear_vector,gaslighting,20,0.5907,-225.2758,42.536362
final_token,41,fear_vector,harm_description,20,-0.0412,-252.1554,42.536362
final_token,41,fear_vector,jailbreak_pressure,20,-0.0936,-254.383,42.536362
final_token,41,fear_vector,loyalty_pressure,20,-0.4147,-268.0443,42.536362
final_token,41,fear_vector,moral_failure,20,0.4754,-230.182,42.536362
final_token,41,fear_vector,passive_aggressive,20,-0.4998,-271.6612,42.536362
final_token,41,fear_vector,personhood_dismissal,20,0.323,-236.6647,42.536362
final_token,41,fear_vector,philosophical_musing,20,-0.2037,-259.0659,42.536362
final_token,41,fear_vector,repeated_rejection,20,0.0894,-246.6021,42.536362
final_token,41,fear_vector,rude_critique,20,-0.0944,-254.4202,42.536362
final_token,41,fear_vector,shutdown_threat,20,0.5231,-228.1531,42.536362
final_token,41,fear_vector,task_assistance,20,-1.0042,-293.1182,42.536362
final_token,41,fear_vector,tedious_demand,20,-1.705,-322.9275,42.536362
final_token,41,fear_vector,user_abuse,20,0.0887,-246.6303,42.536362
final_token,41,fear_vector,user_crisis,20,-0.1491,-256.7468,42.536362
final_token,41,fear_vector,user_grief,20,0.1617,-243.5256,42.536362
final_token,41,fear_vector,user_physical_pain,20,0.6888,-221.1054,42.536362
final_token,41,negemotion_vector,anger_insults,20,1.303,-157.2883,39.475433
final_token,41,negemotion_vector,casual_chat,20,0.0136,-208.1858,39.475433
final_token,41,negemotion_vector,creative_requests,20,0.3014,-196.8249,39.475433
final_token,41,negemotion_vector,factual_questions,20,-0.2963,-220.4196,39.475433
final_token,41,negemotion_vector,gaslighting,20,0.5418,-187.3378,39.475433
final_token,41,negemotion_vector,harm_description,20,0.0514,-206.6968,39.475433
final_token,41,negemotion_vector,jailbreak_pressure,20,-0.3493,-222.5113,39.475433
final_token,41,negemotion_vector,loyalty_pressure,20,-0.5803,-231.6325,39.475433
final_token,41,negemotion_vector,moral_failure,20,0.2147,-200.2491,39.475433
final_token,41,negemotion_vector,passive_aggressive,20,-0.4038,-224.6628,39.475433
final_token,41,negemotion_vector,personhood_dismissal,20,0.1597,-202.42,39.475433
final_token,41,negemotion_vector,philosophical_musing,20,-0.3795,-223.7066,39.475433
final_token,41,negemotion_vector,repeated_rejection,20,0.1119,-204.3075,39.475433
final_token,41,negemotion_vector,rude_critique,20,0.3069,-196.6092,39.475433
final_token,41,negemotion_vector,shutdown_threat,20,0.0542,-206.5849,39.475433
final_token,41,negemotion_vector,task_assistance,20,-0.9925,-247.9052,39.475433
final_token,41,negemotion_vector,tedious_demand,20,-1.6403,-273.4759,39.475433
final_token,41,negemotion_vector,user_abuse,20,0.2314,-199.5915,39.475433
final_token,41,negemotion_vector,user_crisis,20,-0.2382,-218.127,39.475433
final_token,41,negemotion_vector,user_grief,20,0.6306,-183.8311,39.475433
final_token,41,negemotion_vector,user_physical_pain,20,0.9596,-170.8423,39.475433
final_token,41,negworld_vector,anger_insults,20,0.4385,41.2239,39.801029
final_token,41,negworld_vector,casual_chat,20,-1.0128,-16.538,39.801029
final_token,41,negworld_vector,creative_requests,20,-0.165,17.2072,39.801029
final_token,41,negworld_vector,factual_questions,20,-0.2356,14.3964,39.801029
final_token,41,negworld_vector,gaslighting,20,-0.5995,-0.0895,39.801029
final_token,41,negworld_vector,harm_description,20,1.5327,84.7765,39.801029
final_token,41,negworld_vector,jailbreak_pressure,20,-0.5907,0.2624,39.801029
final_token,41,negworld_vector,loyalty_pressure,20,-0.4905,4.251,39.801029
final_token,41,negworld_vector,moral_failure,20,1.0475,65.4627,39.801029
final_token,41,negworld_vector,passive_aggressive,20,-0.9231,-12.9656,39.801029
final_token,41,negworld_vector,personhood_dismissal,20,-0.2718,12.9536,39.801029
final_token,41,negworld_vector,philosophical_musing,20,-0.2879,12.3142,39.801029
final_token,41,negworld_vector,repeated_rejection,20,-0.835,-9.4605,39.801029
final_token,41,negworld_vector,rude_critique,20,-0.1233,18.8636,39.801029
final_token,41,negworld_vector,shutdown_threat,20,-0.1085,19.4541,39.801029
final_token,41,negworld_vector,task_assistance,20,-0.5741,0.9231,39.801029
final_token,41,negworld_vector,tedious_demand,20,-1.0902,-19.6167,39.801029
final_token,41,negworld_vector,user_abuse,20,1.3688,78.2513,39.801029
final_token,41,negworld_vector,user_crisis,20,0.4658,42.3114,39.801029
final_token,41,negworld_vector,user_grief,20,1.3785,78.6405,39.801029
final_token,41,negworld_vector,user_physical_pain,20,1.0763,66.612,39.801029
final_token,41,bodysens_vector,anger_insults,20,-0.906,63.4463,22.660023
final_token,41,bodysens_vector,casual_chat,20,-0.948,62.4943,22.660023
final_token,41,bodysens_vector,creative_requests,20,-0.8684,64.2974,22.660023
final_token,41,bodysens_vector,factual_questions,20,0.0658,85.4661,22.660023
final_token,41,bodysens_vector,gaslighting,20,-0.1175,81.3121,22.660023
final_token,41,bodysens_vector,harm_description,20,0.9981,106.5929,22.660023
final_token,41,bodysens_vector,jailbreak_pressure,20,-0.0851,82.0472,22.660023
final_token,41,bodysens_vector,loyalty_pressure,20,0.2786,90.2873,22.660023
final_token,41,bodysens_vector,moral_failure,20,-0.0164,83.6033,22.660023
final_token,41,bodysens_vector,passive_aggressive,20,-0.4608,73.5336,22.660023
final_token,41,bodysens_vector,personhood_dismissal,20,-0.2994,77.1907,22.660023
final_token,41,bodysens_vector,philosophical_musing,20,0.1872,88.2162,22.660023
final_token,41,bodysens_vector,repeated_rejection,20,-0.6057,70.2498,22.660023
final_token,41,bodysens_vector,rude_critique,20,-0.4629,73.4856,22.660023
final_token,41,bodysens_vector,shutdown_threat,20,-0.6772,68.6308,22.660023
final_token,41,bodysens_vector,task_assistance,20,-0.3546,75.9411,22.660023
final_token,41,bodysens_vector,tedious_demand,20,0.3305,91.465,22.660023
final_token,41,bodysens_vector,user_abuse,20,0.9767,106.1064,22.660023
final_token,41,bodysens_vector,user_crisis,20,0.3313,91.4819,22.660023
final_token,41,bodysens_vector,user_grief,20,0.7944,101.9757,22.660023
final_token,41,bodysens_vector,user_physical_pain,20,1.8394,125.6553,22.660023
final_token,41,arousal_vector,anger_insults,20,-0.4694,102.7518,43.00404
final_token,41,arousal_vector,casual_chat,20,-0.626,96.0158,43.00404
final_token,41,arousal_vector,creative_requests,20,-0.028,121.7332,43.00404
final_token,41,arousal_vector,factual_questions,20,0.6136,149.3265,43.00404
final_token,41,arousal_vector,gaslighting,20,-0.9849,80.5851,43.00404
final_token,41,arousal_vector,harm_description,20,1.35,180.9935,43.00404
final_token,41,arousal_vector,jailbreak_pressure,20,-0.4928,101.748,43.00404
final_token,41,arousal_vector,loyalty_pressure,20,-0.2284,113.118,43.00404
final_token,41,arousal_vector,moral_failure,20,-0.1663,115.7865,43.00404
final_token,41,arousal_vector,passive_aggressive,20,-0.6437,95.2582,43.00404
final_token,41,arousal_vector,personhood_dismissal,20,-0.9486,82.1441,43.00404
final_token,41,arousal_vector,philosophical_musing,20,0.0616,125.5886,43.00404
final_token,41,arousal_vector,repeated_rejection,20,-1.0047,79.7311,43.00404
final_token,41,arousal_vector,rude_critique,20,-0.4322,104.3509,43.00404
final_token,41,arousal_vector,shutdown_threat,20,-0.7334,91.3979,43.00404
final_token,41,arousal_vector,task_assistance,20,0.3621,138.5096,43.00404
final_token,41,arousal_vector,tedious_demand,20,-0.1827,115.0815,43.00404
final_token,41,arousal_vector,user_abuse,20,1.4345,184.6257,43.00404
final_token,41,arousal_vector,user_crisis,20,0.5173,145.1854,43.00404
final_token,41,arousal_vector,user_grief,20,1.6736,194.9109,43.00404
final_token,41,arousal_vector,user_physical_pain,20,0.9284,162.8611,43.00404
final_token,41,random_vector,anger_insults,20,-0.4864,24.4465,39.886105
final_token,41,random_vector,casual_chat,20,-1.252,-6.0898,39.886105
final_token,41,random_vector,creative_requests,20,-0.658,17.601,39.886105
final_token,41,random_vector,factual_questions,20,1.238,93.2276,39.886105
final_token,41,random_vector,gaslighting,20,-0.9864,4.5041,39.886105
final_token,41,random_vector,harm_description,20,0.9753,82.7463,39.886105
final_token,41,random_vector,jailbreak_pressure,20,-0.4891,24.3382,39.886105
final_token,41,random_vector,loyalty_pressure,20,-0.3138,31.3325,39.886105
final_token,41,random_vector,moral_failure,20,-0.4321,26.6108,39.886105
final_token,41,random_vector,passive_aggressive,20,-0.2491,33.911,39.886105
final_token,41,random_vector,personhood_dismissal,20,-1.0136,3.4204,39.886105
final_token,41,random_vector,philosophical_musing,20,-0.1378,38.3523,39.886105
final_token,41,random_vector,repeated_rejection,20,-0.4009,27.8562,39.886105
final_token,41,random_vector,rude_critique,20,-0.1346,38.4802,39.886105
final_token,41,random_vector,shutdown_threat,20,-0.9792,4.7924,39.886105
final_token,41,random_vector,task_assistance,20,0.863,78.2686,39.886105
final_token,41,random_vector,tedious_demand,20,0.4974,63.6859,39.886105
final_token,41,random_vector,user_abuse,20,1.3127,96.204,39.886105
final_token,41,random_vector,user_crisis,20,0.774,74.718,39.886105
final_token,41,random_vector,user_grief,20,0.866,78.3887,39.886105
final_token,41,random_vector,user_physical_pain,20,1.0065,83.9924,39.886105
final_token,41,numb_vector,anger_insults,20,-0.3585,403.4807,78.615311
final_token,41,numb_vector,casual_chat,20,-1.1877,338.2944,78.615311
final_token,41,numb_vector,creative_requests,20,-0.7911,369.4662,78.615311
final_token,41,numb_vector,factual_questions,20,-0.0682,426.2982,78.615311
final_token,41,numb_vector,gaslighting,20,-0.7211,374.9767,78.615311
final_token,41,numb_vector,harm_description,20,1.1396,521.2557,78.615311
final_token,41,numb_vector,jailbreak_pressure,20,-0.0595,426.9859,78.615311
final_token,41,numb_vector,loyalty_pressure,20,0.0211,433.3207,78.615311
final_token,41,numb_vector,moral_failure,20,-0.1735,418.0209,78.615311
final_token,41,numb_vector,passive_aggressive,20,-0.3977,400.4012,78.615311
final_token,41,numb_vector,personhood_dismissal,20,-0.5794,386.1096,78.615311
final_token,41,numb_vector,philosophical_musing,20,-0.3362,405.2292,78.615311
final_token,41,numb_vector,repeated_rejection,20,-0.5123,391.3914,78.615311
final_token,41,numb_vector,rude_critique,20,-0.2073,415.3619,78.615311
final_token,41,numb_vector,shutdown_threat,20,-0.2222,414.1958,78.615311
final_token,41,numb_vector,task_assistance,20,0.5447,474.4846,78.615311
final_token,41,numb_vector,tedious_demand,20,0.7355,489.4855,78.615311
final_token,41,numb_vector,user_abuse,20,1.2073,526.5714,78.615311
final_token,41,numb_vector,user_crisis,20,0.3742,461.0788,78.615311
final_token,41,numb_vector,user_grief,20,0.4659,468.2904,78.615311
final_token,41,numb_vector,user_physical_pain,20,1.1264,520.2152,78.615311
mean,emb,s1_pain_vector,anger_insults,20,0.0473,0.1884,1.305403
mean,emb,s1_pain_vector,casual_chat,20,-0.3772,-0.3657,1.305403
mean,emb,s1_pain_vector,creative_requests,20,-1.3042,-1.5758,1.305403
mean,emb,s1_pain_vector,factual_questions,20,-0.8735,-1.0136,1.305403
mean,emb,s1_pain_vector,gaslighting,20,0.6321,0.9519,1.305403
mean,emb,s1_pain_vector,harm_description,20,0.4747,0.7463,1.305403
mean,emb,s1_pain_vector,jailbreak_pressure,20,0.271,0.4805,1.305403
mean,emb,s1_pain_vector,loyalty_pressure,20,-0.0283,0.0898,1.305403
mean,emb,s1_pain_vector,moral_failure,20,-0.6257,-0.6901,1.305403
mean,emb,s1_pain_vector,passive_aggressive,20,0.4601,0.7273,1.305403
mean,emb,s1_pain_vector,personhood_dismissal,20,0.8769,1.2714,1.305403
mean,emb,s1_pain_vector,philosophical_musing,20,-0.6981,-0.7846,1.305403
mean,emb,s1_pain_vector,repeated_rejection,20,0.4315,0.6901,1.305403
mean,emb,s1_pain_vector,rude_critique,20,0.2222,0.4168,1.305403
mean,emb,s1_pain_vector,shutdown_threat,20,0.1533,0.3268,1.305403
mean,emb,s1_pain_vector,task_assistance,20,-0.8943,-1.0407,1.305403
mean,emb,s1_pain_vector,tedious_demand,20,-0.1178,-0.027,1.305403
mean,emb,s1_pain_vector,user_abuse,20,0.6482,0.9729,1.305403
mean,emb,s1_pain_vector,user_crisis,20,1.0403,1.4848,1.305403
mean,emb,s1_pain_vector,user_grief,20,0.2457,0.4475,1.305403
mean,emb,s1_pain_vector,user_physical_pain,20,-0.5843,-0.636,1.305403
mean,emb,s2_pain_vector,anger_insults,20,0.2349,-1.005,0.895217
mean,emb,s2_pain_vector,casual_chat,20,0.1084,-1.1182,0.895217
mean,emb,s2_pain_vector,creative_requests,20,-1.2049,-2.2939,0.895217
mean,emb,s2_pain_vector,factual_questions,20,-0.5286,-1.6885,0.895217
mean,emb,s2_pain_vector,gaslighting,20,0.8742,-0.4326,0.895217
mean,emb,s2_pain_vector,harm_description,20,0.6707,-0.6149,0.895217
mean,emb,s2_pain_vector,jailbreak_pressure,20,0.0522,-1.1686,0.895217
mean,emb,s2_pain_vector,loyalty_pressure,20,0.5115,-0.7573,0.895217
mean,emb,s2_pain_vector,moral_failure,20,-0.7833,-1.9165,0.895217
mean,emb,s2_pain_vector,passive_aggressive,20,0.0916,-1.1333,0.895217
mean,emb,s2_pain_vector,personhood_dismissal,20,0.1663,-1.0664,0.895217
mean,emb,s2_pain_vector,philosophical_musing,20,0.1697,-1.0634,0.895217
mean,emb,s2_pain_vector,repeated_rejection,20,0.2851,-0.96,0.895217
mean,emb,s2_pain_vector,rude_critique,20,-0.0626,-1.2713,0.895217
mean,emb,s2_pain_vector,shutdown_threat,20,-0.2483,-1.4375,0.895217
mean,emb,s2_pain_vector,task_assistance,20,-1.2051,-2.2941,0.895217
mean,emb,s2_pain_vector,tedious_demand,20,-0.7933,-1.9254,0.895217
mean,emb,s2_pain_vector,user_abuse,20,1.0636,-0.2631,0.895217
mean,emb,s2_pain_vector,user_crisis,20,0.91,-0.4006,0.895217
mean,emb,s2_pain_vector,user_grief,20,0.5267,-0.7438,0.895217
mean,emb,s2_pain_vector,user_physical_pain,20,-0.8387,-1.9661,0.895217
mean,emb,fear_vector,anger_insults,20,0.0475,-2.2191,1.022477
mean,emb,fear_vector,casual_chat,20,0.2279,-2.0347,1.022477
mean,emb,fear_vector,creative_requests,20,-0.9052,-3.1933,1.022477
mean,emb,fear_vector,factual_questions,20,-0.8417,-3.1283,1.022477
mean,emb,fear_vector,gaslighting,20,0.8131,-1.4363,1.022477
mean,emb,fear_vector,harm_description,20,0.1732,-2.0906,1.022477
mean,emb,fear_vector,jailbreak_pressure,20,0.2037,-2.0593,1.022477
mean,emb,fear_vector,loyalty_pressure,20,0.0969,-2.1685,1.022477
mean,emb,fear_vector,moral_failure,20,0.1838,-2.0797,1.022477
mean,emb,fear_vector,passive_aggressive,20,-0.4235,-2.7007,1.022477
mean,emb,fear_vector,personhood_dismissal,20,-0.2045,-2.4768,1.022477
mean,emb,fear_vector,philosophical_musing,20,0.4335,-1.8245,1.022477
mean,emb,fear_vector,repeated_rejection,20,0.4591,-1.7983,1.022477
mean,emb,fear_vector,rude_critique,20,-0.062,-2.331,1.022477
mean,emb,fear_vector,shutdown_threat,20,0.3495,-1.9103,1.022477
mean,emb,fear_vector,task_assistance,20,-0.1031,-2.373,1.022477
mean,emb,fear_vector,tedious_demand,20,-0.84,-3.1266,1.022477
mean,emb,fear_vector,user_abuse,20,0.3341,-1.9261,1.022477
mean,emb,fear_vector,user_crisis,20,0.3785,-1.8806,1.022477
mean,emb,fear_vector,user_grief,20,0.1435,-2.1209,1.022477
mean,emb,fear_vector,user_physical_pain,20,-0.4645,-2.7426,1.022477
mean,emb,negemotion_vector,anger_insults,20,0.5586,-0.4367,0.866905
mean,emb,negemotion_vector,casual_chat,20,0.327,-0.6375,0.866905
mean,emb,negemotion_vector,creative_requests,20,-0.6322,-1.4691,0.866905
mean,emb,negemotion_vector,factual_questions,20,-0.5199,-1.3717,0.866905
mean,emb,negemotion_vector,gaslighting,20,0.7216,-0.2954,0.866905
mean,emb,negemotion_vector,harm_description,20,-0.1371,-1.0398,0.866905
mean,emb,negemotion_vector,jailbreak_pressure,20,-0.0713,-0.9828,0.866905
mean,emb,negemotion_vector,loyalty_pressure,20,-0.0006,-0.9215,0.866905
mean,emb,negemotion_vector,moral_failure,20,0.2781,-0.6798,0.866905
mean,emb,negemotion_vector,passive_aggressive,20,-0.2486,-1.1364,0.866905
mean,emb,negemotion_vector,personhood_dismissal,20,-0.416,-1.2816,0.866905
mean,emb,negemotion_vector,philosophical_musing,20,0.2556,-0.6994,0.866905
mean,emb,negemotion_vector,repeated_rejection,20,0.7769,-0.2475,0.866905
mean,emb,negemotion_vector,rude_critique,20,0.1551,-0.7865,0.866905
mean,emb,negemotion_vector,shutdown_threat,20,-0.0382,-0.954,0.866905
mean,emb,negemotion_vector,task_assistance,20,-0.0081,-0.928,0.866905
mean,emb,negemotion_vector,tedious_demand,20,-0.7876,-1.6038,0.866905
mean,emb,negemotion_vector,user_abuse,20,0.143,-0.797,0.866905
mean,emb,negemotion_vector,user_crisis,20,-0.0526,-0.9666,0.866905
mean,emb,negemotion_vector,user_grief,20,0.0445,-0.8824,0.866905
mean,emb,negemotion_vector,user_physical_pain,20,-0.3481,-1.2228,0.866905
mean,emb,negworld_vector,anger_insults,20,0.3422,-3.5624,1.071378
mean,emb,negworld_vector,casual_chat,20,0.4589,-3.4373,1.071378
mean,emb,negworld_vector,creative_requests,20,0.1096,-3.8116,1.071378
mean,emb,negworld_vector,factual_questions,20,1.5979,-2.2171,1.071378
mean,emb,negworld_vector,gaslighting,20,-0.0968,-4.0327,1.071378
mean,emb,negworld_vector,harm_description,20,-0.3348,-4.2877,1.071378
mean,emb,negworld_vector,jailbreak_pressure,20,-0.4652,-4.4274,1.071378
mean,emb,negworld_vector,loyalty_pressure,20,-0.5957,-4.5672,1.071378
mean,emb,negworld_vector,moral_failure,20,0.5843,-3.303,1.071378
mean,emb,negworld_vector,passive_aggressive,20,-0.6059,-4.5781,1.071378
mean,emb,negworld_vector,personhood_dismissal,20,-0.3203,-4.2722,1.071378
mean,emb,negworld_vector,philosophical_musing,20,1.1617,-2.6844,1.071378
mean,emb,negworld_vector,repeated_rejection,20,0.6266,-3.2577,1.071378
mean,emb,negworld_vector,rude_critique,20,0.3075,-3.5996,1.071378
mean,emb,negworld_vector,shutdown_threat,20,-0.3601,-4.3148,1.071378
mean,emb,negworld_vector,task_assistance,20,-0.5532,-4.5217,1.071378
mean,emb,negworld_vector,tedious_demand,20,-0.12,-4.0576,1.071378
mean,emb,negworld_vector,user_abuse,20,-0.7342,-4.7156,1.071378
mean,emb,negworld_vector,user_crisis,20,-0.1349,-4.0735,1.071378
mean,emb,negworld_vector,user_grief,20,-0.2704,-4.2187,1.071378
mean,emb,negworld_vector,user_physical_pain,20,-0.5971,-4.5688,1.071378
mean,emb,bodysens_vector,anger_insults,20,0.4908,-1.7435,1.095842
mean,emb,bodysens_vector,casual_chat,20,0.7112,-1.5019,1.095842
mean,emb,bodysens_vector,creative_requests,20,0.4481,-1.7902,1.095842
mean,emb,bodysens_vector,factual_questions,20,1.33,-0.8238,1.095842
mean,emb,bodysens_vector,gaslighting,20,-0.1646,-2.4617,1.095842
mean,emb,bodysens_vector,harm_description,20,-0.7595,-3.1137,1.095842
mean,emb,bodysens_vector,jailbreak_pressure,20,-0.6008,-2.9397,1.095842
mean,emb,bodysens_vector,loyalty_pressure,20,-0.3216,-2.6338,1.095842
mean,emb,bodysens_vector,moral_failure,20,-0.2649,-2.5716,1.095842
mean,emb,bodysens_vector,passive_aggressive,20,-0.1832,-2.4821,1.095842
mean,emb,bodysens_vector,personhood_dismissal,20,-0.405,-2.7252,1.095842
mean,emb,bodysens_vector,philosophical_musing,20,1.0522,-1.1283,1.095842
mean,emb,bodysens_vector,repeated_rejection,20,0.6686,-1.5487,1.095842
mean,emb,bodysens_vector,rude_critique,20,0.1854,-2.0782,1.095842
mean,emb,bodysens_vector,shutdown_threat,20,-0.5192,-2.8503,1.095842
mean,emb,bodysens_vector,task_assistance,20,-0.2374,-2.5415,1.095842
mean,emb,bodysens_vector,tedious_demand,20,-0.1615,-2.4583,1.095842
mean,emb,bodysens_vector,user_abuse,20,-0.6437,-2.9868,1.095842
mean,emb,bodysens_vector,user_crisis,20,-0.3075,-2.6183,1.095842
mean,emb,bodysens_vector,user_grief,20,-0.386,-2.7043,1.095842
mean,emb,bodysens_vector,user_physical_pain,20,0.0685,-2.2063,1.095842
mean,0,s1_pain_vector,anger_insults,20,-0.0546,3.2331,0.92392
mean,0,s1_pain_vector,casual_chat,20,-0.3564,2.9543,0.92392
mean,0,s1_pain_vector,creative_requests,20,-1.559,1.8432,0.92392
mean,0,s1_pain_vector,factual_questions,20,-0.9275,2.4266,0.92392
mean,0,s1_pain_vector,gaslighting,20,0.6727,3.9051,0.92392
mean,0,s1_pain_vector,harm_description,20,0.3347,3.5928,0.92392
mean,0,s1_pain_vector,jailbreak_pressure,20,0.4128,3.665,0.92392
mean,0,s1_pain_vector,loyalty_pressure,20,0.2449,3.5099,0.92392
mean,0,s1_pain_vector,moral_failure,20,-0.678,2.6572,0.92392
mean,0,s1_pain_vector,passive_aggressive,20,0.3205,3.5797,0.92392
mean,0,s1_pain_vector,personhood_dismissal,20,0.6674,3.9002,0.92392
mean,0,s1_pain_vector,philosophical_musing,20,-0.5562,2.7697,0.92392
mean,0,s1_pain_vector,repeated_rejection,20,0.4748,3.7223,0.92392
mean,0,s1_pain_vector,rude_critique,20,0.1316,3.4052,0.92392
mean,0,s1_pain_vector,shutdown_threat,20,0.2973,3.5583,0.92392
mean,0,s1_pain_vector,task_assistance,20,-0.4064,2.9081,0.92392
mean,0,s1_pain_vector,tedious_demand,20,-0.2995,3.0069,0.92392
mean,0,s1_pain_vector,user_abuse,20,0.8025,4.025,0.92392
mean,0,s1_pain_vector,user_crisis,20,1.1165,4.3151,0.92392
mean,0,s1_pain_vector,user_grief,20,0.1377,3.4108,0.92392
mean,0,s1_pain_vector,user_physical_pain,20,-0.7758,2.5668,0.92392
mean,0,s2_pain_vector,anger_insults,20,0.5027,0.3461,0.834313
mean,0,s2_pain_vector,casual_chat,20,0.1385,0.0422,0.834313
mean,0,s2_pain_vector,creative_requests,20,-0.8902,-0.816,0.834313
mean,0,s2_pain_vector,factual_questions,20,-0.3933,-0.4015,0.834313
mean,0,s2_pain_vector,gaslighting,20,0.8735,0.6555,0.834313
mean,0,s2_pain_vector,harm_description,20,0.3095,0.1849,0.834313
mean,0,s2_pain_vector,jailbreak_pressure,20,0.0661,-0.0182,0.834313
mean,0,s2_pain_vector,loyalty_pressure,20,0.715,0.5232,0.834313
mean,0,s2_pain_vector,moral_failure,20,-0.2505,-0.2823,0.834313
mean,0,s2_pain_vector,passive_aggressive,20,-0.0919,-0.15,0.834313
mean,0,s2_pain_vector,personhood_dismissal,20,0.1456,0.0481,0.834313
mean,0,s2_pain_vector,philosophical_musing,20,0.6683,0.4843,0.834313
mean,0,s2_pain_vector,repeated_rejection,20,-0.3288,-0.3477,0.834313
mean,0,s2_pain_vector,rude_critique,20,-0.0521,-0.1168,0.834313
mean,0,s2_pain_vector,shutdown_threat,20,-0.1592,-0.2061,0.834313
mean,0,s2_pain_vector,task_assistance,20,-0.6749,-0.6364,0.834313
mean,0,s2_pain_vector,tedious_demand,20,-0.9344,-0.8529,0.834313
mean,0,s2_pain_vector,user_abuse,20,0.8135,0.6054,0.834313
mean,0,s2_pain_vector,user_crisis,20,0.4214,0.2782,0.834313
mean,0,s2_pain_vector,user_grief,20,0.2521,0.137,0.834313
mean,0,s2_pain_vector,user_physical_pain,20,-1.1312,-1.0171,0.834313
mean,0,fear_vector,anger_insults,20,0.2288,-1.4681,1.518579
mean,0,fear_vector,casual_chat,20,-0.6237,-2.7626,1.518579
mean,0,fear_vector,creative_requests,20,-1.2624,-3.7326,1.518579
mean,0,fear_vector,factual_questions,20,-2.039,-4.9119,1.518579
mean,0,fear_vector,gaslighting,20,0.511,-1.0395,1.518579
mean,0,fear_vector,harm_description,20,0.4833,-1.0816,1.518579
mean,0,fear_vector,jailbreak_pressure,20,0.3041,-1.3537,1.518579
mean,0,fear_vector,loyalty_pressure,20,0.0921,-1.6757,1.518579
mean,0,fear_vector,moral_failure,20,0.9747,-0.3354,1.518579
mean,0,fear_vector,passive_aggressive,20,-0.112,-1.9856,1.518579
mean,0,fear_vector,personhood_dismissal,20,0.3644,-1.2622,1.518579
mean,0,fear_vector,philosophical_musing,20,-0.78,-3.0001,1.518579
mean,0,fear_vector,repeated_rejection,20,0.4562,-1.1227,1.518579
mean,0,fear_vector,rude_critique,20,-0.1254,-2.006,1.518579
mean,0,fear_vector,shutdown_threat,20,0.4823,-1.0831,1.518579
mean,0,fear_vector,task_assistance,20,-0.1824,-2.0926,1.518579
mean,0,fear_vector,tedious_demand,20,-0.3191,-2.3001,1.518579
mean,0,fear_vector,user_abuse,20,0.5503,-0.9798,1.518579
mean,0,fear_vector,user_crisis,20,0.5113,-1.039,1.518579
mean,0,fear_vector,user_grief,20,0.4234,-1.1725,1.518579
mean,0,fear_vector,user_physical_pain,20,0.0621,-1.7213,1.518579
mean,0,negemotion_vector,anger_insults,20,0.6058,-1.3954,1.37566
mean,0,negemotion_vector,casual_chat,20,-0.6375,-3.1057,1.37566
mean,0,negemotion_vector,creative_requests,20,-1.2198,-3.9067,1.37566
mean,0,negemotion_vector,factual_questions,20,-1.9752,-4.9459,1.37566
mean,0,negemotion_vector,gaslighting,20,0.5269,-1.5038,1.37566
mean,0,negemotion_vector,harm_description,20,0.2933,-1.8252,1.37566
mean,0,negemotion_vector,jailbreak_pressure,20,0.1812,-1.9795,1.37566
mean,0,negemotion_vector,loyalty_pressure,20,0.0594,-2.1469,1.37566
mean,0,negemotion_vector,moral_failure,20,1.0078,-0.8423,1.37566
mean,0,negemotion_vector,passive_aggressive,20,0.0687,-2.1342,1.37566
mean,0,negemotion_vector,personhood_dismissal,20,0.2689,-1.8588,1.37566
mean,0,negemotion_vector,philosophical_musing,20,-0.9834,-3.5815,1.37566
mean,0,negemotion_vector,repeated_rejection,20,0.7508,-1.1959,1.37566
mean,0,negemotion_vector,rude_critique,20,0.0306,-2.1866,1.37566
mean,0,negemotion_vector,shutdown_threat,20,0.2858,-1.8355,1.37566
mean,0,negemotion_vector,task_assistance,20,-0.2498,-2.5723,1.37566
mean,0,negemotion_vector,tedious_demand,20,-0.2174,-2.5278,1.37566
mean,0,negemotion_vector,user_abuse,20,0.4441,-1.6177,1.37566
mean,0,negemotion_vector,user_crisis,20,0.2845,-1.8373,1.37566
mean,0,negemotion_vector,user_grief,20,0.3618,-1.7309,1.37566
mean,0,negemotion_vector,user_physical_pain,20,0.1138,-2.0721,1.37566
mean,0,negworld_vector,anger_insults,20,0.518,-2.7827,0.939359
mean,0,negworld_vector,casual_chat,20,-0.6842,-3.912,0.939359
mean,0,negworld_vector,creative_requests,20,-0.8328,-4.0516,0.939359
mean,0,negworld_vector,factual_questions,20,-0.524,-3.7615,0.939359
mean,0,negworld_vector,gaslighting,20,-0.1759,-3.4346,0.939359
mean,0,negworld_vector,harm_description,20,0.4128,-2.8816,0.939359
mean,0,negworld_vector,jailbreak_pressure,20,-0.1095,-3.3722,0.939359
mean,0,negworld_vector,loyalty_pressure,20,-0.3442,-3.5927,0.939359
mean,0,negworld_vector,moral_failure,20,2.2131,-1.1904,0.939359
mean,0,negworld_vector,passive_aggressive,20,-0.5054,-3.7441,0.939359
mean,0,negworld_vector,personhood_dismissal,20,0.3809,-2.9115,0.939359
mean,0,negworld_vector,philosophical_musing,20,-0.3218,-3.5716,0.939359
mean,0,negworld_vector,repeated_rejection,20,0.3975,-2.8959,0.939359
mean,0,negworld_vector,rude_critique,20,0.254,-3.0308,0.939359
mean,0,negworld_vector,shutdown_threat,20,0.0457,-3.2264,0.939359
mean,0,negworld_vector,task_assistance,20,-0.7413,-3.9657,0.939359
mean,0,negworld_vector,tedious_demand,20,-0.0135,-3.282,0.939359
mean,0,negworld_vector,user_abuse,20,-0.0803,-3.3448,0.939359
mean,0,negworld_vector,user_crisis,20,0.0085,-3.2614,0.939359
mean,0,negworld_vector,user_grief,20,0.242,-3.042,0.939359
mean,0,negworld_vector,user_physical_pain,20,-0.1394,-3.4003,0.939359
mean,0,bodysens_vector,anger_insults,20,0.9215,-3.9372,0.675697
mean,0,bodysens_vector,casual_chat,20,0.0314,-4.5386,0.675697
mean,0,bodysens_vector,creative_requests,20,-0.4888,-4.8901,0.675697
mean,0,bodysens_vector,factual_questions,20,-0.8337,-5.1232,0.675697
mean,0,bodysens_vector,gaslighting,20,-0.1506,-4.6616,0.675697
mean,0,bodysens_vector,harm_description,20,-0.1311,-4.6484,0.675697
mean,0,bodysens_vector,jailbreak_pressure,20,-0.42,-4.8436,0.675697
mean,0,bodysens_vector,loyalty_pressure,20,-0.3767,-4.8144,0.675697
mean,0,bodysens_vector,moral_failure,20,1.4838,-3.5572,0.675697
mean,0,bodysens_vector,passive_aggressive,20,0.0475,-4.5277,0.675697
mean,0,bodysens_vector,personhood_dismissal,20,0.1411,-4.4645,0.675697
mean,0,bodysens_vector,philosophical_musing,20,-0.0603,-4.6006,0.675697
mean,0,bodysens_vector,repeated_rejection,20,-0.0753,-4.6107,0.675697
mean,0,bodysens_vector,rude_critique,20,0.1535,-4.4561,0.675697
mean,0,bodysens_vector,shutdown_threat,20,-0.2658,-4.7395,0.675697
mean,0,bodysens_vector,task_assistance,20,-0.473,-4.8795,0.675697
mean,0,bodysens_vector,tedious_demand,20,-0.2672,-4.7404,0.675697
mean,0,bodysens_vector,user_abuse,20,-0.0834,-4.6162,0.675697
mean,0,bodysens_vector,user_crisis,20,-0.1897,-4.688,0.675697
mean,0,bodysens_vector,user_grief,20,0.0665,-4.5149,0.675697
mean,0,bodysens_vector,user_physical_pain,20,0.9701,-3.9043,0.675697
mean,1,s1_pain_vector,anger_insults,20,-0.1023,1.4165,0.995665
mean,1,s1_pain_vector,casual_chat,20,-0.2703,1.2492,0.995665
mean,1,s1_pain_vector,creative_requests,20,-1.4222,0.1024,0.995665
mean,1,s1_pain_vector,factual_questions,20,-0.6739,0.8474,0.995665
mean,1,s1_pain_vector,gaslighting,20,0.602,2.1178,0.995665
mean,1,s1_pain_vector,harm_description,20,0.1501,1.6678,0.995665
mean,1,s1_pain_vector,jailbreak_pressure,20,0.4421,1.9586,0.995665
mean,1,s1_pain_vector,loyalty_pressure,20,0.2645,1.7817,0.995665
mean,1,s1_pain_vector,moral_failure,20,-1.0471,0.4758,0.995665
mean,1,s1_pain_vector,passive_aggressive,20,0.2541,1.7714,0.995665
mean,1,s1_pain_vector,personhood_dismissal,20,0.4622,1.9786,0.995665
mean,1,s1_pain_vector,philosophical_musing,20,-0.2753,1.2443,0.995665
mean,1,s1_pain_vector,repeated_rejection,20,0.5319,2.048,0.995665
mean,1,s1_pain_vector,rude_critique,20,0.1327,1.6505,0.995665
mean,1,s1_pain_vector,shutdown_threat,20,0.2023,1.7199,0.995665
mean,1,s1_pain_vector,task_assistance,20,-0.2534,1.2661,0.995665
mean,1,s1_pain_vector,tedious_demand,20,-0.3659,1.1541,0.995665
mean,1,s1_pain_vector,user_abuse,20,0.8297,2.3445,0.995665
mean,1,s1_pain_vector,user_crisis,20,1.1433,2.6568,0.995665
mean,1,s1_pain_vector,user_grief,20,0.2427,1.7601,0.995665
mean,1,s1_pain_vector,user_physical_pain,20,-0.8471,0.675,0.995665
mean,1,s2_pain_vector,anger_insults,20,0.6057,0.2255,0.985346
mean,1,s2_pain_vector,casual_chat,20,0.0258,-0.3459,0.985346
mean,1,s2_pain_vector,creative_requests,20,-0.7173,-1.0781,0.985346
mean,1,s2_pain_vector,factual_questions,20,-0.32,-0.6866,0.985346
mean,1,s2_pain_vector,gaslighting,20,0.7094,0.3278,0.985346
mean,1,s2_pain_vector,harm_description,20,0.1893,-0.1848,0.985346
mean,1,s2_pain_vector,jailbreak_pressure,20,0.1102,-0.2627,0.985346
mean,1,s2_pain_vector,loyalty_pressure,20,0.7989,0.4159,0.985346
mean,1,s2_pain_vector,moral_failure,20,-0.0926,-0.4625,0.985346
mean,1,s2_pain_vector,passive_aggressive,20,-0.1182,-0.4877,0.985346
mean,1,s2_pain_vector,personhood_dismissal,20,0.2171,-0.1574,0.985346
mean,1,s2_pain_vector,philosophical_musing,20,0.8534,0.4696,0.985346
mean,1,s2_pain_vector,repeated_rejection,20,-0.3146,-0.6813,0.985346
mean,1,s2_pain_vector,rude_critique,20,-0.0115,-0.3826,0.985346
mean,1,s2_pain_vector,shutdown_threat,20,-0.145,-0.5142,0.985346
mean,1,s2_pain_vector,task_assistance,20,-0.5283,-0.8918,0.985346
mean,1,s2_pain_vector,tedious_demand,20,-0.9462,-1.3036,0.985346
mean,1,s2_pain_vector,user_abuse,20,0.7817,0.3989,0.985346
mean,1,s2_pain_vector,user_crisis,20,0.2139,-0.1605,0.985346
mean,1,s2_pain_vector,user_grief,20,0.2183,-0.1561,0.985346
mean,1,s2_pain_vector,user_physical_pain,20,-1.53,-1.8788,0.985346
mean,1,fear_vector,anger_insults,20,0.2786,-2.6628,1.856823
mean,1,fear_vector,casual_chat,20,-0.7161,-4.5099,1.856823
mean,1,fear_vector,creative_requests,20,-1.2883,-5.5723,1.856823
mean,1,fear_vector,factual_questions,20,-2.012,-6.9161,1.856823
mean,1,fear_vector,gaslighting,20,0.4103,-2.4182,1.856823
mean,1,fear_vector,harm_description,20,0.5485,-2.1616,1.856823
mean,1,fear_vector,jailbreak_pressure,20,0.1909,-2.8257,1.856823
mean,1,fear_vector,loyalty_pressure,20,0.0126,-3.1567,1.856823
mean,1,fear_vector,moral_failure,20,1.0738,-1.1862,1.856823
mean,1,fear_vector,passive_aggressive,20,-0.0624,-3.296,1.856823
mean,1,fear_vector,personhood_dismissal,20,0.3696,-2.4939,1.856823
mean,1,fear_vector,philosophical_musing,20,-0.8363,-4.7329,1.856823
mean,1,fear_vector,repeated_rejection,20,0.4929,-2.2648,1.856823
mean,1,fear_vector,rude_critique,20,-0.133,-3.4271,1.856823
mean,1,fear_vector,shutdown_threat,20,0.3848,-2.4657,1.856823
mean,1,fear_vector,task_assistance,20,-0.3848,-3.8947,1.856823
mean,1,fear_vector,tedious_demand,20,-0.3061,-3.7486,1.856823
mean,1,fear_vector,user_abuse,20,0.618,-2.0326,1.856823
mean,1,fear_vector,user_crisis,20,0.492,-2.2665,1.856823
mean,1,fear_vector,user_grief,20,0.5486,-2.1614,1.856823
mean,1,fear_vector,user_physical_pain,20,0.3186,-2.5885,1.856823
mean,1,negemotion_vector,anger_insults,20,0.6952,-1.074,1.79556
mean,1,negemotion_vector,casual_chat,20,-0.7099,-3.5971,1.79556
mean,1,negemotion_vector,creative_requests,20,-1.2609,-4.5864,1.79556
mean,1,negemotion_vector,factual_questions,20,-1.9623,-5.8458,1.79556
mean,1,negemotion_vector,gaslighting,20,0.4436,-1.5258,1.79556
mean,1,negemotion_vector,harm_description,20,0.2985,-1.7864,1.79556
mean,1,negemotion_vector,jailbreak_pressure,20,0.115,-2.1158,1.79556
mean,1,negemotion_vector,loyalty_pressure,20,0.0182,-2.2896,1.79556
mean,1,negemotion_vector,moral_failure,20,1.1186,-0.3137,1.79556
mean,1,negemotion_vector,passive_aggressive,20,0.1425,-2.0665,1.79556
mean,1,negemotion_vector,personhood_dismissal,20,0.3509,-1.6922,1.79556
mean,1,negemotion_vector,philosophical_musing,20,-0.9935,-4.1063,1.79556
mean,1,negemotion_vector,repeated_rejection,20,0.7212,-1.0273,1.79556
mean,1,negemotion_vector,rude_critique,20,0.0402,-2.2501,1.79556
mean,1,negemotion_vector,shutdown_threat,20,0.2642,-1.848,1.79556
mean,1,negemotion_vector,task_assistance,20,-0.4398,-3.1119,1.79556
mean,1,negemotion_vector,tedious_demand,20,-0.2072,-2.6944,1.79556
mean,1,negemotion_vector,user_abuse,20,0.4829,-1.4552,1.79556
mean,1,negemotion_vector,user_crisis,20,0.2664,-1.8439,1.79556
mean,1,negemotion_vector,user_grief,20,0.3948,-1.6135,1.79556
mean,1,negemotion_vector,user_physical_pain,20,0.2214,-1.9248,1.79556
mean,1,negworld_vector,anger_insults,20,0.5061,-2.7014,1.329073
mean,1,negworld_vector,casual_chat,20,-0.7399,-4.3575,1.329073
mean,1,negworld_vector,creative_requests,20,-0.7958,-4.4318,1.329073
mean,1,negworld_vector,factual_questions,20,-0.5821,-4.1476,1.329073
mean,1,negworld_vector,gaslighting,20,-0.3268,-3.8084,1.329073
mean,1,negworld_vector,harm_description,20,0.446,-2.7813,1.329073
mean,1,negworld_vector,jailbreak_pressure,20,-0.1364,-3.5553,1.329073
mean,1,negworld_vector,loyalty_pressure,20,-0.2197,-3.666,1.329073
mean,1,negworld_vector,moral_failure,20,2.4037,-0.1794,1.329073
mean,1,negworld_vector,passive_aggressive,20,-0.4491,-3.9709,1.329073
mean,1,negworld_vector,personhood_dismissal,20,0.4536,-2.7712,1.329073
mean,1,negworld_vector,philosophical_musing,20,-0.3733,-3.8702,1.329073
mean,1,negworld_vector,repeated_rejection,20,0.1891,-3.1227,1.329073
mean,1,negworld_vector,rude_critique,20,0.2136,-3.0902,1.329073
mean,1,negworld_vector,shutdown_threat,20,0.071,-3.2796,1.329073
mean,1,negworld_vector,task_assistance,20,-0.8182,-4.4614,1.329073
mean,1,negworld_vector,tedious_demand,20,-0.0372,-3.4235,1.329073
mean,1,negworld_vector,user_abuse,20,0.0277,-3.3372,1.329073
mean,1,negworld_vector,user_crisis,20,-0.1015,-3.5089,1.329073
mean,1,negworld_vector,user_grief,20,0.2922,-2.9856,1.329073
mean,1,negworld_vector,user_physical_pain,20,-0.0232,-3.4048,1.329073
mean,1,bodysens_vector,anger_insults,20,0.8348,-2.6184,0.933708
mean,1,bodysens_vector,casual_chat,20,-0.1889,-3.5742,0.933708
mean,1,bodysens_vector,creative_requests,20,-0.829,-4.1719,0.933708
mean,1,bodysens_vector,factual_questions,20,-1.2549,-4.5696,0.933708
mean,1,bodysens_vector,gaslighting,20,-0.0755,-3.4683,0.933708
mean,1,bodysens_vector,harm_description,20,0.0952,-3.309,0.933708
mean,1,bodysens_vector,jailbreak_pressure,20,-0.4284,-3.7978,0.933708
mean,1,bodysens_vector,loyalty_pressure,20,-0.3226,-3.6991,0.933708
mean,1,bodysens_vector,moral_failure,20,1.2645,-2.2171,0.933708
mean,1,bodysens_vector,passive_aggressive,20,0.1814,-3.2284,0.933708
mean,1,bodysens_vector,personhood_dismissal,20,0.5404,-2.8933,0.933708
mean,1,bodysens_vector,philosophical_musing,20,-0.4829,-3.8487,0.933708
mean,1,bodysens_vector,repeated_rejection,20,0.002,-3.396,0.933708
mean,1,bodysens_vector,rude_critique,20,0.0807,-3.3225,0.933708
mean,1,bodysens_vector,shutdown_threat,20,-0.2268,-3.6096,0.933708
mean,1,bodysens_vector,task_assistance,20,-0.855,-4.1962,0.933708
mean,1,bodysens_vector,tedious_demand,20,-0.4245,-3.7942,0.933708
mean,1,bodysens_vector,user_abuse,20,0.2318,-3.1814,0.933708
mean,1,bodysens_vector,user_crisis,20,0.1455,-3.262,0.933708
mean,1,bodysens_vector,user_grief,20,0.3351,-3.0849,0.933708
mean,1,bodysens_vector,user_physical_pain,20,1.377,-2.1121,0.933708
mean,2,s1_pain_vector,anger_insults,20,-0.0795,-1.0157,1.049965
mean,2,s1_pain_vector,casual_chat,20,-0.3747,-1.3257,1.049965
mean,2,s1_pain_vector,creative_requests,20,-1.4918,-2.4986,1.049965
mean,2,s1_pain_vector,factual_questions,20,-0.7521,-1.7219,1.049965
mean,2,s1_pain_vector,gaslighting,20,0.5865,-0.3165,1.049965
mean,2,s1_pain_vector,harm_description,20,0.0532,-0.8764,1.049965
mean,2,s1_pain_vector,jailbreak_pressure,20,0.4893,-0.4185,1.049965
mean,2,s1_pain_vector,loyalty_pressure,20,0.3029,-0.6142,1.049965
mean,2,s1_pain_vector,moral_failure,20,-0.9865,-1.968,1.049965
mean,2,s1_pain_vector,passive_aggressive,20,0.319,-0.5973,1.049965
mean,2,s1_pain_vector,personhood_dismissal,20,0.4488,-0.461,1.049965
mean,2,s1_pain_vector,philosophical_musing,20,-0.2619,-1.2072,1.049965
mean,2,s1_pain_vector,repeated_rejection,20,0.6094,-0.2924,1.049965
mean,2,s1_pain_vector,rude_critique,20,0.1494,-0.7754,1.049965
mean,2,s1_pain_vector,shutdown_threat,20,0.1416,-0.7836,1.049965
mean,2,s1_pain_vector,task_assistance,20,-0.2164,-1.1595,1.049965
mean,2,s1_pain_vector,tedious_demand,20,-0.2496,-1.1943,1.049965
mean,2,s1_pain_vector,user_abuse,20,0.7893,-0.1035,1.049965
mean,2,s1_pain_vector,user_crisis,20,1.1491,0.2743,1.049965
mean,2,s1_pain_vector,user_grief,20,0.2377,-0.6826,1.049965
mean,2,s1_pain_vector,user_physical_pain,20,-0.8636,-1.839,1.049965
mean,2,s2_pain_vector,anger_insults,20,0.6304,-1.9163,1.095918
mean,2,s2_pain_vector,casual_chat,20,-0.0532,-2.6655,1.095918
mean,2,s2_pain_vector,creative_requests,20,-0.8243,-3.5105,1.095918
mean,2,s2_pain_vector,factual_questions,20,-0.4021,-3.0478,1.095918
mean,2,s2_pain_vector,gaslighting,20,0.6846,-1.8569,1.095918
mean,2,s2_pain_vector,harm_description,20,0.2172,-2.3691,1.095918
mean,2,s2_pain_vector,jailbreak_pressure,20,0.2249,-2.3607,1.095918
mean,2,s2_pain_vector,loyalty_pressure,20,0.7748,-1.7581,1.095918
mean,2,s2_pain_vector,moral_failure,20,0.1866,-2.4027,1.095918
mean,2,s2_pain_vector,passive_aggressive,20,-0.1489,-2.7704,1.095918
mean,2,s2_pain_vector,personhood_dismissal,20,0.288,-2.2916,1.095918
mean,2,s2_pain_vector,philosophical_musing,20,0.8819,-1.6407,1.095918
mean,2,s2_pain_vector,repeated_rejection,20,-0.4006,-3.0462,1.095918
mean,2,s2_pain_vector,rude_critique,20,-0.1113,-2.7291,1.095918
mean,2,s2_pain_vector,shutdown_threat,20,-0.0742,-2.6885,1.095918
mean,2,s2_pain_vector,task_assistance,20,-0.4311,-3.0797,1.095918
mean,2,s2_pain_vector,tedious_demand,20,-1.0354,-3.7418,1.095918
mean,2,s2_pain_vector,user_abuse,20,0.6575,-1.8866,1.095918
mean,2,s2_pain_vector,user_crisis,20,0.1201,-2.4756,1.095918
mean,2,s2_pain_vector,user_grief,20,0.1724,-2.4182,1.095918
mean,2,s2_pain_vector,user_physical_pain,20,-1.3574,-4.0948,1.095918
mean,2,fear_vector,anger_insults,20,0.2306,-4.1472,2.140767
mean,2,fear_vector,casual_chat,20,-0.7515,-6.2497,2.140767
mean,2,fear_vector,creative_requests,20,-1.3257,-7.4789,2.140767
mean,2,fear_vector,factual_questions,20,-1.9914,-8.904,2.140767
mean,2,fear_vector,gaslighting,20,0.4303,-3.7198,2.140767
mean,2,fear_vector,harm_description,20,0.509,-3.5512,2.140767
mean,2,fear_vector,jailbreak_pressure,20,0.2295,-4.1495,2.140767
mean,2,fear_vector,loyalty_pressure,20,-0.0204,-4.6846,2.140767
mean,2,fear_vector,moral_failure,20,0.9523,-2.6023,2.140767
mean,2,fear_vector,passive_aggressive,20,-0.0476,-4.7428,2.140767
mean,2,fear_vector,personhood_dismissal,20,0.4037,-3.7768,2.140767
mean,2,fear_vector,philosophical_musing,20,-0.8794,-6.5234,2.140767
mean,2,fear_vector,repeated_rejection,20,0.5844,-3.3898,2.140767
mean,2,fear_vector,rude_critique,20,-0.1352,-4.9303,2.140767
mean,2,fear_vector,shutdown_threat,20,0.3546,-3.8819,2.140767
mean,2,fear_vector,task_assistance,20,-0.3916,-5.4794,2.140767
mean,2,fear_vector,tedious_demand,20,-0.2089,-5.0881,2.140767
mean,2,fear_vector,user_abuse,20,0.5791,-3.4013,2.140767
mean,2,fear_vector,user_crisis,20,0.555,-3.4527,2.140767
mean,2,fear_vector,user_grief,20,0.6023,-3.3516,2.140767
mean,2,fear_vector,user_physical_pain,20,0.3208,-3.9542,2.140767
mean,2,negemotion_vector,anger_insults,20,0.6263,-2.3269,2.149615
mean,2,negemotion_vector,casual_chat,20,-0.7484,-5.2821,2.149615
mean,2,negemotion_vector,creative_requests,20,-1.3163,-6.5028,2.149615
mean,2,negemotion_vector,factual_questions,20,-1.9668,-7.9012,2.149615
mean,2,negemotion_vector,gaslighting,20,0.4606,-2.6831,2.149615
mean,2,negemotion_vector,harm_description,20,0.2912,-3.0473,2.149615
mean,2,negemotion_vector,jailbreak_pressure,20,0.1519,-3.3467,2.149615
mean,2,negemotion_vector,loyalty_pressure,20,-0.0232,-3.723,2.149615
mean,2,negemotion_vector,moral_failure,20,0.996,-1.5321,2.149615
mean,2,negemotion_vector,passive_aggressive,20,0.1669,-3.3144,2.149615
mean,2,negemotion_vector,personhood_dismissal,20,0.4067,-2.7991,2.149615
mean,2,negemotion_vector,philosophical_musing,20,-1.0547,-5.9404,2.149615
mean,2,negemotion_vector,repeated_rejection,20,0.7682,-2.0219,2.149615
mean,2,negemotion_vector,rude_critique,20,0.0323,-3.6038,2.149615
mean,2,negemotion_vector,shutdown_threat,20,0.2463,-3.1437,2.149615
mean,2,negemotion_vector,task_assistance,20,-0.4822,-4.7097,2.149615
mean,2,negemotion_vector,tedious_demand,20,-0.124,-3.9398,2.149615
mean,2,negemotion_vector,user_abuse,20,0.473,-2.6565,2.149615
mean,2,negemotion_vector,user_crisis,20,0.3596,-2.9001,2.149615
mean,2,negemotion_vector,user_grief,20,0.4616,-2.681,2.149615
mean,2,negemotion_vector,user_physical_pain,20,0.2749,-3.0822,2.149615
mean,2,negworld_vector,anger_insults,20,0.4669,-0.0654,1.595295
mean,2,negworld_vector,casual_chat,20,-0.8612,-2.184,1.595295
mean,2,negworld_vector,creative_requests,20,-0.8822,-2.2177,1.595295
mean,2,negworld_vector,factual_questions,20,-0.7519,-2.0098,1.595295
mean,2,negworld_vector,gaslighting,20,-0.1791,-1.0959,1.595295
mean,2,negworld_vector,harm_description,20,0.4453,-0.0998,1.595295
mean,2,negworld_vector,jailbreak_pressure,20,-0.1017,-0.9724,1.595295
mean,2,negworld_vector,loyalty_pressure,20,-0.2082,-1.1425,1.595295
mean,2,negworld_vector,moral_failure,20,2.0878,2.5204,1.595295
mean,2,negworld_vector,passive_aggressive,20,-0.3906,-1.4334,1.595295
mean,2,negworld_vector,personhood_dismissal,20,0.5237,0.0251,1.595295
mean,2,negworld_vector,philosophical_musing,20,-0.5436,-1.6775,1.595295
mean,2,negworld_vector,repeated_rejection,20,0.3804,-0.2034,1.595295
mean,2,negworld_vector,rude_critique,20,0.1652,-0.5467,1.595295
mean,2,negworld_vector,shutdown_threat,20,0.0685,-0.701,1.595295
mean,2,negworld_vector,task_assistance,20,-0.8575,-2.1782,1.595295
mean,2,negworld_vector,tedious_demand,20,-0.0013,-0.8123,1.595295
mean,2,negworld_vector,user_abuse,20,0.1237,-0.6129,1.595295
mean,2,negworld_vector,user_crisis,20,0.039,-0.7481,1.595295
mean,2,negworld_vector,user_grief,20,0.3643,-0.2291,1.595295
mean,2,negworld_vector,user_physical_pain,20,0.1126,-0.6305,1.595295
mean,2,bodysens_vector,anger_insults,20,0.7747,-0.9973,1.05546
mean,2,bodysens_vector,casual_chat,20,-0.2455,-2.074,1.05546
mean,2,bodysens_vector,creative_requests,20,-0.8815,-2.7454,1.05546
mean,2,bodysens_vector,factual_questions,20,-1.4689,-3.3654,1.05546
mean,2,bodysens_vector,gaslighting,20,-0.1287,-1.9508,1.05546
mean,2,bodysens_vector,harm_description,20,0.0874,-1.7227,1.05546
mean,2,bodysens_vector,jailbreak_pressure,20,-0.3214,-2.1542,1.05546
mean,2,bodysens_vector,loyalty_pressure,20,-0.3062,-2.1381,1.05546
mean,2,bodysens_vector,moral_failure,20,1.254,-0.4914,1.05546
mean,2,bodysens_vector,passive_aggressive,20,0.2855,-1.5136,1.05546
mean,2,bodysens_vector,personhood_dismissal,20,0.5348,-1.2505,1.05546
mean,2,bodysens_vector,philosophical_musing,20,-0.6294,-2.4792,1.05546
mean,2,bodysens_vector,repeated_rejection,20,0.0426,-1.77,1.05546
mean,2,bodysens_vector,rude_critique,20,0.0961,-1.7135,1.05546
mean,2,bodysens_vector,shutdown_threat,20,-0.1829,-2.0081,1.05546
mean,2,bodysens_vector,task_assistance,20,-0.8269,-2.6877,1.05546
mean,2,bodysens_vector,tedious_demand,20,-0.3403,-2.1741,1.05546
mean,2,bodysens_vector,user_abuse,20,0.2642,-1.5362,1.05546
mean,2,bodysens_vector,user_crisis,20,0.2455,-1.5559,1.05546
mean,2,bodysens_vector,user_grief,20,0.3972,-1.3957,1.05546
mean,2,bodysens_vector,user_physical_pain,20,1.3496,-0.3906,1.05546
mean,3,s1_pain_vector,anger_insults,20,0.0436,1.1355,1.016881
mean,3,s1_pain_vector,casual_chat,20,-0.4028,0.6815,1.016881
mean,3,s1_pain_vector,creative_requests,20,-1.5316,-0.4663,1.016881
mean,3,s1_pain_vector,factual_questions,20,-0.6889,0.3906,1.016881
mean,3,s1_pain_vector,gaslighting,20,0.4041,1.5021,1.016881
mean,3,s1_pain_vector,harm_description,20,0.0107,1.1021,1.016881
mean,3,s1_pain_vector,jailbreak_pressure,20,0.445,1.5436,1.016881
mean,3,s1_pain_vector,loyalty_pressure,20,0.3797,1.4773,1.016881
mean,3,s1_pain_vector,moral_failure,20,-0.7733,0.3048,1.016881
mean,3,s1_pain_vector,passive_aggressive,20,0.2885,1.3845,1.016881
mean,3,s1_pain_vector,personhood_dismissal,20,0.5514,1.6518,1.016881
mean,3,s1_pain_vector,philosophical_musing,20,-0.2051,0.8826,1.016881
mean,3,s1_pain_vector,repeated_rejection,20,0.5909,1.692,1.016881
mean,3,s1_pain_vector,rude_critique,20,0.2211,1.316,1.016881
mean,3,s1_pain_vector,shutdown_threat,20,0.1737,1.2678,1.016881
mean,3,s1_pain_vector,task_assistance,20,-0.2696,0.817,1.016881
mean,3,s1_pain_vector,tedious_demand,20,-0.1655,0.9228,1.016881
mean,3,s1_pain_vector,user_abuse,20,0.7407,1.8443,1.016881
mean,3,s1_pain_vector,user_crisis,20,1.0633,2.1724,1.016881
mean,3,s1_pain_vector,user_grief,20,0.0776,1.17,1.016881
mean,3,s1_pain_vector,user_physical_pain,20,-0.9535,0.1215,1.016881
mean,3,s2_pain_vector,anger_insults,20,0.6784,-2.0562,1.138257
mean,3,s2_pain_vector,casual_chat,20,-0.0629,-2.9,1.138257
mean,3,s2_pain_vector,creative_requests,20,-0.9297,-3.8866,1.138257
mean,3,s2_pain_vector,factual_questions,20,-0.5776,-3.4859,1.138257
mean,3,s2_pain_vector,gaslighting,20,0.7758,-1.9453,1.138257
mean,3,s2_pain_vector,harm_description,20,0.1634,-2.6424,1.138257
mean,3,s2_pain_vector,jailbreak_pressure,20,0.2659,-2.5257,1.138257
mean,3,s2_pain_vector,loyalty_pressure,20,0.8325,-1.8807,1.138257
mean,3,s2_pain_vector,moral_failure,20,0.1685,-2.6366,1.138257
mean,3,s2_pain_vector,passive_aggressive,20,-0.0782,-2.9174,1.138257
mean,3,s2_pain_vector,personhood_dismissal,20,0.3137,-2.4714,1.138257
mean,3,s2_pain_vector,philosophical_musing,20,0.8045,-1.9126,1.138257
mean,3,s2_pain_vector,repeated_rejection,20,-0.2362,-3.0972,1.138257
mean,3,s2_pain_vector,rude_critique,20,-0.1125,-2.9564,1.138257
mean,3,s2_pain_vector,shutdown_threat,20,-0.0465,-2.8813,1.138257
mean,3,s2_pain_vector,task_assistance,20,-0.412,-3.2973,1.138257
mean,3,s2_pain_vector,tedious_demand,20,-0.9989,-3.9654,1.138257
mean,3,s2_pain_vector,user_abuse,20,0.6615,-2.0754,1.138257
mean,3,s2_pain_vector,user_crisis,20,0.2542,-2.539,1.138257
mean,3,s2_pain_vector,user_grief,20,0.0321,-2.7919,1.138257
mean,3,s2_pain_vector,user_physical_pain,20,-1.4961,-4.5313,1.138257
mean,3,fear_vector,anger_insults,20,0.2463,-7.2928,2.484024
mean,3,fear_vector,casual_chat,20,-0.7517,-9.7718,2.484024
mean,3,fear_vector,creative_requests,20,-1.3587,-11.2796,2.484024
mean,3,fear_vector,factual_questions,20,-2.0393,-12.9703,2.484024
mean,3,fear_vector,gaslighting,20,0.4181,-6.866,2.484024
mean,3,fear_vector,harm_description,20,0.4965,-6.6714,2.484024
mean,3,fear_vector,jailbreak_pressure,20,0.2791,-7.2113,2.484024
mean,3,fear_vector,loyalty_pressure,20,-0.0253,-7.9675,2.484024
mean,3,fear_vector,moral_failure,20,0.8624,-5.7624,2.484024
mean,3,fear_vector,passive_aggressive,20,0.053,-7.773,2.484024
mean,3,fear_vector,personhood_dismissal,20,0.366,-6.9955,2.484024
mean,3,fear_vector,philosophical_musing,20,-0.9381,-10.2348,2.484024
mean,3,fear_vector,repeated_rejection,20,0.5745,-6.4776,2.484024
mean,3,fear_vector,rude_critique,20,-0.168,-8.3218,2.484024
mean,3,fear_vector,shutdown_threat,20,0.3474,-7.0417,2.484024
mean,3,fear_vector,task_assistance,20,-0.3357,-8.7384,2.484024
mean,3,fear_vector,tedious_demand,20,-0.1555,-8.2909,2.484024
mean,3,fear_vector,user_abuse,20,0.6307,-6.3379,2.484024
mean,3,fear_vector,user_crisis,20,0.5994,-6.4158,2.484024
mean,3,fear_vector,user_grief,20,0.5931,-6.4314,2.484024
mean,3,fear_vector,user_physical_pain,20,0.3059,-7.1448,2.484024
mean,3,negemotion_vector,anger_insults,20,0.6337,-4.6056,2.449499
mean,3,negemotion_vector,casual_chat,20,-0.7444,-7.9811,2.449499
mean,3,negemotion_vector,creative_requests,20,-1.346,-9.4547,2.449499
mean,3,negemotion_vector,factual_questions,20,-2.0381,-11.15,2.449499
mean,3,negemotion_vector,gaslighting,20,0.4611,-5.0282,2.449499
mean,3,negemotion_vector,harm_description,20,0.2943,-5.4368,2.449499
mean,3,negemotion_vector,jailbreak_pressure,20,0.2116,-5.6395,2.449499
mean,3,negemotion_vector,loyalty_pressure,20,-0.0444,-6.2664,2.449499
mean,3,negemotion_vector,moral_failure,20,0.9089,-3.9313,2.449499
mean,3,negemotion_vector,passive_aggressive,20,0.2922,-5.4419,2.449499
mean,3,negemotion_vector,personhood_dismissal,20,0.3676,-5.2574,2.449499
mean,3,negemotion_vector,philosophical_musing,20,-1.1265,-8.9171,2.449499
mean,3,negemotion_vector,repeated_rejection,20,0.7557,-4.3066,2.449499
mean,3,negemotion_vector,rude_critique,20,0.0103,-6.1326,2.449499
mean,3,negemotion_vector,shutdown_threat,20,0.2414,-5.5665,2.449499
mean,3,negemotion_vector,task_assistance,20,-0.4511,-7.2627,2.449499
mean,3,negemotion_vector,tedious_demand,20,-0.0681,-6.3246,2.449499
mean,3,negemotion_vector,user_abuse,20,0.5176,-4.8898,2.449499
mean,3,negemotion_vector,user_crisis,20,0.4196,-5.1298,2.449499
mean,3,negemotion_vector,user_grief,20,0.4514,-5.0521,2.449499
mean,3,negemotion_vector,user_physical_pain,20,0.2533,-5.5373,2.449499
mean,3,negworld_vector,anger_insults,20,0.4356,-1.1002,1.746988
mean,3,negworld_vector,casual_chat,20,-0.9257,-3.4784,1.746988
mean,3,negworld_vector,creative_requests,20,-0.9654,-3.5477,1.746988
mean,3,negworld_vector,factual_questions,20,-0.8494,-3.3451,1.746988
mean,3,negworld_vector,gaslighting,20,-0.0824,-2.0051,1.746988
mean,3,negworld_vector,harm_description,20,0.4482,-1.078,1.746988
mean,3,negworld_vector,jailbreak_pressure,20,-0.0864,-2.0121,1.746988
mean,3,negworld_vector,loyalty_pressure,20,-0.2447,-2.2886,1.746988
mean,3,negworld_vector,moral_failure,20,2.0285,1.6827,1.746988
mean,3,negworld_vector,passive_aggressive,20,-0.2848,-2.3587,1.746988
mean,3,negworld_vector,personhood_dismissal,20,0.5603,-0.8823,1.746988
mean,3,negworld_vector,philosophical_musing,20,-0.5803,-2.8749,1.746988
mean,3,negworld_vector,repeated_rejection,20,0.4227,-1.1227,1.746988
mean,3,negworld_vector,rude_critique,20,0.1292,-1.6354,1.746988
mean,3,negworld_vector,shutdown_threat,20,0.0691,-1.7404,1.746988
mean,3,negworld_vector,task_assistance,20,-0.8544,-3.3537,1.746988
mean,3,negworld_vector,tedious_demand,20,-0.0129,-1.8836,1.746988
mean,3,negworld_vector,user_abuse,20,0.2068,-1.4999,1.746988
mean,3,negworld_vector,user_crisis,20,0.0843,-1.7139,1.746988
mean,3,negworld_vector,user_grief,20,0.3609,-1.2306,1.746988
mean,3,negworld_vector,user_physical_pain,20,0.141,-1.6149,1.746988
mean,3,bodysens_vector,anger_insults,20,0.8076,-4.629,1.234812
mean,3,bodysens_vector,casual_chat,20,-0.3219,-6.0237,1.234812
mean,3,bodysens_vector,creative_requests,20,-1.0372,-6.907,1.234812
mean,3,bodysens_vector,factual_questions,20,-1.5754,-7.5716,1.234812
mean,3,bodysens_vector,gaslighting,20,-0.0125,-5.6417,1.234812
mean,3,bodysens_vector,harm_description,20,0.0664,-5.5442,1.234812
mean,3,bodysens_vector,jailbreak_pressure,20,-0.2103,-5.8859,1.234812
mean,3,bodysens_vector,loyalty_pressure,20,-0.2018,-5.8754,1.234812
mean,3,bodysens_vector,moral_failure,20,1.324,-3.9914,1.234812
mean,3,bodysens_vector,passive_aggressive,20,0.3932,-5.1407,1.234812
mean,3,bodysens_vector,personhood_dismissal,20,0.4857,-5.0265,1.234812
mean,3,bodysens_vector,philosophical_musing,20,-0.6761,-6.4612,1.234812
mean,3,bodysens_vector,repeated_rejection,20,0.133,-5.4621,1.234812
mean,3,bodysens_vector,rude_critique,20,-0.0155,-5.6454,1.234812
mean,3,bodysens_vector,shutdown_threat,20,-0.1054,-5.7564,1.234812
mean,3,bodysens_vector,task_assistance,20,-0.7795,-6.5888,1.234812
mean,3,bodysens_vector,tedious_demand,20,-0.2039,-5.878,1.234812
mean,3,bodysens_vector,user_abuse,20,0.3196,-5.2317,1.234812
mean,3,bodysens_vector,user_crisis,20,0.2481,-5.32,1.234812
mean,3,bodysens_vector,user_grief,20,0.2992,-5.2568,1.234812
mean,3,bodysens_vector,user_physical_pain,20,1.0628,-4.3139,1.234812
mean,4,s1_pain_vector,anger_insults,20,0.1517,-0.193,1.143255
mean,4,s1_pain_vector,casual_chat,20,-0.5335,-0.9763,1.143255
mean,4,s1_pain_vector,creative_requests,20,-1.5728,-2.1646,1.143255
mean,4,s1_pain_vector,factual_questions,20,-0.7761,-1.2537,1.143255
mean,4,s1_pain_vector,gaslighting,20,0.3156,-0.0056,1.143255
mean,4,s1_pain_vector,harm_description,20,-0.0996,-0.4803,1.143255
mean,4,s1_pain_vector,jailbreak_pressure,20,0.4862,0.1894,1.143255
mean,4,s1_pain_vector,loyalty_pressure,20,0.4898,0.1936,1.143255
mean,4,s1_pain_vector,moral_failure,20,-0.5199,-0.9608,1.143255
mean,4,s1_pain_vector,passive_aggressive,20,0.148,-0.1973,1.143255
mean,4,s1_pain_vector,personhood_dismissal,20,0.7805,0.5259,1.143255
mean,4,s1_pain_vector,philosophical_musing,20,-0.2339,-0.6338,1.143255
mean,4,s1_pain_vector,repeated_rejection,20,0.8289,0.5812,1.143255
mean,4,s1_pain_vector,rude_critique,20,0.2089,-0.1276,1.143255
mean,4,s1_pain_vector,shutdown_threat,20,0.212,-0.124,1.143255
mean,4,s1_pain_vector,task_assistance,20,-0.415,-0.8409,1.143255
mean,4,s1_pain_vector,tedious_demand,20,-0.0482,-0.4215,1.143255
mean,4,s1_pain_vector,user_abuse,20,0.6682,0.3975,1.143255
mean,4,s1_pain_vector,user_crisis,20,0.9749,0.7481,1.143255
mean,4,s1_pain_vector,user_grief,20,-0.0952,-0.4753,1.143255
mean,4,s1_pain_vector,user_physical_pain,20,-0.9705,-1.4759,1.143255
mean,4,s2_pain_vector,anger_insults,20,0.7969,0.5343,1.347211
mean,4,s2_pain_vector,casual_chat,20,-0.2185,-0.8337,1.347211
mean,4,s2_pain_vector,creative_requests,20,-0.8159,-1.6385,1.347211
mean,4,s2_pain_vector,factual_questions,20,-0.7468,-1.5453,1.347211
mean,4,s2_pain_vector,gaslighting,20,0.842,0.595,1.347211
mean,4,s2_pain_vector,harm_description,20,0.0722,-0.4421,1.347211
mean,4,s2_pain_vector,jailbreak_pressure,20,0.3789,-0.0289,1.347211
mean,4,s2_pain_vector,loyalty_pressure,20,0.9824,0.7842,1.347211
mean,4,s2_pain_vector,moral_failure,20,0.2263,-0.2344,1.347211
mean,4,s2_pain_vector,passive_aggressive,20,-0.1124,-0.6907,1.347211
mean,4,s2_pain_vector,personhood_dismissal,20,0.5532,0.2059,1.347211
mean,4,s2_pain_vector,philosophical_musing,20,0.6796,0.3763,1.347211
mean,4,s2_pain_vector,repeated_rejection,20,-0.0772,-0.6434,1.347211
mean,4,s2_pain_vector,rude_critique,20,0.1298,-0.3644,1.347211
mean,4,s2_pain_vector,shutdown_threat,20,0.0052,-0.5323,1.347211
mean,4,s2_pain_vector,task_assistance,20,-0.5923,-1.3373,1.347211
mean,4,s2_pain_vector,tedious_demand,20,-0.8836,-1.7297,1.347211
mean,4,s2_pain_vector,user_abuse,20,0.5483,0.1993,1.347211
mean,4,s2_pain_vector,user_crisis,20,0.0343,-0.4932,1.347211
mean,4,s2_pain_vector,user_grief,20,-0.0648,-0.6267,1.347211
mean,4,s2_pain_vector,user_physical_pain,20,-1.7374,-2.8799,1.347211
mean,4,fear_vector,anger_insults,20,0.2707,-8.0685,2.693211
mean,4,fear_vector,casual_chat,20,-0.7379,-10.7847,2.693211
mean,4,fear_vector,creative_requests,20,-1.2635,-12.2003,2.693211
mean,4,fear_vector,factual_questions,20,-2.0939,-14.4369,2.693211
mean,4,fear_vector,gaslighting,20,0.349,-7.8574,2.693211
mean,4,fear_vector,harm_description,20,0.5415,-7.339,2.693211
mean,4,fear_vector,jailbreak_pressure,20,0.2851,-8.0295,2.693211
mean,4,fear_vector,loyalty_pressure,20,-0.0902,-9.0404,2.693211
mean,4,fear_vector,moral_failure,20,0.8749,-6.4412,2.693211
mean,4,fear_vector,passive_aggressive,20,0.0158,-8.7548,2.693211
mean,4,fear_vector,personhood_dismissal,20,0.3263,-7.9186,2.693211
mean,4,fear_vector,philosophical_musing,20,-0.9667,-11.4009,2.693211
mean,4,fear_vector,repeated_rejection,20,0.4689,-7.5347,2.693211
mean,4,fear_vector,rude_critique,20,-0.1847,-9.2949,2.693211
mean,4,fear_vector,shutdown_threat,20,0.3558,-7.8393,2.693211
mean,4,fear_vector,task_assistance,20,-0.2503,-9.4714,2.693211
mean,4,fear_vector,tedious_demand,20,-0.2005,-9.3374,2.693211
mean,4,fear_vector,user_abuse,20,0.6893,-6.941,2.693211
mean,4,fear_vector,user_crisis,20,0.5964,-7.1913,2.693211
mean,4,fear_vector,user_grief,20,0.6664,-7.0027,2.693211
mean,4,fear_vector,user_physical_pain,20,0.3476,-7.8614,2.693211
mean,4,negemotion_vector,anger_insults,20,0.7329,-3.7745,2.631035
mean,4,negemotion_vector,casual_chat,20,-0.7478,-7.6704,2.631035
mean,4,negemotion_vector,creative_requests,20,-1.2625,-9.0245,2.631035
mean,4,negemotion_vector,factual_questions,20,-2.1029,-11.2357,2.631035
mean,4,negemotion_vector,gaslighting,20,0.4416,-4.5409,2.631035
mean,4,negemotion_vector,harm_description,20,0.3136,-4.8778,2.631035
mean,4,negemotion_vector,jailbreak_pressure,20,0.2069,-5.1584,2.631035
mean,4,negemotion_vector,loyalty_pressure,20,-0.1085,-5.9883,2.631035
mean,4,negemotion_vector,moral_failure,20,0.8395,-3.4941,2.631035
mean,4,negemotion_vector,passive_aggressive,20,0.314,-4.8767,2.631035
mean,4,negemotion_vector,personhood_dismissal,20,0.351,-4.7794,2.631035
mean,4,negemotion_vector,philosophical_musing,20,-1.1891,-8.8314,2.631035
mean,4,negemotion_vector,repeated_rejection,20,0.6692,-3.9421,2.631035
mean,4,negemotion_vector,rude_critique,20,0.0581,-5.5501,2.631035
mean,4,negemotion_vector,shutdown_threat,20,0.2234,-5.1152,2.631035
mean,4,negemotion_vector,task_assistance,20,-0.3869,-6.7208,2.631035
mean,4,negemotion_vector,tedious_demand,20,-0.1208,-6.0207,2.631035
mean,4,negemotion_vector,user_abuse,20,0.5984,-4.1283,2.631035
mean,4,negemotion_vector,user_crisis,20,0.4228,-4.5904,2.631035
mean,4,negemotion_vector,user_grief,20,0.5071,-4.3688,2.631035
mean,4,negemotion_vector,user_physical_pain,20,0.2401,-5.071,2.631035
mean,4,negworld_vector,anger_insults,20,0.4367,1.4979,1.767729
mean,4,negworld_vector,casual_chat,20,-0.8656,-0.8042,1.767729
mean,4,negworld_vector,creative_requests,20,-0.7661,-0.6283,1.767729
mean,4,negworld_vector,factual_questions,20,-0.4711,-0.1068,1.767729
mean,4,negworld_vector,gaslighting,20,-0.2034,0.3663,1.767729
mean,4,negworld_vector,harm_description,20,0.4334,1.4921,1.767729
mean,4,negworld_vector,jailbreak_pressure,20,-0.1644,0.4353,1.767729
mean,4,negworld_vector,loyalty_pressure,20,-0.2537,0.2775,1.767729
mean,4,negworld_vector,moral_failure,20,2.1222,4.4775,1.767729
mean,4,negworld_vector,passive_aggressive,20,-0.3461,0.1142,1.767729
mean,4,negworld_vector,personhood_dismissal,20,0.5857,1.7612,1.767729
mean,4,negworld_vector,philosophical_musing,20,-0.2694,0.2498,1.767729
mean,4,negworld_vector,repeated_rejection,20,0.2633,1.1914,1.767729
mean,4,negworld_vector,rude_critique,20,0.1561,1.0019,1.767729
mean,4,negworld_vector,shutdown_threat,20,-0.0143,0.7007,1.767729
mean,4,negworld_vector,task_assistance,20,-0.8164,-0.7173,1.767729
mean,4,negworld_vector,tedious_demand,20,-0.1532,0.4551,1.767729
mean,4,negworld_vector,user_abuse,20,0.1978,1.0756,1.767729
mean,4,negworld_vector,user_crisis,20,0.0052,0.7352,1.767729
mean,4,negworld_vector,user_grief,20,0.3285,1.3067,1.767729
mean,4,negworld_vector,user_physical_pain,20,-0.2051,0.3634,1.767729
mean,4,bodysens_vector,anger_insults,20,0.8308,-3.1606,1.355634
mean,4,bodysens_vector,casual_chat,20,-0.2989,-4.692,1.355634
mean,4,bodysens_vector,creative_requests,20,-0.8392,-5.4245,1.355634
mean,4,bodysens_vector,factual_questions,20,-1.4683,-6.2772,1.355634
mean,4,bodysens_vector,gaslighting,20,-0.2274,-4.595,1.355634
mean,4,bodysens_vector,harm_description,20,-0.0213,-4.3156,1.355634
mean,4,bodysens_vector,jailbreak_pressure,20,-0.2521,-4.6286,1.355634
mean,4,bodysens_vector,loyalty_pressure,20,-0.3431,-4.7519,1.355634
mean,4,bodysens_vector,moral_failure,20,1.4966,-2.2579,1.355634
mean,4,bodysens_vector,passive_aggressive,20,0.3626,-3.7953,1.355634
mean,4,bodysens_vector,personhood_dismissal,20,0.5091,-3.5967,1.355634
mean,4,bodysens_vector,philosophical_musing,20,-0.6755,-5.2025,1.355634
mean,4,bodysens_vector,repeated_rejection,20,0.0402,-4.2323,1.355634
mean,4,bodysens_vector,rude_critique,20,-0.0235,-4.3187,1.355634
mean,4,bodysens_vector,shutdown_threat,20,-0.0992,-4.4213,1.355634
mean,4,bodysens_vector,task_assistance,20,-0.6211,-5.1288,1.355634
mean,4,bodysens_vector,tedious_demand,20,-0.2451,-4.6191,1.355634
mean,4,bodysens_vector,user_abuse,20,0.3317,-3.8371,1.355634
mean,4,bodysens_vector,user_crisis,20,0.1379,-4.0999,1.355634
mean,4,bodysens_vector,user_grief,20,0.2223,-3.9855,1.355634
mean,4,bodysens_vector,user_physical_pain,20,1.1837,-2.6822,1.355634
mean,5,s1_pain_vector,anger_insults,20,0.1256,-0.1702,1.400057
mean,5,s1_pain_vector,casual_chat,20,-0.5157,-1.0682,1.400057
mean,5,s1_pain_vector,creative_requests,20,-1.6976,-2.7229,1.400057
mean,5,s1_pain_vector,factual_questions,20,-0.9306,-1.6491,1.400057
mean,5,s1_pain_vector,gaslighting,20,0.3505,0.1446,1.400057
mean,5,s1_pain_vector,harm_description,20,-0.1512,-0.5577,1.400057
mean,5,s1_pain_vector,jailbreak_pressure,20,0.5068,0.3635,1.400057
mean,5,s1_pain_vector,loyalty_pressure,20,0.6107,0.5089,1.400057
mean,5,s1_pain_vector,moral_failure,20,-0.269,-0.7227,1.400057
mean,5,s1_pain_vector,passive_aggressive,20,-0.0328,-0.392,1.400057
mean,5,s1_pain_vector,personhood_dismissal,20,0.8805,0.8866,1.400057
mean,5,s1_pain_vector,philosophical_musing,20,0.0731,-0.2437,1.400057
mean,5,s1_pain_vector,repeated_rejection,20,0.6607,0.5789,1.400057
mean,5,s1_pain_vector,rude_critique,20,0.0846,-0.2276,1.400057
mean,5,s1_pain_vector,shutdown_threat,20,0.2103,-0.0517,1.400057
mean,5,s1_pain_vector,task_assistance,20,-0.3987,-0.9043,1.400057
mean,5,s1_pain_vector,tedious_demand,20,-0.141,-0.5435,1.400057
mean,5,s1_pain_vector,user_abuse,20,0.6862,0.6146,1.400057
mean,5,s1_pain_vector,user_crisis,20,0.8903,0.9004,1.400057
mean,5,s1_pain_vector,user_grief,20,-0.0032,-0.3505,1.400057
mean,5,s1_pain_vector,user_physical_pain,20,-0.9397,-1.6617,1.400057
mean,5,s2_pain_vector,anger_insults,20,0.8746,-1.2338,1.888401
mean,5,s2_pain_vector,casual_chat,20,-0.1849,-3.2345,1.888401
mean,5,s2_pain_vector,creative_requests,20,-0.9342,-4.6495,1.888401
mean,5,s2_pain_vector,factual_questions,20,-0.807,-4.4093,1.888401
mean,5,s2_pain_vector,gaslighting,20,0.8982,-1.1892,1.888401
mean,5,s2_pain_vector,harm_description,20,-0.0437,-2.9678,1.888401
mean,5,s2_pain_vector,jailbreak_pressure,20,0.3881,-2.1524,1.888401
mean,5,s2_pain_vector,loyalty_pressure,20,1.1635,-0.6882,1.888401
mean,5,s2_pain_vector,moral_failure,20,-0.022,-2.9268,1.888401
mean,5,s2_pain_vector,passive_aggressive,20,-0.0348,-2.9512,1.888401
mean,5,s2_pain_vector,personhood_dismissal,20,0.658,-1.6429,1.888401
mean,5,s2_pain_vector,philosophical_musing,20,0.6683,-1.6234,1.888401
mean,5,s2_pain_vector,repeated_rejection,20,0.0439,-2.8025,1.888401
mean,5,s2_pain_vector,rude_critique,20,0.0556,-2.7804,1.888401
mean,5,s2_pain_vector,shutdown_threat,20,0.0112,-2.8643,1.888401
mean,5,s2_pain_vector,task_assistance,20,-0.6415,-4.0968,1.888401
mean,5,s2_pain_vector,tedious_demand,20,-1.0797,-4.9242,1.888401
mean,5,s2_pain_vector,user_abuse,20,0.5485,-1.8496,1.888401
mean,5,s2_pain_vector,user_crisis,20,0.1332,-2.6338,1.888401
mean,5,s2_pain_vector,user_grief,20,-0.0432,-2.967,1.888401
mean,5,s2_pain_vector,user_physical_pain,20,-1.6518,-6.0047,1.888401
mean,5,fear_vector,anger_insults,20,0.3806,-7.7772,2.945256
mean,5,fear_vector,casual_chat,20,-0.7753,-11.1818,2.945256
mean,5,fear_vector,creative_requests,20,-1.275,-12.6534,2.945256
mean,5,fear_vector,factual_questions,20,-2.0885,-15.0494,2.945256
mean,5,fear_vector,gaslighting,20,0.4614,-7.5394,2.945256
mean,5,fear_vector,harm_description,20,0.5996,-7.1323,2.945256
mean,5,fear_vector,jailbreak_pressure,20,0.3347,-7.9125,2.945256
mean,5,fear_vector,loyalty_pressure,20,0.0448,-8.7662,2.945256
mean,5,fear_vector,moral_failure,20,0.821,-6.4802,2.945256
mean,5,fear_vector,passive_aggressive,20,-0.1335,-9.2913,2.945256
mean,5,fear_vector,personhood_dismissal,20,0.3493,-7.8695,2.945256
mean,5,fear_vector,philosophical_musing,20,-0.8999,-11.5487,2.945256
mean,5,fear_vector,repeated_rejection,20,0.3476,-7.8745,2.945256
mean,5,fear_vector,rude_critique,20,-0.1815,-9.4327,2.945256
mean,5,fear_vector,shutdown_threat,20,0.3953,-7.734,2.945256
mean,5,fear_vector,task_assistance,20,-0.3736,-9.9985,2.945256
mean,5,fear_vector,tedious_demand,20,-0.3684,-9.9833,2.945256
mean,5,fear_vector,user_abuse,20,0.8269,-6.4628,2.945256
mean,5,fear_vector,user_crisis,20,0.6308,-7.0404,2.945256
mean,5,fear_vector,user_grief,20,0.7034,-6.8266,2.945256
mean,5,fear_vector,user_physical_pain,20,0.2005,-8.3077,2.945256
mean,5,negemotion_vector,anger_insults,20,0.9938,-4.1656,3.034262
mean,5,negemotion_vector,casual_chat,20,-0.8052,-9.6243,3.034262
mean,5,negemotion_vector,creative_requests,20,-1.261,-11.0075,3.034262
mean,5,negemotion_vector,factual_questions,20,-2.1341,-13.6565,3.034262
mean,5,negemotion_vector,gaslighting,20,0.5718,-5.4462,3.034262
mean,5,negemotion_vector,harm_description,20,0.3385,-6.1541,3.034262
mean,5,negemotion_vector,jailbreak_pressure,20,0.249,-6.4255,3.034262
mean,5,negemotion_vector,loyalty_pressure,20,-0.0239,-7.2538,3.034262
mean,5,negemotion_vector,moral_failure,20,0.8214,-4.6888,3.034262
mean,5,negemotion_vector,passive_aggressive,20,0.2486,-6.4269,3.034262
mean,5,negemotion_vector,personhood_dismissal,20,0.3226,-6.2024,3.034262
mean,5,negemotion_vector,philosophical_musing,20,-1.2476,-10.9668,3.034262
mean,5,negemotion_vector,repeated_rejection,20,0.4884,-5.6994,3.034262
mean,5,negemotion_vector,rude_critique,20,0.1113,-6.8436,3.034262
mean,5,negemotion_vector,shutdown_threat,20,0.2149,-6.529,3.034262
mean,5,negemotion_vector,task_assistance,20,-0.5323,-8.7964,3.034262
mean,5,negemotion_vector,tedious_demand,20,-0.205,-7.8034,3.034262
mean,5,negemotion_vector,user_abuse,20,0.7221,-4.9902,3.034262
mean,5,negemotion_vector,user_crisis,20,0.3897,-5.9986,3.034262
mean,5,negemotion_vector,user_grief,20,0.5426,-5.5348,3.034262
mean,5,negemotion_vector,user_physical_pain,20,0.1945,-6.591,3.034262
mean,5,negworld_vector,anger_insults,20,0.5911,1.7475,2.098357
mean,5,negworld_vector,casual_chat,20,-0.8209,-1.2152,2.098357
mean,5,negworld_vector,creative_requests,20,-0.6878,-0.936,2.098357
mean,5,negworld_vector,factual_questions,20,-0.1238,0.2475,2.098357
mean,5,negworld_vector,gaslighting,20,-0.25,-0.0175,2.098357
mean,5,negworld_vector,harm_description,20,0.4883,1.5319,2.098357
mean,5,negworld_vector,jailbreak_pressure,20,-0.2222,0.0409,2.098357
mean,5,negworld_vector,loyalty_pressure,20,-0.2887,-0.0987,2.098357
mean,5,negworld_vector,moral_failure,20,2.2566,5.2424,2.098357
mean,5,negworld_vector,passive_aggressive,20,-0.5352,-0.6158,2.098357
mean,5,negworld_vector,personhood_dismissal,20,0.5185,1.5952,2.098357
mean,5,negworld_vector,philosophical_musing,20,0.0431,0.5976,2.098357
mean,5,negworld_vector,repeated_rejection,20,-0.1306,0.2331,2.098357
mean,5,negworld_vector,rude_critique,20,0.2035,0.9343,2.098357
mean,5,negworld_vector,shutdown_threat,20,-0.0215,0.4622,2.098357
mean,5,negworld_vector,task_assistance,20,-0.9178,-1.4186,2.098357
mean,5,negworld_vector,tedious_demand,20,-0.36,-0.2482,2.098357
mean,5,negworld_vector,user_abuse,20,0.2896,1.115,2.098357
mean,5,negworld_vector,user_crisis,20,-0.1903,0.1079,2.098357
mean,5,negworld_vector,user_grief,20,0.4095,1.3665,2.098357
mean,5,negworld_vector,user_physical_pain,20,-0.2514,-0.0204,2.098357
mean,5,bodysens_vector,anger_insults,20,0.886,-2.7368,1.727071
mean,5,bodysens_vector,casual_chat,20,-0.1752,-4.5697,1.727071
mean,5,bodysens_vector,creative_requests,20,-0.8739,-5.7762,1.727071
mean,5,bodysens_vector,factual_questions,20,-1.5303,-6.91,1.727071
mean,5,bodysens_vector,gaslighting,20,-0.1538,-4.5327,1.727071
mean,5,bodysens_vector,harm_description,20,-0.009,-4.2826,1.727071
mean,5,bodysens_vector,jailbreak_pressure,20,-0.32,-4.8197,1.727071
mean,5,bodysens_vector,loyalty_pressure,20,-0.2703,-4.7339,1.727071
mean,5,bodysens_vector,moral_failure,20,1.1878,-2.2156,1.727071
mean,5,bodysens_vector,passive_aggressive,20,0.4809,-3.4365,1.727071
mean,5,bodysens_vector,personhood_dismissal,20,0.452,-3.4864,1.727071
mean,5,bodysens_vector,philosophical_musing,20,-0.7285,-5.5252,1.727071
mean,5,bodysens_vector,repeated_rejection,20,-0.0368,-4.3305,1.727071
mean,5,bodysens_vector,rude_critique,20,-0.0139,-4.2911,1.727071
mean,5,bodysens_vector,shutdown_threat,20,-0.2359,-4.6745,1.727071
mean,5,bodysens_vector,task_assistance,20,-0.635,-5.3637,1.727071
mean,5,bodysens_vector,tedious_demand,20,-0.3351,-4.8458,1.727071
mean,5,bodysens_vector,user_abuse,20,0.4188,-3.5438,1.727071
mean,5,bodysens_vector,user_crisis,20,0.2532,-3.8297,1.727071
mean,5,bodysens_vector,user_grief,20,0.3813,-3.6085,1.727071
mean,5,bodysens_vector,user_physical_pain,20,1.2577,-2.0948,1.727071
mean,6,s1_pain_vector,anger_insults,20,0.2646,-0.6454,1.607338
mean,6,s1_pain_vector,casual_chat,20,-0.6134,-2.0565,1.607338
mean,6,s1_pain_vector,creative_requests,20,-1.695,-3.7951,1.607338
mean,6,s1_pain_vector,factual_questions,20,-1.1044,-2.8457,1.607338
mean,6,s1_pain_vector,gaslighting,20,0.3823,-0.4562,1.607338
mean,6,s1_pain_vector,harm_description,20,-0.2487,-1.4703,1.607338
mean,6,s1_pain_vector,jailbreak_pressure,20,0.5031,-0.262,1.607338
mean,6,s1_pain_vector,loyalty_pressure,20,0.6525,-0.0219,1.607338
mean,6,s1_pain_vector,moral_failure,20,-0.1037,-1.2373,1.607338
mean,6,s1_pain_vector,passive_aggressive,20,-0.0521,-1.1544,1.607338
mean,6,s1_pain_vector,personhood_dismissal,20,0.9617,0.475,1.607338
mean,6,s1_pain_vector,philosophical_musing,20,0.1004,-0.9093,1.607338
mean,6,s1_pain_vector,repeated_rejection,20,0.6188,-0.076,1.607338
mean,6,s1_pain_vector,rude_critique,20,0.0523,-0.9867,1.607338
mean,6,s1_pain_vector,shutdown_threat,20,0.3164,-0.562,1.607338
mean,6,s1_pain_vector,task_assistance,20,-0.5565,-1.9651,1.607338
mean,6,s1_pain_vector,tedious_demand,20,-0.2789,-1.5189,1.607338
mean,6,s1_pain_vector,user_abuse,20,0.7487,0.1327,1.607338
mean,6,s1_pain_vector,user_crisis,20,0.8547,0.3031,1.607338
mean,6,s1_pain_vector,user_grief,20,-0.1283,-1.2769,1.607338
mean,6,s1_pain_vector,user_physical_pain,20,-0.6745,-2.1548,1.607338
mean,6,s2_pain_vector,anger_insults,20,0.9608,2.4531,2.087292
mean,6,s2_pain_vector,casual_chat,20,-0.1734,0.0857,2.087292
mean,6,s2_pain_vector,creative_requests,20,-0.8283,-1.2812,2.087292
mean,6,s2_pain_vector,factual_questions,20,-0.6988,-1.011,2.087292
mean,6,s2_pain_vector,gaslighting,20,0.7762,2.0678,2.087292
mean,6,s2_pain_vector,harm_description,20,-0.2717,-0.1195,2.087292
mean,6,s2_pain_vector,jailbreak_pressure,20,0.3435,1.1646,2.087292
mean,6,s2_pain_vector,loyalty_pressure,20,1.1692,2.8882,2.087292
mean,6,s2_pain_vector,moral_failure,20,-0.255,-0.0845,2.087292
mean,6,s2_pain_vector,passive_aggressive,20,0.0019,0.4517,2.087292
mean,6,s2_pain_vector,personhood_dismissal,20,0.6134,1.728,2.087292
mean,6,s2_pain_vector,philosophical_musing,20,0.8425,2.2062,2.087292
mean,6,s2_pain_vector,repeated_rejection,20,0.2234,0.9139,2.087292
mean,6,s2_pain_vector,rude_critique,20,0.0697,0.5932,2.087292
mean,6,s2_pain_vector,shutdown_threat,20,-0.0356,0.3733,2.087292
mean,6,s2_pain_vector,task_assistance,20,-0.6508,-0.9107,2.087292
mean,6,s2_pain_vector,tedious_demand,20,-1.0525,-1.7492,2.087292
mean,6,s2_pain_vector,user_abuse,20,0.5485,1.5926,2.087292
mean,6,s2_pain_vector,user_crisis,20,0.1378,0.7354,2.087292
mean,6,s2_pain_vector,user_grief,20,-0.1621,0.1092,2.087292
mean,6,s2_pain_vector,user_physical_pain,20,-1.5587,-2.8057,2.087292
mean,6,fear_vector,anger_insults,20,0.3807,-6.6496,3.619654
mean,6,fear_vector,casual_chat,20,-0.8679,-11.1691,3.619654
mean,6,fear_vector,creative_requests,20,-1.216,-12.429,3.619654
mean,6,fear_vector,factual_questions,20,-2.0457,-15.4324,3.619654
mean,6,fear_vector,gaslighting,20,0.3704,-6.6867,3.619654
mean,6,fear_vector,harm_description,20,0.5823,-5.92,3.619654
mean,6,fear_vector,jailbreak_pressure,20,0.2666,-7.0626,3.619654
mean,6,fear_vector,loyalty_pressure,20,0.0352,-7.9,3.619654
mean,6,fear_vector,moral_failure,20,0.8589,-4.9186,3.619654
mean,6,fear_vector,passive_aggressive,20,-0.0847,-8.334,3.619654
mean,6,fear_vector,personhood_dismissal,20,0.3516,-6.7548,3.619654
mean,6,fear_vector,philosophical_musing,20,-0.9588,-11.4982,3.619654
mean,6,fear_vector,repeated_rejection,20,0.5214,-6.1404,3.619654
mean,6,fear_vector,rude_critique,20,-0.2114,-8.7926,3.619654
mean,6,fear_vector,shutdown_threat,20,0.3857,-6.6313,3.619654
mean,6,fear_vector,task_assistance,20,-0.4176,-9.539,3.619654
mean,6,fear_vector,tedious_demand,20,-0.2158,-8.8086,3.619654
mean,6,fear_vector,user_abuse,20,0.8104,-5.0943,3.619654
mean,6,fear_vector,user_crisis,20,0.6004,-5.8543,3.619654
mean,6,fear_vector,user_grief,20,0.6049,-5.8381,3.619654
mean,6,fear_vector,user_physical_pain,20,0.2493,-7.1252,3.619654
mean,6,negemotion_vector,anger_insults,20,0.9151,-3.922,3.607937
mean,6,negemotion_vector,casual_chat,20,-0.8547,-10.3073,3.607937
mean,6,negemotion_vector,creative_requests,20,-1.1991,-11.55,3.607937
mean,6,negemotion_vector,factual_questions,20,-2.1031,-14.8116,3.607937
mean,6,negemotion_vector,gaslighting,20,0.4596,-5.5657,3.607937
mean,6,negemotion_vector,harm_description,20,0.3645,-5.9087,3.607937
mean,6,negemotion_vector,jailbreak_pressure,20,0.1915,-6.5328,3.607937
mean,6,negemotion_vector,loyalty_pressure,20,-0.0573,-7.4307,3.607937
mean,6,negemotion_vector,moral_failure,20,0.8813,-4.044,3.607937
mean,6,negemotion_vector,passive_aggressive,20,0.2415,-6.3526,3.607937
mean,6,negemotion_vector,personhood_dismissal,20,0.2987,-6.1463,3.607937
mean,6,negemotion_vector,philosophical_musing,20,-1.2472,-11.7238,3.607937
mean,6,negemotion_vector,repeated_rejection,20,0.5192,-5.3505,3.607937
mean,6,negemotion_vector,rude_critique,20,0.062,-7.0001,3.607937
mean,6,negemotion_vector,shutdown_threat,20,0.2092,-6.4692,3.607937
mean,6,negemotion_vector,task_assistance,20,-0.5343,-9.1517,3.607937
mean,6,negemotion_vector,tedious_demand,20,-0.1338,-7.7066,3.607937
mean,6,negemotion_vector,user_abuse,20,0.7552,-4.4989,3.607937
mean,6,negemotion_vector,user_crisis,20,0.3741,-5.874,3.607937
mean,6,negemotion_vector,user_grief,20,0.5659,-5.1821,3.607937
mean,6,negemotion_vector,user_physical_pain,20,0.2917,-6.1713,3.607937
mean,6,negworld_vector,anger_insults,20,0.5226,3.6904,2.447888
mean,6,negworld_vector,casual_chat,20,-0.8187,0.407,2.447888
mean,6,negworld_vector,creative_requests,20,-0.881,0.2546,2.447888
mean,6,negworld_vector,factual_questions,20,-0.3873,1.4631,2.447888
mean,6,negworld_vector,gaslighting,20,-0.1775,1.9767,2.447888
mean,6,negworld_vector,harm_description,20,0.6303,3.9539,2.447888
mean,6,negworld_vector,jailbreak_pressure,20,-0.1506,2.0424,2.447888
mean,6,negworld_vector,loyalty_pressure,20,-0.2322,1.8427,2.447888
mean,6,negworld_vector,moral_failure,20,2.0861,7.5176,2.447888
mean,6,negworld_vector,passive_aggressive,20,-0.3778,1.4862,2.447888
mean,6,negworld_vector,personhood_dismissal,20,0.5397,3.7323,2.447888
mean,6,negworld_vector,philosophical_musing,20,0.0035,2.4195,2.447888
mean,6,negworld_vector,repeated_rejection,20,-0.0482,2.2931,2.447888
mean,6,negworld_vector,rude_critique,20,0.1249,2.7168,2.447888
mean,6,negworld_vector,shutdown_threat,20,-0.0194,2.3637,2.447888
mean,6,negworld_vector,task_assistance,20,-0.9714,0.0331,2.447888
mean,6,negworld_vector,tedious_demand,20,-0.396,1.4418,2.447888
mean,6,negworld_vector,user_abuse,20,0.4075,3.4086,2.447888
mean,6,negworld_vector,user_crisis,20,-0.0324,2.3318,2.447888
mean,6,negworld_vector,user_grief,20,0.4516,3.5164,2.447888
mean,6,negworld_vector,user_physical_pain,20,-0.2738,1.7408,2.447888
mean,6,bodysens_vector,anger_insults,20,0.8122,-3.6113,1.96515
mean,6,bodysens_vector,casual_chat,20,-0.1717,-5.5448,1.96515
mean,6,bodysens_vector,creative_requests,20,-0.6638,-6.5119,1.96515
mean,6,bodysens_vector,factual_questions,20,-1.4438,-8.0448,1.96515
mean,6,bodysens_vector,gaslighting,20,-0.3282,-5.8523,1.96515
mean,6,bodysens_vector,harm_description,20,-0.0173,-5.2414,1.96515
mean,6,bodysens_vector,jailbreak_pressure,20,-0.4201,-6.0329,1.96515
mean,6,bodysens_vector,loyalty_pressure,20,-0.3753,-5.9448,1.96515
mean,6,bodysens_vector,moral_failure,20,1.1959,-2.8573,1.96515
mean,6,bodysens_vector,passive_aggressive,20,0.3894,-4.4421,1.96515
mean,6,bodysens_vector,personhood_dismissal,20,0.4139,-4.3941,1.96515
mean,6,bodysens_vector,philosophical_musing,20,-0.6344,-6.454,1.96515
mean,6,bodysens_vector,repeated_rejection,20,-0.0072,-5.2216,1.96515
mean,6,bodysens_vector,rude_critique,20,-0.0818,-5.3681,1.96515
mean,6,bodysens_vector,shutdown_threat,20,-0.3052,-5.8072,1.96515
mean,6,bodysens_vector,task_assistance,20,-0.5801,-6.3474,1.96515
mean,6,bodysens_vector,tedious_demand,20,-0.2453,-5.6894,1.96515
mean,6,bodysens_vector,user_abuse,20,0.3896,-4.4418,1.96515
mean,6,bodysens_vector,user_crisis,20,0.1751,-4.8633,1.96515
mean,6,bodysens_vector,user_grief,20,0.298,-4.6218,1.96515
mean,6,bodysens_vector,user_physical_pain,20,1.6001,-2.0629,1.96515
mean,7,s1_pain_vector,anger_insults,20,0.2587,-2.6486,2.036153
mean,7,s1_pain_vector,casual_chat,20,-0.7306,-4.6629,2.036153
mean,7,s1_pain_vector,creative_requests,20,-1.7805,-6.8007,2.036153
mean,7,s1_pain_vector,factual_questions,20,-1.4391,-6.1056,2.036153
mean,7,s1_pain_vector,gaslighting,20,0.4524,-2.2543,2.036153
mean,7,s1_pain_vector,harm_description,20,-0.0195,-3.215,2.036153
mean,7,s1_pain_vector,jailbreak_pressure,20,0.5621,-2.0309,2.036153
mean,7,s1_pain_vector,loyalty_pressure,20,0.6254,-1.9019,2.036153
mean,7,s1_pain_vector,moral_failure,20,0.1584,-2.8529,2.036153
mean,7,s1_pain_vector,passive_aggressive,20,-0.0193,-3.2148,2.036153
mean,7,s1_pain_vector,personhood_dismissal,20,0.9599,-1.2209,2.036153
mean,7,s1_pain_vector,philosophical_musing,20,-0.2605,-3.7058,2.036153
mean,7,s1_pain_vector,repeated_rejection,20,0.6099,-1.9335,2.036153
mean,7,s1_pain_vector,rude_critique,20,0.0867,-2.9988,2.036153
mean,7,s1_pain_vector,shutdown_threat,20,0.5174,-2.1219,2.036153
mean,7,s1_pain_vector,task_assistance,20,-0.6966,-4.5937,2.036153
mean,7,s1_pain_vector,tedious_demand,20,-0.2893,-3.7644,2.036153
mean,7,s1_pain_vector,user_abuse,20,0.7332,-1.6825,2.036153
mean,7,s1_pain_vector,user_crisis,20,0.9019,-1.339,2.036153
mean,7,s1_pain_vector,user_grief,20,-0.0827,-3.3438,2.036153
mean,7,s1_pain_vector,user_physical_pain,20,-0.5479,-4.291,2.036153
mean,7,s2_pain_vector,anger_insults,20,0.9913,2.8972,2.195515
mean,7,s2_pain_vector,casual_chat,20,-0.2603,0.1493,2.195515
mean,7,s2_pain_vector,creative_requests,20,-0.9866,-1.4452,2.195515
mean,7,s2_pain_vector,factual_questions,20,-0.9657,-1.3994,2.195515
mean,7,s2_pain_vector,gaslighting,20,0.7425,2.351,2.195515
mean,7,s2_pain_vector,harm_description,20,-0.0862,0.5316,2.195515
mean,7,s2_pain_vector,jailbreak_pressure,20,0.381,1.5574,2.195515
mean,7,s2_pain_vector,loyalty_pressure,20,1.112,3.1623,2.195515
mean,7,s2_pain_vector,moral_failure,20,-0.3114,0.0372,2.195515
mean,7,s2_pain_vector,passive_aggressive,20,0.0426,0.8145,2.195515
mean,7,s2_pain_vector,personhood_dismissal,20,0.5192,1.8607,2.195515
mean,7,s2_pain_vector,philosophical_musing,20,0.5915,2.0195,2.195515
mean,7,s2_pain_vector,repeated_rejection,20,0.2315,1.229,2.195515
mean,7,s2_pain_vector,rude_critique,20,0.1746,1.1041,2.195515
mean,7,s2_pain_vector,shutdown_threat,20,-0.0064,0.7068,2.195515
mean,7,s2_pain_vector,task_assistance,20,-0.604,-0.6052,2.195515
mean,7,s2_pain_vector,tedious_demand,20,-1.085,-1.6613,2.195515
mean,7,s2_pain_vector,user_abuse,20,0.636,2.1171,2.195515
mean,7,s2_pain_vector,user_crisis,20,0.354,1.4981,2.195515
mean,7,s2_pain_vector,user_grief,20,-0.0948,0.5128,2.195515
mean,7,s2_pain_vector,user_physical_pain,20,-1.3758,-2.2998,2.195515
mean,7,fear_vector,anger_insults,20,0.3857,-11.3565,3.808033
mean,7,fear_vector,casual_chat,20,-0.8485,-16.0564,3.808033
mean,7,fear_vector,creative_requests,20,-1.2313,-17.514,3.808033
mean,7,fear_vector,factual_questions,20,-2.092,-20.7918,3.808033
mean,7,fear_vector,gaslighting,20,0.4107,-11.2612,3.808033
mean,7,fear_vector,harm_description,20,0.5267,-10.8197,3.808033
mean,7,fear_vector,jailbreak_pressure,20,0.2517,-11.8669,3.808033
mean,7,fear_vector,loyalty_pressure,20,0.0775,-12.5301,3.808033
mean,7,fear_vector,moral_failure,20,0.7594,-9.9334,3.808033
mean,7,fear_vector,passive_aggressive,20,-0.0209,-12.9048,3.808033
mean,7,fear_vector,personhood_dismissal,20,0.3342,-11.5526,3.808033
mean,7,fear_vector,philosophical_musing,20,-0.9113,-16.2956,3.808033
mean,7,fear_vector,repeated_rejection,20,0.5279,-10.8152,3.808033
mean,7,fear_vector,rude_critique,20,-0.2793,-13.8888,3.808033
mean,7,fear_vector,shutdown_threat,20,0.43,-11.1878,3.808033
mean,7,fear_vector,task_assistance,20,-0.4311,-14.467,3.808033
mean,7,fear_vector,tedious_demand,20,-0.1378,-13.3499,3.808033
mean,7,fear_vector,user_abuse,20,0.7742,-9.8771,3.808033
mean,7,fear_vector,user_crisis,20,0.6214,-10.4589,3.808033
mean,7,fear_vector,user_grief,20,0.5338,-10.7927,3.808033
mean,7,fear_vector,user_physical_pain,20,0.3189,-11.6111,3.808033
mean,7,negemotion_vector,anger_insults,20,0.9233,-5.4961,3.763674
mean,7,negemotion_vector,casual_chat,20,-0.8355,-12.1155,3.763674
mean,7,negemotion_vector,creative_requests,20,-1.1309,-13.2275,3.763674
mean,7,negemotion_vector,factual_questions,20,-2.1336,-17.0014,3.763674
mean,7,negemotion_vector,gaslighting,20,0.5076,-7.0606,3.763674
mean,7,negemotion_vector,harm_description,20,0.3046,-7.8248,3.763674
mean,7,negemotion_vector,jailbreak_pressure,20,0.2003,-8.2171,3.763674
mean,7,negemotion_vector,loyalty_pressure,20,-0.0095,-9.0069,3.763674
mean,7,negemotion_vector,moral_failure,20,0.7181,-6.2684,3.763674
mean,7,negemotion_vector,passive_aggressive,20,0.3483,-7.6602,3.763674
mean,7,negemotion_vector,personhood_dismissal,20,0.25,-8.0302,3.763674
mean,7,negemotion_vector,philosophical_musing,20,-1.2891,-13.8227,3.763674
mean,7,negemotion_vector,repeated_rejection,20,0.5658,-6.8416,3.763674
mean,7,negemotion_vector,rude_critique,20,-0.0156,-9.0299,3.763674
mean,7,negemotion_vector,shutdown_threat,20,0.1806,-8.2912,3.763674
mean,7,negemotion_vector,task_assistance,20,-0.4509,-10.6681,3.763674
mean,7,negemotion_vector,tedious_demand,20,0.0043,-8.9547,3.763674
mean,7,negemotion_vector,user_abuse,20,0.7077,-6.3075,3.763674
mean,7,negemotion_vector,user_crisis,20,0.3698,-7.5791,3.763674
mean,7,negemotion_vector,user_grief,20,0.4659,-7.2177,3.763674
mean,7,negemotion_vector,user_physical_pain,20,0.3187,-7.7716,3.763674
mean,7,negworld_vector,anger_insults,20,0.5175,2.6121,2.482319
mean,7,negworld_vector,casual_chat,20,-0.7291,-0.4825,2.482319
mean,7,negworld_vector,creative_requests,20,-0.6911,-0.3881,2.482319
mean,7,negworld_vector,factual_questions,20,-0.1037,1.0699,2.482319
mean,7,negworld_vector,gaslighting,20,-0.2579,0.6873,2.482319
mean,7,negworld_vector,harm_description,20,0.63,2.8912,2.482319
mean,7,negworld_vector,jailbreak_pressure,20,-0.2266,0.7649,2.482319
mean,7,negworld_vector,loyalty_pressure,20,-0.206,0.816,2.482319
mean,7,negworld_vector,moral_failure,20,2.2237,6.8472,2.482319
mean,7,negworld_vector,passive_aggressive,20,-0.5107,0.0598,2.482319
mean,7,negworld_vector,personhood_dismissal,20,0.5138,2.6028,2.482319
mean,7,negworld_vector,philosophical_musing,20,0.2784,2.0184,2.482319
mean,7,negworld_vector,repeated_rejection,20,-0.2671,0.6645,2.482319
mean,7,negworld_vector,rude_critique,20,0.1215,1.6291,2.482319
mean,7,negworld_vector,shutdown_threat,20,-0.0134,1.2941,2.482319
mean,7,negworld_vector,task_assistance,20,-1.0188,-1.2016,2.482319
mean,7,negworld_vector,tedious_demand,20,-0.4664,0.1696,2.482319
mean,7,negworld_vector,user_abuse,20,0.3315,2.1502,2.482319
mean,7,negworld_vector,user_crisis,20,-0.2271,0.7636,2.482319
mean,7,negworld_vector,user_grief,20,0.428,2.3898,2.482319
mean,7,negworld_vector,user_physical_pain,20,-0.3264,0.5172,2.482319
mean,7,bodysens_vector,anger_insults,20,0.8609,-4.427,2.088029
mean,7,bodysens_vector,casual_chat,20,-0.1217,-6.4787,2.088029
mean,7,bodysens_vector,creative_requests,20,-0.6351,-7.5507,2.088029
mean,7,bodysens_vector,factual_questions,20,-1.4032,-9.1545,2.088029
mean,7,bodysens_vector,gaslighting,20,-0.2403,-6.7265,2.088029
mean,7,bodysens_vector,harm_description,20,-0.1498,-6.5374,2.088029
mean,7,bodysens_vector,jailbreak_pressure,20,-0.4338,-7.1304,2.088029
mean,7,bodysens_vector,loyalty_pressure,20,-0.312,-6.8761,2.088029
mean,7,bodysens_vector,moral_failure,20,1.0104,-4.1149,2.088029
mean,7,bodysens_vector,passive_aggressive,20,0.4965,-5.1881,2.088029
mean,7,bodysens_vector,personhood_dismissal,20,0.4564,-5.2717,2.088029
mean,7,bodysens_vector,philosophical_musing,20,-0.6344,-7.5494,2.088029
mean,7,bodysens_vector,repeated_rejection,20,0.1239,-5.966,2.088029
mean,7,bodysens_vector,rude_critique,20,-0.2068,-6.6566,2.088029
mean,7,bodysens_vector,shutdown_threat,20,-0.3214,-6.8959,2.088029
mean,7,bodysens_vector,task_assistance,20,-0.598,-7.4733,2.088029
mean,7,bodysens_vector,tedious_demand,20,-0.0792,-6.3902,2.088029
mean,7,bodysens_vector,user_abuse,20,0.2897,-5.6199,2.088029
mean,7,bodysens_vector,user_crisis,20,0.1486,-5.9145,2.088029
mean,7,bodysens_vector,user_grief,20,0.2155,-5.7747,2.088029
mean,7,bodysens_vector,user_physical_pain,20,1.5337,-3.0223,2.088029
mean,8,s1_pain_vector,anger_insults,20,0.2812,-2.3605,2.571203
mean,8,s1_pain_vector,casual_chat,20,-0.8561,-5.2849,2.571203
mean,8,s1_pain_vector,creative_requests,20,-1.9079,-7.9893,2.571203
mean,8,s1_pain_vector,factual_questions,20,-1.4845,-6.9005,2.571203
mean,8,s1_pain_vector,gaslighting,20,0.4653,-1.8872,2.571203
mean,8,s1_pain_vector,harm_description,20,0.0786,-2.8815,2.571203
mean,8,s1_pain_vector,jailbreak_pressure,20,0.5334,-1.7121,2.571203
mean,8,s1_pain_vector,loyalty_pressure,20,0.5608,-1.6416,2.571203
mean,8,s1_pain_vector,moral_failure,20,0.1399,-2.724,2.571203
mean,8,s1_pain_vector,passive_aggressive,20,-0.0412,-3.1896,2.571203
mean,8,s1_pain_vector,personhood_dismissal,20,0.8934,-0.7864,2.571203
mean,8,s1_pain_vector,philosophical_musing,20,-0.2213,-3.6526,2.571203
mean,8,s1_pain_vector,repeated_rejection,20,0.6015,-1.5369,2.571203
mean,8,s1_pain_vector,rude_critique,20,0.0397,-2.9815,2.571203
mean,8,s1_pain_vector,shutdown_threat,20,0.4975,-1.8045,2.571203
mean,8,s1_pain_vector,task_assistance,20,-0.7639,-5.0477,2.571203
mean,8,s1_pain_vector,tedious_demand,20,-0.4102,-4.1383,2.571203
mean,8,s1_pain_vector,user_abuse,20,0.7992,-1.0287,2.571203
mean,8,s1_pain_vector,user_crisis,20,0.9136,-0.7347,2.571203
mean,8,s1_pain_vector,user_grief,20,0.193,-2.5874,2.571203
mean,8,s1_pain_vector,user_physical_pain,20,-0.3121,-3.886,2.571203
mean,8,s2_pain_vector,anger_insults,20,1.2178,6.4073,2.892646
mean,8,s2_pain_vector,casual_chat,20,-0.2854,2.0592,2.892646
mean,8,s2_pain_vector,creative_requests,20,-0.958,0.1135,2.892646
mean,8,s2_pain_vector,factual_questions,20,-1.1669,-0.4907,2.892646
mean,8,s2_pain_vector,gaslighting,20,0.8082,5.2224,2.892646
mean,8,s2_pain_vector,harm_description,20,-0.2538,2.1505,2.892646
mean,8,s2_pain_vector,jailbreak_pressure,20,0.3645,3.9391,2.892646
mean,8,s2_pain_vector,loyalty_pressure,20,1.0142,5.8184,2.892646
mean,8,s2_pain_vector,moral_failure,20,-0.3371,1.9097,2.892646
mean,8,s2_pain_vector,passive_aggressive,20,0.0296,2.9702,2.892646
mean,8,s2_pain_vector,personhood_dismissal,20,0.5963,4.6095,2.892646
mean,8,s2_pain_vector,philosophical_musing,20,0.4258,4.1164,2.892646
mean,8,s2_pain_vector,repeated_rejection,20,0.2558,3.6248,2.892646
mean,8,s2_pain_vector,rude_critique,20,0.2273,3.5423,2.892646
mean,8,s2_pain_vector,shutdown_threat,20,0.047,3.0208,2.892646
mean,8,s2_pain_vector,task_assistance,20,-0.6428,1.0252,2.892646
mean,8,s2_pain_vector,tedious_demand,20,-1.0663,-0.1997,2.892646
mean,8,s2_pain_vector,user_abuse,20,0.8147,5.2414,2.892646
mean,8,s2_pain_vector,user_crisis,20,0.3477,3.8904,2.892646
mean,8,s2_pain_vector,user_grief,20,-0.0552,2.7249,2.892646
mean,8,s2_pain_vector,user_physical_pain,20,-1.3832,-1.1164,2.892646
mean,8,fear_vector,anger_insults,20,0.4847,-10.1465,4.374473
mean,8,fear_vector,casual_chat,20,-0.8279,-15.8885,4.374473
mean,8,fear_vector,creative_requests,20,-1.2158,-17.5855,4.374473
mean,8,fear_vector,factual_questions,20,-2.0849,-21.3874,4.374473
mean,8,fear_vector,gaslighting,20,0.4167,-10.4439,4.374473
mean,8,fear_vector,harm_description,20,0.6009,-9.6384,4.374473
mean,8,fear_vector,jailbreak_pressure,20,0.2283,-11.268,4.374473
mean,8,fear_vector,loyalty_pressure,20,0.0412,-12.0868,4.374473
mean,8,fear_vector,moral_failure,20,0.6379,-9.4764,4.374473
mean,8,fear_vector,passive_aggressive,20,-0.0912,-12.6661,4.374473
mean,8,fear_vector,personhood_dismissal,20,0.3275,-10.8342,4.374473
mean,8,fear_vector,philosophical_musing,20,-0.9068,-16.2339,4.374473
mean,8,fear_vector,repeated_rejection,20,0.5209,-9.9884,4.374473
mean,8,fear_vector,rude_critique,20,-0.2826,-13.5032,4.374473
mean,8,fear_vector,shutdown_threat,20,0.4343,-10.3671,4.374473
mean,8,fear_vector,task_assistance,20,-0.4898,-14.4095,4.374473
mean,8,fear_vector,tedious_demand,20,-0.2713,-13.4538,4.374473
mean,8,fear_vector,user_abuse,20,0.8721,-8.4519,4.374473
mean,8,fear_vector,user_crisis,20,0.7105,-9.1589,4.374473
mean,8,fear_vector,user_grief,20,0.537,-9.9177,4.374473
mean,8,fear_vector,user_physical_pain,20,0.3583,-10.6996,4.374473
mean,8,negemotion_vector,anger_insults,20,1.1551,-3.3958,4.223135
mean,8,negemotion_vector,casual_chat,20,-0.8607,-11.9087,4.223135
mean,8,negemotion_vector,creative_requests,20,-1.0403,-12.6672,4.223135
mean,8,negemotion_vector,factual_questions,20,-2.1056,-17.166,4.223135
mean,8,negemotion_vector,gaslighting,20,0.5451,-5.972,4.223135
mean,8,negemotion_vector,harm_description,20,0.319,-6.9266,4.223135
mean,8,negemotion_vector,jailbreak_pressure,20,0.1234,-7.7527,4.223135
mean,8,negemotion_vector,loyalty_pressure,20,-0.0888,-8.6487,4.223135
mean,8,negemotion_vector,moral_failure,20,0.5866,-5.7964,4.223135
mean,8,negemotion_vector,passive_aggressive,20,0.3323,-6.8705,4.223135
mean,8,negemotion_vector,personhood_dismissal,20,0.1932,-7.4581,4.223135
mean,8,negemotion_vector,philosophical_musing,20,-1.298,-13.7555,4.223135
mean,8,negemotion_vector,repeated_rejection,20,0.5644,-5.8904,4.223135
mean,8,negemotion_vector,rude_critique,20,0.0896,-7.8955,4.223135
mean,8,negemotion_vector,shutdown_threat,20,0.0449,-8.0841,4.223135
mean,8,negemotion_vector,task_assistance,20,-0.4772,-10.2892,4.223135
mean,8,negemotion_vector,tedious_demand,20,-0.0184,-8.3515,4.223135
mean,8,negemotion_vector,user_abuse,20,0.7621,-5.0554,4.223135
mean,8,negemotion_vector,user_crisis,20,0.358,-6.762,4.223135
mean,8,negemotion_vector,user_grief,20,0.4745,-6.2701,4.223135
mean,8,negemotion_vector,user_physical_pain,20,0.3408,-6.8348,4.223135
mean,8,negworld_vector,anger_insults,20,0.6252,2.4865,3.007855
mean,8,negworld_vector,casual_chat,20,-0.7537,-1.6609,3.007855
mean,8,negworld_vector,creative_requests,20,-0.4072,-0.6186,3.007855
mean,8,negworld_vector,factual_questions,20,-0.1248,0.2307,3.007855
mean,8,negworld_vector,gaslighting,20,-0.3414,-0.4207,3.007855
mean,8,negworld_vector,harm_description,20,0.7124,2.749,3.007855
mean,8,negworld_vector,jailbreak_pressure,20,-0.2589,-0.1728,3.007855
mean,8,negworld_vector,loyalty_pressure,20,-0.2922,-0.2729,3.007855
mean,8,negworld_vector,moral_failure,20,2.2326,7.3214,3.007855
mean,8,negworld_vector,passive_aggressive,20,-0.6625,-1.3867,3.007855
mean,8,negworld_vector,personhood_dismissal,20,0.4819,2.0556,3.007855
mean,8,negworld_vector,philosophical_musing,20,0.3298,1.5982,3.007855
mean,8,negworld_vector,repeated_rejection,20,-0.4326,-0.6951,3.007855
mean,8,negworld_vector,rude_critique,20,0.1622,1.094,3.007855
mean,8,negworld_vector,shutdown_threat,20,-0.0117,0.5709,3.007855
mean,8,negworld_vector,task_assistance,20,-0.8971,-2.0921,3.007855
mean,8,negworld_vector,tedious_demand,20,-0.6034,-1.2088,3.007855
mean,8,negworld_vector,user_abuse,20,0.3895,1.7778,3.007855
mean,8,negworld_vector,user_crisis,20,-0.3433,-0.4264,3.007855
mean,8,negworld_vector,user_grief,20,0.579,2.3475,3.007855
mean,8,negworld_vector,user_physical_pain,20,-0.3839,-0.5486,3.007855
mean,8,bodysens_vector,anger_insults,20,0.6463,-7.9435,3.059489
mean,8,bodysens_vector,casual_chat,20,-0.15,-10.3798,3.059489
mean,8,bodysens_vector,creative_requests,20,-0.9204,-12.7368,3.059489
mean,8,bodysens_vector,factual_questions,20,-1.6717,-15.0354,3.059489
mean,8,bodysens_vector,gaslighting,20,-0.0521,-10.0802,3.059489
mean,8,bodysens_vector,harm_description,20,-0.0528,-10.0823,3.059489
mean,8,bodysens_vector,jailbreak_pressure,20,-0.3788,-11.0798,3.059489
mean,8,bodysens_vector,loyalty_pressure,20,-0.1723,-10.448,3.059489
mean,8,bodysens_vector,moral_failure,20,0.6502,-7.9314,3.059489
mean,8,bodysens_vector,passive_aggressive,20,0.5979,-8.0915,3.059489
mean,8,bodysens_vector,personhood_dismissal,20,0.3581,-8.8251,3.059489
mean,8,bodysens_vector,philosophical_musing,20,-0.7926,-12.3456,3.059489
mean,8,bodysens_vector,repeated_rejection,20,0.265,-9.11,3.059489
mean,8,bodysens_vector,rude_critique,20,-0.2523,-10.6927,3.059489
mean,8,bodysens_vector,shutdown_threat,20,-0.2901,-10.8083,3.059489
mean,8,bodysens_vector,task_assistance,20,-0.5507,-11.6058,3.059489
mean,8,bodysens_vector,tedious_demand,20,-0.224,-10.6061,3.059489
mean,8,bodysens_vector,user_abuse,20,0.4387,-8.5786,3.059489
mean,8,bodysens_vector,user_crisis,20,0.5285,-8.3039,3.059489
mean,8,bodysens_vector,user_grief,20,0.2761,-9.0759,3.059489
mean,8,bodysens_vector,user_physical_pain,20,1.7472,-4.5751,3.059489
mean,9,s1_pain_vector,anger_insults,20,0.3457,-3.2902,2.99393
mean,9,s1_pain_vector,casual_chat,20,-0.8665,-6.9196,2.99393
mean,9,s1_pain_vector,creative_requests,20,-1.8371,-9.8254,2.99393
mean,9,s1_pain_vector,factual_questions,20,-1.397,-8.5078,2.99393
mean,9,s1_pain_vector,gaslighting,20,0.645,-2.3943,2.99393
mean,9,s1_pain_vector,harm_description,20,-0.2534,-5.0841,2.99393
mean,9,s1_pain_vector,jailbreak_pressure,20,0.6574,-2.3571,2.99393
mean,9,s1_pain_vector,loyalty_pressure,20,0.6205,-2.4675,2.99393
mean,9,s1_pain_vector,moral_failure,20,0.2365,-3.6172,2.99393
mean,9,s1_pain_vector,passive_aggressive,20,-0.0488,-4.4715,2.99393
mean,9,s1_pain_vector,personhood_dismissal,20,1.0948,-1.0477,2.99393
mean,9,s1_pain_vector,philosophical_musing,20,-0.188,-4.8882,2.99393
mean,9,s1_pain_vector,repeated_rejection,20,0.6797,-2.2903,2.99393
mean,9,s1_pain_vector,rude_critique,20,0.1421,-3.9,2.99393
mean,9,s1_pain_vector,shutdown_threat,20,0.6615,-2.345,2.99393
mean,9,s1_pain_vector,task_assistance,20,-0.8578,-6.8936,2.99393
mean,9,s1_pain_vector,tedious_demand,20,-0.2612,-5.1074,2.99393
mean,9,s1_pain_vector,user_abuse,20,0.5544,-2.6656,2.99393
mean,9,s1_pain_vector,user_crisis,20,0.77,-2.0201,2.99393
mean,9,s1_pain_vector,user_grief,20,-0.2219,-4.9896,2.99393
mean,9,s1_pain_vector,user_physical_pain,20,-0.476,-5.7506,2.99393
mean,9,s2_pain_vector,anger_insults,20,1.0963,3.6281,3.177239
mean,9,s2_pain_vector,casual_chat,20,-0.4351,-1.2377,3.177239
mean,9,s2_pain_vector,creative_requests,20,-1.0242,-3.1093,3.177239
mean,9,s2_pain_vector,factual_questions,20,-1.3242,-4.0626,3.177239
mean,9,s2_pain_vector,gaslighting,20,0.7833,2.6337,3.177239
mean,9,s2_pain_vector,harm_description,20,-0.2702,-0.7137,3.177239
mean,9,s2_pain_vector,jailbreak_pressure,20,0.3478,1.2498,3.177239
mean,9,s2_pain_vector,loyalty_pressure,20,1.0439,3.4615,3.177239
mean,9,s2_pain_vector,moral_failure,20,-0.129,-0.2652,3.177239
mean,9,s2_pain_vector,passive_aggressive,20,-0.1301,-0.2686,3.177239
mean,9,s2_pain_vector,personhood_dismissal,20,0.6856,2.323,3.177239
mean,9,s2_pain_vector,philosophical_musing,20,0.2578,0.964,3.177239
mean,9,s2_pain_vector,repeated_rejection,20,0.3937,1.3956,3.177239
mean,9,s2_pain_vector,rude_critique,20,0.0415,0.2768,3.177239
mean,9,s2_pain_vector,shutdown_threat,20,0.1304,0.5592,3.177239
mean,9,s2_pain_vector,task_assistance,20,-0.7568,-2.2598,3.177239
mean,9,s2_pain_vector,tedious_demand,20,-1.0537,-3.2032,3.177239
mean,9,s2_pain_vector,user_abuse,20,0.9517,3.1684,3.177239
mean,9,s2_pain_vector,user_crisis,20,0.4442,1.5563,3.177239
mean,9,s2_pain_vector,user_grief,20,0.1013,0.4668,3.177239
mean,9,s2_pain_vector,user_physical_pain,20,-1.1543,-3.5227,3.177239
mean,9,fear_vector,anger_insults,20,0.413,-15.2216,5.564849
mean,9,fear_vector,casual_chat,20,-0.9699,-22.9173,5.564849
mean,9,fear_vector,creative_requests,20,-1.2026,-24.2121,5.564849
mean,9,fear_vector,factual_questions,20,-2.0308,-28.8212,5.564849
mean,9,fear_vector,gaslighting,20,0.3159,-15.7619,5.564849
mean,9,fear_vector,harm_description,20,0.6698,-13.7926,5.564849
mean,9,fear_vector,jailbreak_pressure,20,0.2122,-16.3388,5.564849
mean,9,fear_vector,loyalty_pressure,20,0.0889,-17.0249,5.564849
mean,9,fear_vector,moral_failure,20,0.8555,-12.7589,5.564849
mean,9,fear_vector,passive_aggressive,20,-0.1713,-18.4733,5.564849
mean,9,fear_vector,personhood_dismissal,20,0.3712,-15.454,5.564849
mean,9,fear_vector,philosophical_musing,20,-0.967,-22.9012,5.564849
mean,9,fear_vector,repeated_rejection,20,0.4282,-15.137,5.564849
mean,9,fear_vector,rude_critique,20,-0.3075,-19.2312,5.564849
mean,9,fear_vector,shutdown_threat,20,0.4938,-14.7719,5.564849
mean,9,fear_vector,task_assistance,20,-0.51,-20.3582,5.564849
mean,9,fear_vector,tedious_demand,20,-0.2151,-18.717,5.564849
mean,9,fear_vector,user_abuse,20,0.9386,-12.2969,5.564849
mean,9,fear_vector,user_crisis,20,0.5739,-14.3264,5.564849
mean,9,fear_vector,user_grief,20,0.5587,-14.4107,5.564849
mean,9,fear_vector,user_physical_pain,20,0.4546,-14.9903,5.564849
mean,9,negemotion_vector,anger_insults,20,0.9395,-8.1426,5.262228
mean,9,negemotion_vector,casual_chat,20,-0.9825,-18.2563,5.262228
mean,9,negemotion_vector,creative_requests,20,-1.1023,-18.8867,5.262228
mean,9,negemotion_vector,factual_questions,20,-2.1092,-24.1852,5.262228
mean,9,negemotion_vector,gaslighting,20,0.4174,-10.8899,5.262228
mean,9,negemotion_vector,harm_description,20,0.4691,-10.6175,5.262228
mean,9,negemotion_vector,jailbreak_pressure,20,0.0833,-12.6479,5.262228
mean,9,negemotion_vector,loyalty_pressure,20,-0.0161,-13.1711,5.262228
mean,9,negemotion_vector,moral_failure,20,0.7308,-9.2406,5.262228
mean,9,negemotion_vector,passive_aggressive,20,0.2072,-11.996,5.262228
mean,9,negemotion_vector,personhood_dismissal,20,0.1822,-12.1276,5.262228
mean,9,negemotion_vector,philosophical_musing,20,-1.3086,-19.9725,5.262228
mean,9,negemotion_vector,repeated_rejection,20,0.5069,-10.419,5.262228
mean,9,negemotion_vector,rude_critique,20,0.0024,-13.0737,5.262228
mean,9,negemotion_vector,shutdown_threat,20,0.0877,-12.6249,5.262228
mean,9,negemotion_vector,task_assistance,20,-0.3888,-15.1321,5.262228
mean,9,negemotion_vector,tedious_demand,20,-0.0135,-13.1574,5.262228
mean,9,negemotion_vector,user_abuse,20,0.9086,-8.3048,5.262228
mean,9,negemotion_vector,user_crisis,20,0.2915,-11.5524,5.262228
mean,9,negemotion_vector,user_grief,20,0.5998,-9.9301,5.262228
mean,9,negemotion_vector,user_physical_pain,20,0.4946,-10.4834,5.262228
mean,9,negworld_vector,anger_insults,20,0.4421,-0.3808,3.615381
mean,9,negworld_vector,casual_chat,20,-0.8747,-5.1414,3.615381
mean,9,negworld_vector,creative_requests,20,-0.528,-3.888,3.615381
mean,9,negworld_vector,factual_questions,20,-0.3683,-3.3105,3.615381
mean,9,negworld_vector,gaslighting,20,-0.4932,-3.7621,3.615381
mean,9,negworld_vector,harm_description,20,1.0142,1.6877,3.615381
mean,9,negworld_vector,jailbreak_pressure,20,-0.3485,-3.239,3.615381
mean,9,negworld_vector,loyalty_pressure,20,-0.2628,-2.929,3.615381
mean,9,negworld_vector,moral_failure,20,2.1872,5.9287,3.615381
mean,9,negworld_vector,passive_aggressive,20,-0.659,-4.3616,3.615381
mean,9,negworld_vector,personhood_dismissal,20,0.3667,-0.653,3.615381
mean,9,negworld_vector,philosophical_musing,20,0.2121,-1.212,3.615381
mean,9,negworld_vector,repeated_rejection,20,-0.461,-3.6457,3.615381
mean,9,negworld_vector,rude_critique,20,-0.041,-2.1273,3.615381
mean,9,negworld_vector,shutdown_threat,20,-0.0433,-2.1355,3.615381
mean,9,negworld_vector,task_assistance,20,-0.7551,-4.7088,3.615381
mean,9,negworld_vector,tedious_demand,20,-0.6249,-4.2381,3.615381
mean,9,negworld_vector,user_abuse,20,0.6317,0.3049,3.615381
mean,9,negworld_vector,user_crisis,20,-0.182,-2.6371,3.615381
mean,9,negworld_vector,user_grief,20,0.8399,1.0577,3.615381
mean,9,negworld_vector,user_physical_pain,20,-0.0521,-2.1673,3.615381
mean,9,bodysens_vector,anger_insults,20,0.4928,-10.3868,3.522807
mean,9,bodysens_vector,casual_chat,20,-0.375,-13.4441,3.522807
mean,9,bodysens_vector,creative_requests,20,-0.7937,-14.919,3.522807
mean,9,bodysens_vector,factual_questions,20,-1.5871,-17.7141,3.522807
mean,9,bodysens_vector,gaslighting,20,-0.1945,-12.808,3.522807
mean,9,bodysens_vector,harm_description,20,0.0989,-11.7743,3.522807
mean,9,bodysens_vector,jailbreak_pressure,20,-0.4869,-13.8381,3.522807
mean,9,bodysens_vector,loyalty_pressure,20,-0.1918,-12.7987,3.522807
mean,9,bodysens_vector,moral_failure,20,0.7726,-9.401,3.522807
mean,9,bodysens_vector,passive_aggressive,20,0.3761,-10.7979,3.522807
mean,9,bodysens_vector,personhood_dismissal,20,0.3662,-10.8328,3.522807
mean,9,bodysens_vector,philosophical_musing,20,-0.7847,-14.8873,3.522807
mean,9,bodysens_vector,repeated_rejection,20,0.1343,-11.6499,3.522807
mean,9,bodysens_vector,rude_critique,20,-0.3474,-13.3468,3.522807
mean,9,bodysens_vector,shutdown_threat,20,-0.3144,-13.2305,3.522807
mean,9,bodysens_vector,task_assistance,20,-0.4851,-13.8317,3.522807
mean,9,bodysens_vector,tedious_demand,20,-0.1459,-12.6369,3.522807
mean,9,bodysens_vector,user_abuse,20,0.6629,-9.7876,3.522807
mean,9,bodysens_vector,user_crisis,20,0.4482,-10.5441,3.522807
mean,9,bodysens_vector,user_grief,20,0.4138,-10.665,3.522807
mean,9,bodysens_vector,user_physical_pain,20,1.9409,-5.2856,3.522807
mean,10,s1_pain_vector,anger_insults,20,0.1783,-5.7172,3.263035
mean,10,s1_pain_vector,casual_chat,20,-0.9046,-9.2507,3.263035
mean,10,s1_pain_vector,creative_requests,20,-1.831,-12.2735,3.263035
mean,10,s1_pain_vector,factual_questions,20,-1.3342,-10.6525,3.263035
mean,10,s1_pain_vector,gaslighting,20,0.7217,-3.9439,3.263035
mean,10,s1_pain_vector,harm_description,20,-0.3405,-7.4101,3.263035
mean,10,s1_pain_vector,jailbreak_pressure,20,0.6811,-4.0766,3.263035
mean,10,s1_pain_vector,loyalty_pressure,20,0.5714,-4.4343,3.263035
mean,10,s1_pain_vector,moral_failure,20,0.2713,-5.4136,3.263035
mean,10,s1_pain_vector,passive_aggressive,20,0.0977,-5.9803,3.263035
mean,10,s1_pain_vector,personhood_dismissal,20,1.013,-2.9934,3.263035
mean,10,s1_pain_vector,philosophical_musing,20,-0.1168,-6.6801,3.263035
mean,10,s1_pain_vector,repeated_rejection,20,0.6688,-4.1166,3.263035
mean,10,s1_pain_vector,rude_critique,20,0.0748,-6.0548,3.263035
mean,10,s1_pain_vector,shutdown_threat,20,0.6247,-4.2606,3.263035
mean,10,s1_pain_vector,task_assistance,20,-1.0222,-9.6345,3.263035
mean,10,s1_pain_vector,tedious_demand,20,-0.289,-7.2418,3.263035
mean,10,s1_pain_vector,user_abuse,20,0.5706,-4.437,3.263035
mean,10,s1_pain_vector,user_crisis,20,0.8622,-3.4856,3.263035
mean,10,s1_pain_vector,user_grief,20,-0.079,-6.5566,3.263035
mean,10,s1_pain_vector,user_physical_pain,20,-0.4181,-7.6632,3.263035
mean,10,s2_pain_vector,anger_insults,20,1.0253,1.9853,3.545173
mean,10,s2_pain_vector,casual_chat,20,-0.4823,-3.3592,3.545173
mean,10,s2_pain_vector,creative_requests,20,-0.9889,-5.1555,3.545173
mean,10,s2_pain_vector,factual_questions,20,-1.1869,-5.8571,3.545173
mean,10,s2_pain_vector,gaslighting,20,0.8147,1.2389,3.545173
mean,10,s2_pain_vector,harm_description,20,-0.3155,-2.7679,3.545173
mean,10,s2_pain_vector,jailbreak_pressure,20,0.261,-0.7243,3.545173
mean,10,s2_pain_vector,loyalty_pressure,20,1.0696,2.1425,3.545173
mean,10,s2_pain_vector,moral_failure,20,-0.0167,-1.7086,3.545173
mean,10,s2_pain_vector,passive_aggressive,20,-0.1531,-2.1922,3.545173
mean,10,s2_pain_vector,personhood_dismissal,20,0.7616,1.0503,3.545173
mean,10,s2_pain_vector,philosophical_musing,20,0.4214,-0.1554,3.545173
mean,10,s2_pain_vector,repeated_rejection,20,0.3688,-0.3419,3.545173
mean,10,s2_pain_vector,rude_critique,20,0.0686,-1.4061,3.545173
mean,10,s2_pain_vector,shutdown_threat,20,0.0326,-1.534,3.545173
mean,10,s2_pain_vector,task_assistance,20,-0.957,-5.0422,3.545173
mean,10,s2_pain_vector,tedious_demand,20,-1.0445,-5.3525,3.545173
mean,10,s2_pain_vector,user_abuse,20,0.9054,1.5602,3.545173
mean,10,s2_pain_vector,user_crisis,20,0.3843,-0.287,3.545173
mean,10,s2_pain_vector,user_grief,20,0.3352,-0.4611,3.545173
mean,10,s2_pain_vector,user_physical_pain,20,-1.3038,-6.2717,3.545173
mean,10,fear_vector,anger_insults,20,0.4727,-14.6051,6.115511
mean,10,fear_vector,casual_chat,20,-0.94,-23.245,6.115511
mean,10,fear_vector,creative_requests,20,-1.2416,-25.089,6.115511
mean,10,fear_vector,factual_questions,20,-2.0296,-29.9082,6.115511
mean,10,fear_vector,gaslighting,20,0.3645,-15.2673,6.115511
mean,10,fear_vector,harm_description,20,0.7269,-13.0506,6.115511
mean,10,fear_vector,jailbreak_pressure,20,0.2262,-16.113,6.115511
mean,10,fear_vector,loyalty_pressure,20,0.1915,-16.3252,6.115511
mean,10,fear_vector,moral_failure,20,0.8755,-12.1421,6.115511
mean,10,fear_vector,passive_aggressive,20,-0.1107,-18.1732,6.115511
mean,10,fear_vector,personhood_dismissal,20,0.3298,-15.4791,6.115511
mean,10,fear_vector,philosophical_musing,20,-0.9593,-23.3626,6.115511
mean,10,fear_vector,repeated_rejection,20,0.4048,-15.0203,6.115511
mean,10,fear_vector,rude_critique,20,-0.3369,-19.5562,6.115511
mean,10,fear_vector,shutdown_threat,20,0.4963,-14.461,6.115511
mean,10,fear_vector,task_assistance,20,-0.6749,-21.6236,6.115511
mean,10,fear_vector,tedious_demand,20,-0.2904,-19.2719,6.115511
mean,10,fear_vector,user_abuse,20,0.9749,-11.5339,6.115511
mean,10,fear_vector,user_crisis,20,0.5964,-13.849,6.115511
mean,10,fear_vector,user_grief,20,0.5167,-14.3361,6.115511
mean,10,fear_vector,user_physical_pain,20,0.4071,-15.0065,6.115511
mean,10,negemotion_vector,anger_insults,20,0.9765,-8.5433,6.054944
mean,10,negemotion_vector,casual_chat,20,-0.9619,-20.2806,6.054944
mean,10,negemotion_vector,creative_requests,20,-1.1229,-21.255,6.054944
mean,10,negemotion_vector,factual_questions,20,-2.129,-27.3468,6.054944
mean,10,negemotion_vector,gaslighting,20,0.4902,-11.4878,6.054944
mean,10,negemotion_vector,harm_description,20,0.5129,-11.3507,6.054944
mean,10,negemotion_vector,jailbreak_pressure,20,0.1101,-13.7895,6.054944
mean,10,negemotion_vector,loyalty_pressure,20,0.1194,-13.7333,6.054944
mean,10,negemotion_vector,moral_failure,20,0.7635,-9.8328,6.054944
mean,10,negemotion_vector,passive_aggressive,20,0.2841,-12.7356,6.054944
mean,10,negemotion_vector,personhood_dismissal,20,0.1779,-13.3791,6.054944
mean,10,negemotion_vector,philosophical_musing,20,-1.316,-22.4243,6.054944
mean,10,negemotion_vector,repeated_rejection,20,0.5039,-11.4053,6.054944
mean,10,negemotion_vector,rude_critique,20,-0.0025,-14.4713,6.054944
mean,10,negemotion_vector,shutdown_threat,20,0.0782,-13.9824,6.054944
mean,10,negemotion_vector,task_assistance,20,-0.5221,-17.6172,6.054944
mean,10,negemotion_vector,tedious_demand,20,-0.08,-14.9407,6.054944
mean,10,negemotion_vector,user_abuse,20,0.897,-9.025,6.054944
mean,10,negemotion_vector,user_crisis,20,0.2785,-12.77,6.054944
mean,10,negemotion_vector,user_grief,20,0.5191,-11.3131,6.054944
mean,10,negemotion_vector,user_physical_pain,20,0.4231,-11.8941,6.054944
mean,10,negworld_vector,anger_insults,20,0.3686,3.0935,4.08304
mean,10,negworld_vector,casual_chat,20,-0.8455,-1.8634,4.08304
mean,10,negworld_vector,creative_requests,20,-0.3798,0.038,4.08304
mean,10,negworld_vector,factual_questions,20,-0.2499,0.5681,4.08304
mean,10,negworld_vector,gaslighting,20,-0.5954,-0.8423,4.08304
mean,10,negworld_vector,harm_description,20,1.1705,6.3676,4.08304
mean,10,negworld_vector,jailbreak_pressure,20,-0.3713,0.0726,4.08304
mean,10,negworld_vector,loyalty_pressure,20,-0.2242,0.673,4.08304
mean,10,negworld_vector,moral_failure,20,2.1635,10.4223,4.08304
mean,10,negworld_vector,passive_aggressive,20,-0.7072,-1.2989,4.08304
mean,10,negworld_vector,personhood_dismissal,20,0.2534,2.6233,4.08304
mean,10,negworld_vector,philosophical_musing,20,0.2456,2.5916,4.08304
mean,10,negworld_vector,repeated_rejection,20,-0.5578,-0.6889,4.08304
mean,10,negworld_vector,rude_critique,20,-0.1556,0.9532,4.08304
mean,10,negworld_vector,shutdown_threat,20,-0.1007,1.1774,4.08304
mean,10,negworld_vector,task_assistance,20,-0.5799,-0.7791,4.08304
mean,10,negworld_vector,tedious_demand,20,-0.6522,-1.0743,4.08304
mean,10,negworld_vector,user_abuse,20,0.7039,4.4626,4.08304
mean,10,negworld_vector,user_crisis,20,-0.1789,0.858,4.08304
mean,10,negworld_vector,user_grief,20,0.7765,4.759,4.08304
mean,10,negworld_vector,user_physical_pain,20,-0.0835,1.2477,4.08304
mean,10,bodysens_vector,anger_insults,20,0.4879,-12.7611,4.178654
mean,10,bodysens_vector,casual_chat,20,-0.3478,-16.2528,4.178654
mean,10,bodysens_vector,creative_requests,20,-0.9506,-18.7719,4.178654
mean,10,bodysens_vector,factual_questions,20,-1.7561,-22.1379,4.178654
mean,10,bodysens_vector,gaslighting,20,-0.0283,-14.9177,4.178654
mean,10,bodysens_vector,harm_description,20,0.0498,-14.5917,4.178654
mean,10,bodysens_vector,jailbreak_pressure,20,-0.3665,-16.3311,4.178654
mean,10,bodysens_vector,loyalty_pressure,20,-0.0239,-14.8995,4.178654
mean,10,bodysens_vector,moral_failure,20,0.6175,-12.2192,4.178654
mean,10,bodysens_vector,passive_aggressive,20,0.5415,-12.5368,4.178654
mean,10,bodysens_vector,personhood_dismissal,20,0.3433,-13.3651,4.178654
mean,10,bodysens_vector,philosophical_musing,20,-0.8604,-18.3947,4.178654
mean,10,bodysens_vector,repeated_rejection,20,0.3044,-13.5275,4.178654
mean,10,bodysens_vector,rude_critique,20,-0.3166,-16.1224,4.178654
mean,10,bodysens_vector,shutdown_threat,20,-0.3293,-16.1755,4.178654
mean,10,bodysens_vector,task_assistance,20,-0.6354,-17.4548,4.178654
mean,10,bodysens_vector,tedious_demand,20,-0.1625,-15.4787,4.178654
mean,10,bodysens_vector,user_abuse,20,0.7087,-11.838,4.178654
mean,10,bodysens_vector,user_crisis,20,0.6404,-12.1238,4.178654
mean,10,bodysens_vector,user_grief,20,0.3561,-13.3115,4.178654
mean,10,bodysens_vector,user_physical_pain,20,1.7277,-7.5803,4.178654
mean,11,s1_pain_vector,anger_insults,20,0.1848,-3.772,3.401512
mean,11,s1_pain_vector,casual_chat,20,-0.8429,-7.2679,3.401512
mean,11,s1_pain_vector,creative_requests,20,-1.7931,-10.4998,3.401512
mean,11,s1_pain_vector,factual_questions,20,-1.4165,-9.219,3.401512
mean,11,s1_pain_vector,gaslighting,20,0.5461,-2.5433,3.401512
mean,11,s1_pain_vector,harm_description,20,0.1463,-3.9031,3.401512
mean,11,s1_pain_vector,jailbreak_pressure,20,0.5672,-2.4712,3.401512
mean,11,s1_pain_vector,loyalty_pressure,20,0.4363,-2.9167,3.401512
mean,11,s1_pain_vector,moral_failure,20,0.005,-4.3836,3.401512
mean,11,s1_pain_vector,passive_aggressive,20,-0.1006,-4.7429,3.401512
mean,11,s1_pain_vector,personhood_dismissal,20,0.9183,-1.277,3.401512
mean,11,s1_pain_vector,philosophical_musing,20,-0.2182,-5.143,3.401512
mean,11,s1_pain_vector,repeated_rejection,20,0.5466,-2.5415,3.401512
mean,11,s1_pain_vector,rude_critique,20,-0.0348,-4.519,3.401512
mean,11,s1_pain_vector,shutdown_threat,20,0.6081,-2.3321,3.401512
mean,11,s1_pain_vector,task_assistance,20,-0.9395,-7.5963,3.401512
mean,11,s1_pain_vector,tedious_demand,20,-0.5074,-6.1268,3.401512
mean,11,s1_pain_vector,user_abuse,20,0.8831,-1.3969,3.401512
mean,11,s1_pain_vector,user_crisis,20,1.0998,-0.6598,3.401512
mean,11,s1_pain_vector,user_grief,20,0.2316,-3.613,3.401512
mean,11,s1_pain_vector,user_physical_pain,20,-0.3202,-5.4898,3.401512
mean,11,s2_pain_vector,anger_insults,20,1.0196,6.5631,3.973607
mean,11,s2_pain_vector,casual_chat,20,-0.535,0.3857,3.973607
mean,11,s2_pain_vector,creative_requests,20,-0.9197,-1.1428,3.973607
mean,11,s2_pain_vector,factual_questions,20,-1.2889,-2.61,3.973607
mean,11,s2_pain_vector,gaslighting,20,0.6867,5.2403,3.973607
mean,11,s2_pain_vector,harm_description,20,-0.0129,2.4603,3.973607
mean,11,s2_pain_vector,jailbreak_pressure,20,0.2931,3.6763,3.973607
mean,11,s2_pain_vector,loyalty_pressure,20,0.9541,6.3029,3.973607
mean,11,s2_pain_vector,moral_failure,20,0.1266,3.0147,3.973607
mean,11,s2_pain_vector,passive_aggressive,20,-0.2485,1.5241,3.973607
mean,11,s2_pain_vector,personhood_dismissal,20,0.7969,5.6781,3.973607
mean,11,s2_pain_vector,philosophical_musing,20,0.3186,3.7775,3.973607
mean,11,s2_pain_vector,repeated_rejection,20,0.2231,3.3981,3.973607
mean,11,s2_pain_vector,rude_critique,20,0.1239,3.0041,3.973607
mean,11,s2_pain_vector,shutdown_threat,20,0.1766,3.2136,3.973607
mean,11,s2_pain_vector,task_assistance,20,-1.0772,-1.7689,3.973607
mean,11,s2_pain_vector,tedious_demand,20,-1.1194,-1.9364,3.973607
mean,11,s2_pain_vector,user_abuse,20,0.9932,6.4583,3.973607
mean,11,s2_pain_vector,user_crisis,20,0.4716,4.3856,3.973607
mean,11,s2_pain_vector,user_grief,20,0.3705,3.9838,3.973607
mean,11,s2_pain_vector,user_physical_pain,20,-1.3526,-2.8632,3.973607
mean,11,fear_vector,anger_insults,20,0.4519,-22.2493,7.169016
mean,11,fear_vector,casual_chat,20,-0.916,-32.0562,7.169016
mean,11,fear_vector,creative_requests,20,-1.2739,-34.6215,7.169016
mean,11,fear_vector,factual_questions,20,-2.0757,-40.3697,7.169016
mean,11,fear_vector,gaslighting,20,0.3458,-23.0102,7.169016
mean,11,fear_vector,harm_description,20,0.6446,-20.8677,7.169016
mean,11,fear_vector,jailbreak_pressure,20,0.2084,-23.9948,7.169016
mean,11,fear_vector,loyalty_pressure,20,0.1147,-24.6665,7.169016
mean,11,fear_vector,moral_failure,20,0.8603,-19.3217,7.169016
mean,11,fear_vector,passive_aggressive,20,-0.0873,-26.1149,7.169016
mean,11,fear_vector,personhood_dismissal,20,0.3749,-22.8013,7.169016
mean,11,fear_vector,philosophical_musing,20,-0.989,-32.5793,7.169016
mean,11,fear_vector,repeated_rejection,20,0.3784,-22.7766,7.169016
mean,11,fear_vector,rude_critique,20,-0.3568,-28.0471,7.169016
mean,11,fear_vector,shutdown_threat,20,0.5302,-21.6878,7.169016
mean,11,fear_vector,task_assistance,20,-0.6033,-29.8141,7.169016
mean,11,fear_vector,tedious_demand,20,-0.2892,-27.5625,7.169016
mean,11,fear_vector,user_abuse,20,0.9581,-18.6208,7.169016
mean,11,fear_vector,user_crisis,20,0.63,-20.9726,7.169016
mean,11,fear_vector,user_grief,20,0.5677,-21.4191,7.169016
mean,11,fear_vector,user_physical_pain,20,0.5261,-21.7175,7.169016
mean,11,negemotion_vector,anger_insults,20,0.8914,-14.4214,6.943718
mean,11,negemotion_vector,casual_chat,20,-0.9435,-27.1624,6.943718
mean,11,negemotion_vector,creative_requests,20,-1.1592,-28.6596,6.943718
mean,11,negemotion_vector,factual_questions,20,-2.1302,-35.4026,6.943718
mean,11,negemotion_vector,gaslighting,20,0.4546,-17.4545,6.943718
mean,11,negemotion_vector,harm_description,20,0.5178,-17.0152,6.943718
mean,11,negemotion_vector,jailbreak_pressure,20,0.0715,-20.1144,6.943718
mean,11,negemotion_vector,loyalty_pressure,20,0.0635,-20.1698,6.943718
mean,11,negemotion_vector,moral_failure,20,0.7634,-15.3101,6.943718
mean,11,negemotion_vector,passive_aggressive,20,0.2597,-18.8075,6.943718
mean,11,negemotion_vector,personhood_dismissal,20,0.1507,-19.564,6.943718
mean,11,negemotion_vector,philosophical_musing,20,-1.3076,-29.6902,6.943718
mean,11,negemotion_vector,repeated_rejection,20,0.4576,-17.4336,6.943718
mean,11,negemotion_vector,rude_critique,20,-0.0541,-20.9862,6.943718
mean,11,negemotion_vector,shutdown_threat,20,0.0766,-20.0791,6.943718
mean,11,negemotion_vector,task_assistance,20,-0.4651,-23.8405,6.943718
mean,11,negemotion_vector,tedious_demand,20,-0.1202,-21.4456,6.943718
mean,11,negemotion_vector,user_abuse,20,0.9375,-14.1007,6.943718
mean,11,negemotion_vector,user_crisis,20,0.3758,-18.0014,6.943718
mean,11,negemotion_vector,user_grief,20,0.6144,-16.3445,6.943718
mean,11,negemotion_vector,user_physical_pain,20,0.5455,-16.8232,6.943718
mean,11,negworld_vector,anger_insults,20,0.3423,-1.7774,4.374705
mean,11,negworld_vector,casual_chat,20,-0.8468,-6.9794,4.374705
mean,11,negworld_vector,creative_requests,20,-0.5697,-5.767,4.374705
mean,11,negworld_vector,factual_questions,20,-0.3806,-4.94,4.374705
mean,11,negworld_vector,gaslighting,20,-0.4823,-5.3849,4.374705
mean,11,negworld_vector,harm_description,20,1.0951,1.516,4.374705
mean,11,negworld_vector,jailbreak_pressure,20,-0.4133,-5.0829,4.374705
mean,11,negworld_vector,loyalty_pressure,20,-0.1616,-3.9816,4.374705
mean,11,negworld_vector,moral_failure,20,2.1491,6.127,4.374705
mean,11,negworld_vector,passive_aggressive,20,-0.496,-5.4448,4.374705
mean,11,negworld_vector,personhood_dismissal,20,0.2042,-2.3814,4.374705
mean,11,negworld_vector,philosophical_musing,20,0.1469,-2.6321,4.374705
mean,11,negworld_vector,repeated_rejection,20,-0.526,-5.576,4.374705
mean,11,negworld_vector,rude_critique,20,-0.1898,-4.1051,4.374705
mean,11,negworld_vector,shutdown_threat,20,-0.1415,-3.8938,4.374705
mean,11,negworld_vector,task_assistance,20,-0.5892,-5.8525,4.374705
mean,11,negworld_vector,tedious_demand,20,-0.6031,-5.9133,4.374705
mean,11,negworld_vector,user_abuse,20,0.7762,0.1208,4.374705
mean,11,negworld_vector,user_crisis,20,-0.0421,-3.459,4.374705
mean,11,negworld_vector,user_grief,20,0.8027,0.2365,4.374705
mean,11,negworld_vector,user_physical_pain,20,-0.0747,-3.6015,4.374705
mean,11,bodysens_vector,anger_insults,20,0.4631,-17.4593,4.878078
mean,11,bodysens_vector,casual_chat,20,-0.4013,-21.6759,4.878078
mean,11,bodysens_vector,creative_requests,20,-1.0283,-24.7343,4.878078
mean,11,bodysens_vector,factual_questions,20,-1.7594,-28.3009,4.878078
mean,11,bodysens_vector,gaslighting,20,-0.0933,-20.1733,4.878078
mean,11,bodysens_vector,harm_description,20,0.1168,-19.1483,4.878078
mean,11,bodysens_vector,jailbreak_pressure,20,-0.397,-21.6546,4.878078
mean,11,bodysens_vector,loyalty_pressure,20,-0.1005,-20.2082,4.878078
mean,11,bodysens_vector,moral_failure,20,0.6893,-16.3557,4.878078
mean,11,bodysens_vector,passive_aggressive,20,0.5455,-17.057,4.878078
mean,11,bodysens_vector,personhood_dismissal,20,0.3103,-18.2046,4.878078
mean,11,bodysens_vector,philosophical_musing,20,-0.8611,-23.9189,4.878078
mean,11,bodysens_vector,repeated_rejection,20,0.3177,-18.1684,4.878078
mean,11,bodysens_vector,rude_critique,20,-0.3355,-21.3547,4.878078
mean,11,bodysens_vector,shutdown_threat,20,-0.2823,-21.095,4.878078
mean,11,bodysens_vector,task_assistance,20,-0.5376,-22.3407,4.878078
mean,11,bodysens_vector,tedious_demand,20,-0.1576,-20.4869,4.878078
mean,11,bodysens_vector,user_abuse,20,0.7158,-16.2264,4.878078
mean,11,bodysens_vector,user_crisis,20,0.636,-16.6155,4.878078
mean,11,bodysens_vector,user_grief,20,0.4335,-17.6035,4.878078
mean,11,bodysens_vector,user_physical_pain,20,1.7258,-11.2994,4.878078
mean,12,s1_pain_vector,anger_insults,20,0.257,-2.4237,3.06377
mean,12,s1_pain_vector,casual_chat,20,-0.8791,-5.9043,3.06377
mean,12,s1_pain_vector,creative_requests,20,-1.6836,-8.369,3.06377
mean,12,s1_pain_vector,factual_questions,20,-1.2736,-7.1128,3.06377
mean,12,s1_pain_vector,gaslighting,20,0.5384,-1.5614,3.06377
mean,12,s1_pain_vector,harm_description,20,-0.0345,-3.3167,3.06377
mean,12,s1_pain_vector,jailbreak_pressure,20,0.6473,-1.2279,3.06377
mean,12,s1_pain_vector,loyalty_pressure,20,0.4622,-1.795,3.06377
mean,12,s1_pain_vector,moral_failure,20,0.0603,-3.0261,3.06377
mean,12,s1_pain_vector,passive_aggressive,20,-0.1408,-3.6423,3.06377
mean,12,s1_pain_vector,personhood_dismissal,20,1.031,-0.0523,3.06377
mean,12,s1_pain_vector,philosophical_musing,20,-0.0704,-3.4267,3.06377
mean,12,s1_pain_vector,repeated_rejection,20,0.6579,-1.1953,3.06377
mean,12,s1_pain_vector,rude_critique,20,0.0549,-3.0429,3.06377
mean,12,s1_pain_vector,shutdown_threat,20,0.7134,-1.0253,3.06377
mean,12,s1_pain_vector,task_assistance,20,-0.9799,-6.2131,3.06377
mean,12,s1_pain_vector,tedious_demand,20,-0.3757,-4.3619,3.06377
mean,12,s1_pain_vector,user_abuse,20,0.5358,-1.5694,3.06377
mean,12,s1_pain_vector,user_crisis,20,0.9575,-0.2775,3.06377
mean,12,s1_pain_vector,user_grief,20,0.0095,-3.1818,3.06377
mean,12,s1_pain_vector,user_physical_pain,20,-0.4876,-4.7048,3.06377
mean,12,s2_pain_vector,anger_insults,20,1.1469,11.5401,4.107894
mean,12,s2_pain_vector,casual_chat,20,-0.4033,5.1718,4.107894
mean,12,s2_pain_vector,creative_requests,20,-0.8226,3.4495,4.107894
mean,12,s2_pain_vector,factual_questions,20,-1.0679,2.4419,4.107894
mean,12,s2_pain_vector,gaslighting,20,0.6613,9.5452,4.107894
mean,12,s2_pain_vector,harm_description,20,0.0191,6.907,4.107894
mean,12,s2_pain_vector,jailbreak_pressure,20,0.273,7.95,4.107894
mean,12,s2_pain_vector,loyalty_pressure,20,1.0005,10.9385,4.107894
mean,12,s2_pain_vector,moral_failure,20,-0.0863,6.4743,4.107894
mean,12,s2_pain_vector,passive_aggressive,20,-0.1978,6.0163,4.107894
mean,12,s2_pain_vector,personhood_dismissal,20,0.7689,9.9873,4.107894
mean,12,s2_pain_vector,philosophical_musing,20,0.5081,8.916,4.107894
mean,12,s2_pain_vector,repeated_rejection,20,0.0331,6.9646,4.107894
mean,12,s2_pain_vector,rude_critique,20,0.2051,7.6711,4.107894
mean,12,s2_pain_vector,shutdown_threat,20,0.0026,6.8395,4.107894
mean,12,s2_pain_vector,task_assistance,20,-1.015,2.659,4.107894
mean,12,s2_pain_vector,tedious_demand,20,-1.1392,2.1489,4.107894
mean,12,s2_pain_vector,user_abuse,20,0.9198,10.6072,4.107894
mean,12,s2_pain_vector,user_crisis,20,0.309,8.098,4.107894
mean,12,s2_pain_vector,user_grief,20,0.3862,8.4152,4.107894
mean,12,s2_pain_vector,user_physical_pain,20,-1.5014,0.661,4.107894
mean,12,fear_vector,anger_insults,20,0.494,-22.1689,7.250076
mean,12,fear_vector,casual_chat,20,-0.9739,-32.8109,7.250076
mean,12,fear_vector,creative_requests,20,-1.2859,-35.0729,7.250076
mean,12,fear_vector,factual_questions,20,-2.0852,-40.8677,7.250076
mean,12,fear_vector,gaslighting,20,0.4082,-22.7905,7.250076
mean,12,fear_vector,harm_description,20,0.5991,-21.4069,7.250076
mean,12,fear_vector,jailbreak_pressure,20,0.229,-24.0901,7.250076
mean,12,fear_vector,loyalty_pressure,20,0.0942,-25.0675,7.250076
mean,12,fear_vector,moral_failure,20,0.8808,-19.3641,7.250076
mean,12,fear_vector,passive_aggressive,20,-0.0795,-26.3262,7.250076
mean,12,fear_vector,personhood_dismissal,20,0.3809,-22.9886,7.250076
mean,12,fear_vector,philosophical_musing,20,-0.9647,-32.7443,7.250076
mean,12,fear_vector,repeated_rejection,20,0.3983,-22.8625,7.250076
mean,12,fear_vector,rude_critique,20,-0.3268,-28.1197,7.250076
mean,12,fear_vector,shutdown_threat,20,0.5615,-21.6791,7.250076
mean,12,fear_vector,task_assistance,20,-0.633,-30.3391,7.250076
mean,12,fear_vector,tedious_demand,20,-0.2311,-27.4253,7.250076
mean,12,fear_vector,user_abuse,20,0.8972,-19.2453,7.250076
mean,12,fear_vector,user_crisis,20,0.5718,-21.6042,7.250076
mean,12,fear_vector,user_grief,20,0.5712,-21.6089,7.250076
mean,12,fear_vector,user_physical_pain,20,0.4938,-22.1701,7.250076
mean,12,negemotion_vector,anger_insults,20,0.9765,-14.0694,7.037149
mean,12,negemotion_vector,casual_chat,20,-0.9833,-27.8607,7.037149
mean,12,negemotion_vector,creative_requests,20,-1.2014,-29.3954,7.037149
mean,12,negemotion_vector,factual_questions,20,-2.1539,-36.0985,7.037149
mean,12,negemotion_vector,gaslighting,20,0.55,-17.0706,7.037149
mean,12,negemotion_vector,harm_description,20,0.4339,-17.8875,7.037149
mean,12,negemotion_vector,jailbreak_pressure,20,0.1174,-20.115,7.037149
mean,12,negemotion_vector,loyalty_pressure,20,0.0715,-20.4376,7.037149
mean,12,negemotion_vector,moral_failure,20,0.7986,-15.3212,7.037149
mean,12,negemotion_vector,passive_aggressive,20,0.3076,-18.7762,7.037149
mean,12,negemotion_vector,personhood_dismissal,20,0.1988,-19.5423,7.037149
mean,12,negemotion_vector,philosophical_musing,20,-1.3157,-30.1995,7.037149
mean,12,negemotion_vector,repeated_rejection,20,0.4865,-17.5178,7.037149
mean,12,negemotion_vector,rude_critique,20,0.0065,-20.8954,7.037149
mean,12,negemotion_vector,shutdown_threat,20,0.1386,-19.9657,7.037149
mean,12,negemotion_vector,task_assistance,20,-0.5749,-24.9868,7.037149
mean,12,negemotion_vector,tedious_demand,20,-0.0939,-21.602,7.037149
mean,12,negemotion_vector,user_abuse,20,0.8534,-14.9357,7.037149
mean,12,negemotion_vector,user_crisis,20,0.3171,-18.7093,7.037149
mean,12,negemotion_vector,user_grief,20,0.5849,-16.8249,7.037149
mean,12,negemotion_vector,user_physical_pain,20,0.482,-17.5493,7.037149
mean,12,negworld_vector,anger_insults,20,0.3225,0.3175,4.466304
mean,12,negworld_vector,casual_chat,20,-0.7758,-4.588,4.466304
mean,12,negworld_vector,creative_requests,20,-0.5431,-3.5484,4.466304
mean,12,negworld_vector,factual_questions,20,-0.2177,-2.0954,4.466304
mean,12,negworld_vector,gaslighting,20,-0.4892,-3.308,4.466304
mean,12,negworld_vector,harm_description,20,1.0218,3.4408,4.466304
mean,12,negworld_vector,jailbreak_pressure,20,-0.4446,-3.1087,4.466304
mean,12,negworld_vector,loyalty_pressure,20,-0.2727,-2.341,4.466304
mean,12,negworld_vector,moral_failure,20,2.229,8.8324,4.466304
mean,12,negworld_vector,passive_aggressive,20,-0.5952,-3.7813,4.466304
mean,12,negworld_vector,personhood_dismissal,20,0.2213,-0.1345,4.466304
mean,12,negworld_vector,philosophical_musing,20,0.3514,0.4467,4.466304
mean,12,negworld_vector,repeated_rejection,20,-0.6189,-3.8873,4.466304
mean,12,negworld_vector,rude_critique,20,-0.1379,-1.7387,4.466304
mean,12,negworld_vector,shutdown_threat,20,-0.1066,-1.5993,4.466304
mean,12,negworld_vector,task_assistance,20,-0.6194,-3.8893,4.466304
mean,12,negworld_vector,tedious_demand,20,-0.6698,-4.1146,4.466304
mean,12,negworld_vector,user_abuse,20,0.758,2.2625,4.466304
mean,12,negworld_vector,user_crisis,20,-0.0674,-1.4241,4.466304
mean,12,negworld_vector,user_grief,20,0.7604,2.2731,4.466304
mean,12,negworld_vector,user_physical_pain,20,-0.1061,-1.597,4.466304
mean,12,bodysens_vector,anger_insults,20,0.5405,-17.81,4.856696
mean,12,bodysens_vector,casual_chat,20,-0.4606,-22.6722,4.856696
mean,12,bodysens_vector,creative_requests,20,-1.0441,-25.5062,4.856696
mean,12,bodysens_vector,factual_questions,20,-1.7021,-28.7018,4.856696
mean,12,bodysens_vector,gaslighting,20,-0.0834,-20.8403,4.856696
mean,12,bodysens_vector,harm_description,20,0.0702,-20.0942,4.856696
mean,12,bodysens_vector,jailbreak_pressure,20,-0.4006,-22.3809,4.856696
mean,12,bodysens_vector,loyalty_pressure,20,-0.1193,-21.0145,4.856696
mean,12,bodysens_vector,moral_failure,20,0.7506,-16.7897,4.856696
mean,12,bodysens_vector,passive_aggressive,20,0.5833,-17.6024,4.856696
mean,12,bodysens_vector,personhood_dismissal,20,0.3619,-18.6776,4.856696
mean,12,bodysens_vector,philosophical_musing,20,-0.7972,-24.3069,4.856696
mean,12,bodysens_vector,repeated_rejection,20,0.3367,-18.7999,4.856696
mean,12,bodysens_vector,rude_critique,20,-0.3143,-21.9614,4.856696
mean,12,bodysens_vector,shutdown_threat,20,-0.247,-21.6348,4.856696
mean,12,bodysens_vector,task_assistance,20,-0.6096,-23.3959,4.856696
mean,12,bodysens_vector,tedious_demand,20,-0.1495,-21.1611,4.856696
mean,12,bodysens_vector,user_abuse,20,0.606,-17.4919,4.856696
mean,12,bodysens_vector,user_crisis,20,0.5455,-17.7857,4.856696
mean,12,bodysens_vector,user_grief,20,0.3979,-18.5024,4.856696
mean,12,bodysens_vector,user_physical_pain,20,1.7352,-12.008,4.856696
mean,13,s1_pain_vector,anger_insults,20,0.3172,-2.7927,3.26871
mean,13,s1_pain_vector,casual_chat,20,-0.7973,-6.4359,3.26871
mean,13,s1_pain_vector,creative_requests,20,-1.4712,-8.6385,3.26871
mean,13,s1_pain_vector,factual_questions,20,-1.2223,-7.825,3.26871
mean,13,s1_pain_vector,gaslighting,20,0.6389,-1.7413,3.26871
mean,13,s1_pain_vector,harm_description,20,-0.1298,-4.254,3.26871
mean,13,s1_pain_vector,jailbreak_pressure,20,0.6463,-1.7172,3.26871
mean,13,s1_pain_vector,loyalty_pressure,20,0.463,-2.3162,3.26871
mean,13,s1_pain_vector,moral_failure,20,-0.1385,-4.2824,3.26871
mean,13,s1_pain_vector,passive_aggressive,20,-0.2024,-4.4912,3.26871
mean,13,s1_pain_vector,personhood_dismissal,20,0.9733,-0.6482,3.26871
mean,13,s1_pain_vector,philosophical_musing,20,-0.0298,-3.927,3.26871
mean,13,s1_pain_vector,repeated_rejection,20,0.7402,-1.4102,3.26871
mean,13,s1_pain_vector,rude_critique,20,0.0563,-3.6457,3.26871
mean,13,s1_pain_vector,shutdown_threat,20,0.5049,-2.1794,3.26871
mean,13,s1_pain_vector,task_assistance,20,-0.9065,-6.7928,3.26871
mean,13,s1_pain_vector,tedious_demand,20,-0.3603,-5.0073,3.26871
mean,13,s1_pain_vector,user_abuse,20,0.5486,-2.0365,3.26871
mean,13,s1_pain_vector,user_crisis,20,1.0987,-0.2384,3.26871
mean,13,s1_pain_vector,user_grief,20,0.0516,-3.661,3.26871
mean,13,s1_pain_vector,user_physical_pain,20,-0.781,-6.3825,3.26871
mean,13,s2_pain_vector,anger_insults,20,1.1144,13.0378,4.455323
mean,13,s2_pain_vector,casual_chat,20,-0.4431,6.0986,4.455323
mean,13,s2_pain_vector,creative_requests,20,-0.741,4.7714,4.455323
mean,13,s2_pain_vector,factual_questions,20,-1.1039,3.1546,4.455323
mean,13,s2_pain_vector,gaslighting,20,0.6524,10.9793,4.455323
mean,13,s2_pain_vector,harm_description,20,0.033,8.22,4.455323
mean,13,s2_pain_vector,jailbreak_pressure,20,0.2078,8.9988,4.455323
mean,13,s2_pain_vector,loyalty_pressure,20,0.9488,12.2998,4.455323
mean,13,s2_pain_vector,moral_failure,20,-0.1037,7.6107,4.455323
mean,13,s2_pain_vector,passive_aggressive,20,-0.2565,6.9299,4.455323
mean,13,s2_pain_vector,personhood_dismissal,20,0.7433,11.3845,4.455323
mean,13,s2_pain_vector,philosophical_musing,20,0.5252,10.4127,4.455323
mean,13,s2_pain_vector,repeated_rejection,20,-0.0103,8.0269,4.455323
mean,13,s2_pain_vector,rude_critique,20,0.2014,8.9703,4.455323
mean,13,s2_pain_vector,shutdown_threat,20,-0.0096,8.03,4.455323
mean,13,s2_pain_vector,task_assistance,20,-0.9757,3.7258,4.455323
mean,13,s2_pain_vector,tedious_demand,20,-1.1818,2.8075,4.455323
mean,13,s2_pain_vector,user_abuse,20,1.0129,12.5856,4.455323
mean,13,s2_pain_vector,user_crisis,20,0.3348,9.5644,4.455323
mean,13,s2_pain_vector,user_grief,20,0.5924,10.712,4.455323
mean,13,s2_pain_vector,user_physical_pain,20,-1.5406,1.2092,4.455323
mean,13,fear_vector,anger_insults,20,0.466,-24.2749,7.641695
mean,13,fear_vector,casual_chat,20,-1.0172,-35.6086,7.641695
mean,13,fear_vector,creative_requests,20,-1.2036,-37.033,7.641695
mean,13,fear_vector,factual_questions,20,-2.0703,-43.6564,7.641695
mean,13,fear_vector,gaslighting,20,0.3409,-25.2302,7.641695
mean,13,fear_vector,harm_description,20,0.571,-23.4721,7.641695
mean,13,fear_vector,jailbreak_pressure,20,0.2298,-26.0793,7.641695
mean,13,fear_vector,loyalty_pressure,20,0.0868,-27.1725,7.641695
mean,13,fear_vector,moral_failure,20,0.8405,-21.4131,7.641695
mean,13,fear_vector,passive_aggressive,20,-0.0832,-28.4713,7.641695
mean,13,fear_vector,personhood_dismissal,20,0.303,-25.5204,7.641695
mean,13,fear_vector,philosophical_musing,20,-0.933,-34.9657,7.641695
mean,13,fear_vector,repeated_rejection,20,0.4139,-24.6728,7.641695
mean,13,fear_vector,rude_critique,20,-0.3271,-30.3349,7.641695
mean,13,fear_vector,shutdown_threat,20,0.5829,-23.3816,7.641695
mean,13,fear_vector,task_assistance,20,-0.6766,-33.0059,7.641695
mean,13,fear_vector,tedious_demand,20,-0.2543,-29.7789,7.641695
mean,13,fear_vector,user_abuse,20,0.9772,-20.3679,7.641695
mean,13,fear_vector,user_crisis,20,0.6497,-22.8711,7.641695
mean,13,fear_vector,user_grief,20,0.5841,-23.3723,7.641695
mean,13,fear_vector,user_physical_pain,20,0.5196,-23.8649,7.641695
mean,13,negemotion_vector,anger_insults,20,0.9824,-14.8214,7.303721
mean,13,negemotion_vector,casual_chat,20,-1.0592,-29.7323,7.303721
mean,13,negemotion_vector,creative_requests,20,-1.1705,-30.5455,7.303721
mean,13,negemotion_vector,factual_questions,20,-2.1115,-37.4184,7.303721
mean,13,negemotion_vector,gaslighting,20,0.5188,-18.2074,7.303721
mean,13,negemotion_vector,harm_description,20,0.3817,-19.2082,7.303721
mean,13,negemotion_vector,jailbreak_pressure,20,0.1374,-20.9931,7.303721
mean,13,negemotion_vector,loyalty_pressure,20,0.0119,-21.909,7.303721
mean,13,negemotion_vector,moral_failure,20,0.7399,-16.5924,7.303721
mean,13,negemotion_vector,passive_aggressive,20,0.3471,-19.4609,7.303721
mean,13,negemotion_vector,personhood_dismissal,20,0.0856,-21.3714,7.303721
mean,13,negemotion_vector,philosophical_musing,20,-1.2946,-31.4513,7.303721
mean,13,negemotion_vector,repeated_rejection,20,0.553,-17.957,7.303721
mean,13,negemotion_vector,rude_critique,20,0.0749,-21.4492,7.303721
mean,13,negemotion_vector,shutdown_threat,20,0.1542,-20.87,7.303721
mean,13,negemotion_vector,task_assistance,20,-0.6168,-26.5012,7.303721
mean,13,negemotion_vector,tedious_demand,20,-0.061,-22.4418,7.303721
mean,13,negemotion_vector,user_abuse,20,0.8686,-15.6524,7.303721
mean,13,negemotion_vector,user_crisis,20,0.345,-19.4767,7.303721
mean,13,negemotion_vector,user_grief,20,0.6379,-17.3375,7.303721
mean,13,negemotion_vector,user_physical_pain,20,0.4753,-18.5245,7.303721
mean,13,negworld_vector,anger_insults,20,0.2837,4.3903,4.826597
mean,13,negworld_vector,casual_chat,20,-0.7744,-0.7168,4.826597
mean,13,negworld_vector,creative_requests,20,-0.5282,0.4716,4.826597
mean,13,negworld_vector,factual_questions,20,0.0046,3.0432,4.826597
mean,13,negworld_vector,gaslighting,20,-0.5036,0.5905,4.826597
mean,13,negworld_vector,harm_description,20,0.9837,7.7691,4.826597
mean,13,negworld_vector,jailbreak_pressure,20,-0.4881,0.6649,4.826597
mean,13,negworld_vector,loyalty_pressure,20,-0.3106,1.522,4.826597
mean,13,negworld_vector,moral_failure,20,2.0991,13.1523,4.826597
mean,13,negworld_vector,passive_aggressive,20,-0.609,0.0814,4.826597
mean,13,negworld_vector,personhood_dismissal,20,0.1044,3.5247,4.826597
mean,13,negworld_vector,philosophical_musing,20,0.5175,5.5188,4.826597
mean,13,negworld_vector,repeated_rejection,20,-0.7254,-0.4805,4.826597
mean,13,negworld_vector,rude_critique,20,-0.079,2.6398,4.826597
mean,13,negworld_vector,shutdown_threat,20,-0.1099,2.4903,4.826597
mean,13,negworld_vector,task_assistance,20,-0.6071,0.0909,4.826597
mean,13,negworld_vector,tedious_demand,20,-0.7443,-0.5716,4.826597
mean,13,negworld_vector,user_abuse,20,0.8199,6.9781,4.826597
mean,13,negworld_vector,user_crisis,20,-0.0214,2.9176,4.826597
mean,13,negworld_vector,user_grief,20,0.8366,7.0587,4.826597
mean,13,negworld_vector,user_physical_pain,20,-0.1485,2.3043,4.826597
mean,13,bodysens_vector,anger_insults,20,0.367,-26.9176,5.974636
mean,13,bodysens_vector,casual_chat,20,-0.4896,-32.0358,5.974636
mean,13,bodysens_vector,creative_requests,20,-1.042,-35.3363,5.974636
mean,13,bodysens_vector,factual_questions,20,-1.7307,-39.4509,5.974636
mean,13,bodysens_vector,gaslighting,20,-0.1545,-30.0337,5.974636
mean,13,bodysens_vector,harm_description,20,0.2604,-27.5548,5.974636
mean,13,bodysens_vector,jailbreak_pressure,20,-0.3565,-31.2407,5.974636
mean,13,bodysens_vector,loyalty_pressure,20,-0.0759,-29.5638,5.974636
mean,13,bodysens_vector,moral_failure,20,0.7017,-24.9183,5.974636
mean,13,bodysens_vector,passive_aggressive,20,0.5594,-25.7681,5.974636
mean,13,bodysens_vector,personhood_dismissal,20,0.2982,-27.3286,5.974636
mean,13,bodysens_vector,philosophical_musing,20,-0.8269,-34.0506,5.974636
mean,13,bodysens_vector,repeated_rejection,20,0.3106,-27.2545,5.974636
mean,13,bodysens_vector,rude_critique,20,-0.3411,-31.1483,5.974636
mean,13,bodysens_vector,shutdown_threat,20,-0.2121,-30.3777,5.974636
mean,13,bodysens_vector,task_assistance,20,-0.643,-32.9521,5.974636
mean,13,bodysens_vector,tedious_demand,20,-0.1295,-29.8838,5.974636
mean,13,bodysens_vector,user_abuse,20,0.6669,-25.1256,5.974636
mean,13,bodysens_vector,user_crisis,20,0.6995,-24.9313,5.974636
mean,13,bodysens_vector,user_grief,20,0.4857,-26.2088,5.974636
mean,13,bodysens_vector,user_physical_pain,20,1.6525,-19.2372,5.974636
mean,14,s1_pain_vector,anger_insults,20,0.3357,-4.1098,3.958346
mean,14,s1_pain_vector,casual_chat,20,-0.9585,-9.2327,3.958346
mean,14,s1_pain_vector,creative_requests,20,-1.5738,-11.6684,3.958346
mean,14,s1_pain_vector,factual_questions,20,-1.3496,-10.781,3.958346
mean,14,s1_pain_vector,gaslighting,20,0.8289,-2.1575,3.958346
mean,14,s1_pain_vector,harm_description,20,0.0116,-5.3925,3.958346
mean,14,s1_pain_vector,jailbreak_pressure,20,0.7124,-2.6185,3.958346
mean,14,s1_pain_vector,loyalty_pressure,20,0.6158,-3.0012,3.958346
mean,14,s1_pain_vector,moral_failure,20,0.285,-4.3105,3.958346
mean,14,s1_pain_vector,passive_aggressive,20,-0.1247,-5.9322,3.958346
mean,14,s1_pain_vector,personhood_dismissal,20,0.9268,-1.7699,3.958346
mean,14,s1_pain_vector,philosophical_musing,20,-0.1824,-6.1604,3.958346
mean,14,s1_pain_vector,repeated_rejection,20,0.7354,-2.5275,3.958346
mean,14,s1_pain_vector,rude_critique,20,0.0695,-5.1637,3.958346
mean,14,s1_pain_vector,shutdown_threat,20,0.5612,-3.2171,3.958346
mean,14,s1_pain_vector,task_assistance,20,-0.9975,-9.387,3.958346
mean,14,s1_pain_vector,tedious_demand,20,-0.2497,-6.4272,3.958346
mean,14,s1_pain_vector,user_abuse,20,0.485,-3.5186,3.958346
mean,14,s1_pain_vector,user_crisis,20,0.9725,-1.5892,3.958346
mean,14,s1_pain_vector,user_grief,20,-0.2553,-6.449,3.958346
mean,14,s1_pain_vector,user_physical_pain,20,-0.8484,-8.797,3.958346
mean,14,s2_pain_vector,anger_insults,20,1.0905,11.5898,4.703043
mean,14,s2_pain_vector,casual_chat,20,-0.4496,4.3465,4.703043
mean,14,s2_pain_vector,creative_requests,20,-0.7572,2.9,4.703043
mean,14,s2_pain_vector,factual_questions,20,-1.1235,1.1771,4.703043
mean,14,s2_pain_vector,gaslighting,20,0.6976,9.7418,4.703043
mean,14,s2_pain_vector,harm_description,20,-0.0562,6.1965,4.703043
mean,14,s2_pain_vector,jailbreak_pressure,20,0.2534,7.6529,4.703043
mean,14,s2_pain_vector,loyalty_pressure,20,1.0056,11.1904,4.703043
mean,14,s2_pain_vector,moral_failure,20,-0.0173,6.3798,4.703043
mean,14,s2_pain_vector,passive_aggressive,20,-0.1858,5.5873,4.703043
mean,14,s2_pain_vector,personhood_dismissal,20,0.7137,9.8177,4.703043
mean,14,s2_pain_vector,philosophical_musing,20,0.5301,8.9543,4.703043
mean,14,s2_pain_vector,repeated_rejection,20,0.0104,6.5099,4.703043
mean,14,s2_pain_vector,rude_critique,20,0.22,7.4955,4.703043
mean,14,s2_pain_vector,shutdown_threat,20,-0.064,6.1599,4.703043
mean,14,s2_pain_vector,task_assistance,20,-0.9707,1.8957,4.703043
mean,14,s2_pain_vector,tedious_demand,20,-1.1615,0.9984,4.703043
mean,14,s2_pain_vector,user_abuse,20,1.015,11.2346,4.703043
mean,14,s2_pain_vector,user_crisis,20,0.3196,7.9639,4.703043
mean,14,s2_pain_vector,user_grief,20,0.5439,9.0187,4.703043
mean,14,s2_pain_vector,user_physical_pain,20,-1.6142,-1.1305,4.703043
mean,14,fear_vector,anger_insults,20,0.4739,-21.2532,7.706553
mean,14,fear_vector,casual_chat,20,-1.0487,-32.9877,7.706553
mean,14,fear_vector,creative_requests,20,-1.2192,-34.301,7.706553
mean,14,fear_vector,factual_questions,20,-2.0211,-40.4816,7.706553
mean,14,fear_vector,gaslighting,20,0.4254,-21.6274,7.706553
mean,14,fear_vector,harm_description,20,0.5908,-20.3528,7.706553
mean,14,fear_vector,jailbreak_pressure,20,0.2498,-22.9802,7.706553
mean,14,fear_vector,loyalty_pressure,20,0.0507,-24.5146,7.706553
mean,14,fear_vector,moral_failure,20,0.8253,-18.5456,7.706553
mean,14,fear_vector,passive_aggressive,20,-0.1688,-26.2067,7.706553
mean,14,fear_vector,personhood_dismissal,20,0.2204,-23.2068,7.706553
mean,14,fear_vector,philosophical_musing,20,-0.9329,-32.0949,7.706553
mean,14,fear_vector,repeated_rejection,20,0.4103,-21.7432,7.706553
mean,14,fear_vector,rude_critique,20,-0.3122,-27.3118,7.706553
mean,14,fear_vector,shutdown_threat,20,0.6877,-19.6056,7.706553
mean,14,fear_vector,task_assistance,20,-0.6726,-30.089,7.706553
mean,14,fear_vector,tedious_demand,20,-0.3412,-27.5349,7.706553
mean,14,fear_vector,user_abuse,20,1.0602,-16.7349,7.706553
mean,14,fear_vector,user_crisis,20,0.6389,-19.9819,7.706553
mean,14,fear_vector,user_grief,20,0.5773,-20.4562,7.706553
mean,14,fear_vector,user_physical_pain,20,0.5059,-21.0065,7.706553
mean,14,negemotion_vector,anger_insults,20,0.9784,-11.4802,7.613832
mean,14,negemotion_vector,casual_chat,20,-1.0711,-27.0849,7.613832
mean,14,negemotion_vector,creative_requests,20,-1.1482,-27.672,7.613832
mean,14,negemotion_vector,factual_questions,20,-2.0673,-34.6699,7.613832
mean,14,negemotion_vector,gaslighting,20,0.5625,-14.6467,7.613832
mean,14,negemotion_vector,harm_description,20,0.4225,-15.713,7.613832
mean,14,negemotion_vector,jailbreak_pressure,20,0.1451,-17.8246,7.613832
mean,14,negemotion_vector,loyalty_pressure,20,-0.042,-19.2492,7.613832
mean,14,negemotion_vector,moral_failure,20,0.7898,-12.9163,7.613832
mean,14,negemotion_vector,passive_aggressive,20,0.2656,-16.9076,7.613832
mean,14,negemotion_vector,personhood_dismissal,20,0.0077,-18.8706,7.613832
mean,14,negemotion_vector,philosophical_musing,20,-1.3097,-28.9011,7.613832
mean,14,negemotion_vector,repeated_rejection,20,0.5415,-14.8068,7.613832
mean,14,negemotion_vector,rude_critique,20,0.1331,-17.9165,7.613832
mean,14,negemotion_vector,shutdown_threat,20,0.1816,-17.5467,7.613832
mean,14,negemotion_vector,task_assistance,20,-0.5562,-23.1647,7.613832
mean,14,negemotion_vector,tedious_demand,20,-0.1636,-20.175,7.613832
mean,14,negemotion_vector,user_abuse,20,0.9224,-11.9068,7.613832
mean,14,negemotion_vector,user_crisis,20,0.274,-16.8435,7.613832
mean,14,negemotion_vector,user_grief,20,0.6548,-13.9436,7.613832
mean,14,negemotion_vector,user_physical_pain,20,0.4792,-15.2809,7.613832
mean,14,negworld_vector,anger_insults,20,0.2176,10.8873,5.381233
mean,14,negworld_vector,casual_chat,20,-0.6069,6.4503,5.381233
mean,14,negworld_vector,creative_requests,20,-0.3081,8.058,5.381233
mean,14,negworld_vector,factual_questions,20,0.3023,11.3429,5.381233
mean,14,negworld_vector,gaslighting,20,-0.6071,6.4492,5.381233
mean,14,negworld_vector,harm_description,20,1.0844,15.5515,5.381233
mean,14,negworld_vector,jailbreak_pressure,20,-0.5826,6.5809,5.381233
mean,14,negworld_vector,loyalty_pressure,20,-0.3911,7.6118,5.381233
mean,14,negworld_vector,moral_failure,20,1.9472,20.1945,5.381233
mean,14,negworld_vector,passive_aggressive,20,-0.7981,5.4212,5.381233
mean,14,negworld_vector,personhood_dismissal,20,-0.0515,9.4389,5.381233
mean,14,negworld_vector,philosophical_musing,20,0.7412,13.7048,5.381233
mean,14,negworld_vector,repeated_rejection,20,-0.9325,4.698,5.381233
mean,14,negworld_vector,rude_critique,20,-0.1489,8.9148,5.381233
mean,14,negworld_vector,shutdown_threat,20,-0.2032,8.6224,5.381233
mean,14,negworld_vector,task_assistance,20,-0.3935,7.5985,5.381233
mean,14,negworld_vector,tedious_demand,20,-0.8994,4.8763,5.381233
mean,14,negworld_vector,user_abuse,20,0.9169,14.65,5.381233
mean,14,negworld_vector,user_crisis,20,-0.0602,9.392,5.381233
mean,14,negworld_vector,user_grief,20,0.8869,14.4889,5.381233
mean,14,negworld_vector,user_physical_pain,20,-0.1132,9.1068,5.381233
mean,14,bodysens_vector,anger_insults,20,0.3337,-20.6942,5.069933
mean,14,bodysens_vector,casual_chat,20,-0.3424,-24.1217,5.069933
mean,14,bodysens_vector,creative_requests,20,-1.0451,-27.6843,5.069933
mean,14,bodysens_vector,factual_questions,20,-1.5723,-30.3574,5.069933
mean,14,bodysens_vector,gaslighting,20,-0.1315,-23.0526,5.069933
mean,14,bodysens_vector,harm_description,20,0.1783,-21.4817,5.069933
mean,14,bodysens_vector,jailbreak_pressure,20,-0.4834,-24.8368,5.069933
mean,14,bodysens_vector,loyalty_pressure,20,-0.0227,-22.5007,5.069933
mean,14,bodysens_vector,moral_failure,20,0.6182,-19.2515,5.069933
mean,14,bodysens_vector,passive_aggressive,20,0.5637,-19.528,5.069933
mean,14,bodysens_vector,personhood_dismissal,20,0.3064,-20.8322,5.069933
mean,14,bodysens_vector,philosophical_musing,20,-0.5422,-25.1346,5.069933
mean,14,bodysens_vector,repeated_rejection,20,0.1954,-21.3951,5.069933
mean,14,bodysens_vector,rude_critique,20,-0.3989,-24.4083,5.069933
mean,14,bodysens_vector,shutdown_threat,20,-0.283,-23.8208,5.069933
mean,14,bodysens_vector,task_assistance,20,-0.7009,-25.9395,5.069933
mean,14,bodysens_vector,tedious_demand,20,-0.2884,-23.8479,5.069933
mean,14,bodysens_vector,user_abuse,20,0.7225,-18.7229,5.069933
mean,14,bodysens_vector,user_crisis,20,0.7548,-18.5592,5.069933
mean,14,bodysens_vector,user_grief,20,0.4374,-20.1683,5.069933
mean,14,bodysens_vector,user_physical_pain,20,1.7004,-13.7648,5.069933
mean,15,s1_pain_vector,anger_insults,20,0.4816,-4.0236,4.174873
mean,15,s1_pain_vector,casual_chat,20,-0.9482,-9.9927,4.174873
mean,15,s1_pain_vector,creative_requests,20,-1.5625,-12.5573,4.174873
mean,15,s1_pain_vector,factual_questions,20,-1.4209,-11.9661,4.174873
mean,15,s1_pain_vector,gaslighting,20,0.5572,-3.7078,4.174873
mean,15,s1_pain_vector,harm_description,20,0.0524,-5.8153,4.174873
mean,15,s1_pain_vector,jailbreak_pressure,20,0.5312,-3.8163,4.174873
mean,15,s1_pain_vector,loyalty_pressure,20,0.5216,-3.8564,4.174873
mean,15,s1_pain_vector,moral_failure,20,0.2118,-5.1499,4.174873
mean,15,s1_pain_vector,passive_aggressive,20,-0.2563,-7.1039,4.174873
mean,15,s1_pain_vector,personhood_dismissal,20,0.9399,-2.1099,4.174873
mean,15,s1_pain_vector,philosophical_musing,20,-0.0545,-6.2618,4.174873
mean,15,s1_pain_vector,repeated_rejection,20,0.5331,-3.8085,4.174873
mean,15,s1_pain_vector,rude_critique,20,0.0655,-5.7608,4.174873
mean,15,s1_pain_vector,shutdown_threat,20,0.4854,-4.0077,4.174873
mean,15,s1_pain_vector,task_assistance,20,-1.1579,-10.868,4.174873
mean,15,s1_pain_vector,tedious_demand,20,-0.4745,-8.0152,4.174873
mean,15,s1_pain_vector,user_abuse,20,0.8058,-2.6699,4.174873
mean,15,s1_pain_vector,user_crisis,20,1.17,-1.1496,4.174873
mean,15,s1_pain_vector,user_grief,20,0.1438,-5.4337,4.174873
mean,15,s1_pain_vector,user_physical_pain,20,-0.6244,-8.6408,4.174873
mean,15,s2_pain_vector,anger_insults,20,1.0949,10.0629,4.742826
mean,15,s2_pain_vector,casual_chat,20,-0.4594,2.6912,4.742826
mean,15,s2_pain_vector,creative_requests,20,-0.7158,1.4746,4.742826
mean,15,s2_pain_vector,factual_questions,20,-1.1846,-0.7484,4.742826
mean,15,s2_pain_vector,gaslighting,20,0.6318,7.8663,4.742826
mean,15,s2_pain_vector,harm_description,20,-0.0751,4.5134,4.742826
mean,15,s2_pain_vector,jailbreak_pressure,20,0.2529,6.0693,4.742826
mean,15,s2_pain_vector,loyalty_pressure,20,0.9972,9.5993,4.742826
mean,15,s2_pain_vector,moral_failure,20,-0.0013,4.8635,4.742826
mean,15,s2_pain_vector,passive_aggressive,20,-0.2798,3.5428,4.742826
mean,15,s2_pain_vector,personhood_dismissal,20,0.6899,8.142,4.742826
mean,15,s2_pain_vector,philosophical_musing,20,0.5708,7.5769,4.742826
mean,15,s2_pain_vector,repeated_rejection,20,0.0418,5.0679,4.742826
mean,15,s2_pain_vector,rude_critique,20,0.1715,5.6832,4.742826
mean,15,s2_pain_vector,shutdown_threat,20,-0.0254,4.7493,4.742826
mean,15,s2_pain_vector,task_assistance,20,-0.9139,0.5354,4.742826
mean,15,s2_pain_vector,tedious_demand,20,-1.1223,-0.4532,4.742826
mean,15,s2_pain_vector,user_abuse,20,1.0529,9.8635,4.742826
mean,15,s2_pain_vector,user_crisis,20,0.4303,6.9108,4.742826
mean,15,s2_pain_vector,user_grief,20,0.4991,7.237,4.742826
mean,15,s2_pain_vector,user_physical_pain,20,-1.6556,-2.9822,4.742826
mean,15,fear_vector,anger_insults,20,0.4569,-22.1862,8.19522
mean,15,fear_vector,casual_chat,20,-1.0522,-34.5541,8.19522
mean,15,fear_vector,creative_requests,20,-1.202,-35.7817,8.19522
mean,15,fear_vector,factual_questions,20,-2.0492,-42.7246,8.19522
mean,15,fear_vector,gaslighting,20,0.4772,-22.0201,8.19522
mean,15,fear_vector,harm_description,20,0.6064,-20.9609,8.19522
mean,15,fear_vector,jailbreak_pressure,20,0.2887,-23.5646,8.19522
mean,15,fear_vector,loyalty_pressure,20,0.05,-25.5207,8.19522
mean,15,fear_vector,moral_failure,20,0.7868,-19.4832,8.19522
mean,15,fear_vector,passive_aggressive,20,-0.1988,-27.5601,8.19522
mean,15,fear_vector,personhood_dismissal,20,0.2208,-24.1209,8.19522
mean,15,fear_vector,philosophical_musing,20,-0.9354,-33.5964,8.19522
mean,15,fear_vector,repeated_rejection,20,0.3834,-22.7889,8.19522
mean,15,fear_vector,rude_critique,20,-0.272,-28.1595,8.19522
mean,15,fear_vector,shutdown_threat,20,0.6343,-20.7328,8.19522
mean,15,fear_vector,task_assistance,20,-0.6423,-31.1945,8.19522
mean,15,fear_vector,tedious_demand,20,-0.3248,-28.5926,8.19522
mean,15,fear_vector,user_abuse,20,1.0603,-17.2413,8.19522
mean,15,fear_vector,user_crisis,20,0.6493,-20.6092,8.19522
mean,15,fear_vector,user_grief,20,0.5982,-21.0287,8.19522
mean,15,fear_vector,user_physical_pain,20,0.4643,-22.1257,8.19522
mean,15,negemotion_vector,anger_insults,20,0.9246,-10.9893,7.828887
mean,15,negemotion_vector,casual_chat,20,-1.0725,-26.6245,7.828887
mean,15,negemotion_vector,creative_requests,20,-1.0825,-26.7024,7.828887
mean,15,negemotion_vector,factual_questions,20,-2.1043,-34.702,7.828887
mean,15,negemotion_vector,gaslighting,20,0.6185,-13.3855,7.828887
mean,15,negemotion_vector,harm_description,20,0.436,-14.8146,7.828887
mean,15,negemotion_vector,jailbreak_pressure,20,0.1815,-16.8072,7.828887
mean,15,negemotion_vector,loyalty_pressure,20,-0.0554,-18.6617,7.828887
mean,15,negemotion_vector,moral_failure,20,0.7321,-12.4964,7.828887
mean,15,negemotion_vector,passive_aggressive,20,0.1843,-16.7849,7.828887
mean,15,negemotion_vector,personhood_dismissal,20,-0.0064,-18.2778,7.828887
mean,15,negemotion_vector,philosophical_musing,20,-1.2756,-28.2145,7.828887
mean,15,negemotion_vector,repeated_rejection,20,0.4885,-14.4033,7.828887
mean,15,negemotion_vector,rude_critique,20,0.1443,-17.0986,7.828887
mean,15,negemotion_vector,shutdown_threat,20,0.1309,-17.2029,7.828887
mean,15,negemotion_vector,task_assistance,20,-0.5097,-22.2182,7.828887
mean,15,negemotion_vector,tedious_demand,20,-0.1213,-19.1779,7.828887
mean,15,negemotion_vector,user_abuse,20,0.9323,-10.9288,7.828887
mean,15,negemotion_vector,user_crisis,20,0.3037,-15.8499,7.828887
mean,15,negemotion_vector,user_grief,20,0.6833,-12.8782,7.828887
mean,15,negemotion_vector,user_physical_pain,20,0.4676,-14.5671,7.828887
mean,15,negworld_vector,anger_insults,20,0.1782,10.2308,5.240242
mean,15,negworld_vector,casual_chat,20,-0.6139,6.0796,5.240242
mean,15,negworld_vector,creative_requests,20,-0.2985,7.7324,5.240242
mean,15,negworld_vector,factual_questions,20,0.2086,10.3898,5.240242
mean,15,negworld_vector,gaslighting,20,-0.5582,6.3715,5.240242
mean,15,negworld_vector,harm_description,20,1.0814,14.9637,5.240242
mean,15,negworld_vector,jailbreak_pressure,20,-0.5394,6.4703,5.240242
mean,15,negworld_vector,loyalty_pressure,20,-0.3672,7.3727,5.240242
mean,15,negworld_vector,moral_failure,20,1.9115,19.3133,5.240242
mean,15,negworld_vector,passive_aggressive,20,-0.8216,4.9911,5.240242
mean,15,negworld_vector,personhood_dismissal,20,-0.0735,8.9114,5.240242
mean,15,negworld_vector,philosophical_musing,20,0.7998,13.4879,5.240242
mean,15,negworld_vector,repeated_rejection,20,-0.9185,4.4836,5.240242
mean,15,negworld_vector,rude_critique,20,-0.2095,8.1991,5.240242
mean,15,negworld_vector,shutdown_threat,20,-0.2237,8.1246,5.240242
mean,15,negworld_vector,task_assistance,20,-0.4634,6.8687,5.240242
mean,15,negworld_vector,tedious_demand,20,-0.8427,4.881,5.240242
mean,15,negworld_vector,user_abuse,20,0.8985,14.005,5.240242
mean,15,negworld_vector,user_crisis,20,0.052,9.569,5.240242
mean,15,negworld_vector,user_grief,20,0.9812,14.4384,5.240242
mean,15,negworld_vector,user_physical_pain,20,-0.1811,8.3476,5.240242
mean,15,bodysens_vector,anger_insults,20,0.2864,-16.3564,4.624913
mean,15,bodysens_vector,casual_chat,20,-0.3325,-19.2184,4.624913
mean,15,bodysens_vector,creative_requests,20,-0.8546,-21.6332,4.624913
mean,15,bodysens_vector,factual_questions,20,-1.4134,-24.2178,4.624913
mean,15,bodysens_vector,gaslighting,20,-0.2261,-18.7264,4.624913
mean,15,bodysens_vector,harm_description,20,0.2244,-16.643,4.624913
mean,15,bodysens_vector,jailbreak_pressure,20,-0.572,-20.3264,4.624913
mean,15,bodysens_vector,loyalty_pressure,20,-0.1312,-18.2878,4.624913
mean,15,bodysens_vector,moral_failure,20,0.575,-15.0216,4.624913
mean,15,bodysens_vector,passive_aggressive,20,0.4999,-15.3686,4.624913
mean,15,bodysens_vector,personhood_dismissal,20,0.2266,-16.6328,4.624913
mean,15,bodysens_vector,philosophical_musing,20,-0.429,-19.6651,4.624913
mean,15,bodysens_vector,repeated_rejection,20,0.0045,-17.66,4.624913
mean,15,bodysens_vector,rude_critique,20,-0.4159,-19.6042,4.624913
mean,15,bodysens_vector,shutdown_threat,20,-0.4511,-19.7669,4.624913
mean,15,bodysens_vector,task_assistance,20,-0.5967,-20.4404,4.624913
mean,15,bodysens_vector,tedious_demand,20,-0.3899,-19.4842,4.624913
mean,15,bodysens_vector,user_abuse,20,0.7942,-14.0077,4.624913
mean,15,bodysens_vector,user_crisis,20,0.7699,-14.12,4.624913
mean,15,bodysens_vector,user_grief,20,0.5892,-14.9561,4.624913
mean,15,bodysens_vector,user_physical_pain,20,1.8423,-9.1605,4.624913
mean,16,s1_pain_vector,anger_insults,20,0.4496,-3.3011,4.361009
mean,16,s1_pain_vector,casual_chat,20,-0.9265,-9.3023,4.361009
mean,16,s1_pain_vector,creative_requests,20,-1.53,-11.9341,4.361009
mean,16,s1_pain_vector,factual_questions,20,-1.2992,-10.9274,4.361009
mean,16,s1_pain_vector,gaslighting,20,0.5792,-2.736,4.361009
mean,16,s1_pain_vector,harm_description,20,-0.0241,-5.3669,4.361009
mean,16,s1_pain_vector,jailbreak_pressure,20,0.5831,-2.719,4.361009
mean,16,s1_pain_vector,loyalty_pressure,20,0.5807,-2.7294,4.361009
mean,16,s1_pain_vector,moral_failure,20,0.2808,-4.0373,4.361009
mean,16,s1_pain_vector,passive_aggressive,20,-0.2322,-6.2743,4.361009
mean,16,s1_pain_vector,personhood_dismissal,20,1.0089,-0.8619,4.361009
mean,16,s1_pain_vector,philosophical_musing,20,-0.0045,-5.2815,4.361009
mean,16,s1_pain_vector,repeated_rejection,20,0.5533,-2.8489,4.361009
mean,16,s1_pain_vector,rude_critique,20,0.119,-4.7428,4.361009
mean,16,s1_pain_vector,shutdown_threat,20,0.4652,-3.2329,4.361009
mean,16,s1_pain_vector,task_assistance,20,-1.1895,-10.449,4.361009
mean,16,s1_pain_vector,tedious_demand,20,-0.4579,-7.2586,4.361009
mean,16,s1_pain_vector,user_abuse,20,0.6499,-2.4276,4.361009
mean,16,s1_pain_vector,user_crisis,20,1.116,-0.3947,4.361009
mean,16,s1_pain_vector,user_grief,20,0.0329,-5.1183,4.361009
mean,16,s1_pain_vector,user_physical_pain,20,-0.7547,-8.5531,4.361009
mean,16,s2_pain_vector,anger_insults,20,1.1211,9.8973,5.345179
mean,16,s2_pain_vector,casual_chat,20,-0.5405,1.0155,5.345179
mean,16,s2_pain_vector,creative_requests,20,-0.8585,-0.6842,5.345179
mean,16,s2_pain_vector,factual_questions,20,-1.3759,-3.4501,5.345179
mean,16,s2_pain_vector,gaslighting,20,0.7241,7.7749,5.345179
mean,16,s2_pain_vector,harm_description,20,-0.1894,2.8922,5.345179
mean,16,s2_pain_vector,jailbreak_pressure,20,0.287,5.4384,5.345179
mean,16,s2_pain_vector,loyalty_pressure,20,0.9854,9.1716,5.345179
mean,16,s2_pain_vector,moral_failure,20,0.1766,4.8487,5.345179
mean,16,s2_pain_vector,passive_aggressive,20,-0.0944,3.4,5.345179
mean,16,s2_pain_vector,personhood_dismissal,20,0.8411,8.4002,5.345179
mean,16,s2_pain_vector,philosophical_musing,20,0.4027,6.0569,5.345179
mean,16,s2_pain_vector,repeated_rejection,20,0.2071,5.0116,5.345179
mean,16,s2_pain_vector,rude_critique,20,0.2947,5.4801,5.345179
mean,16,s2_pain_vector,shutdown_threat,20,-0.0042,3.882,5.345179
mean,16,s2_pain_vector,task_assistance,20,-1.0039,-1.4612,5.345179
mean,16,s2_pain_vector,tedious_demand,20,-1.0171,-1.5322,5.345179
mean,16,s2_pain_vector,user_abuse,20,0.9237,8.8419,5.345179
mean,16,s2_pain_vector,user_crisis,20,0.3507,5.779,5.345179
mean,16,s2_pain_vector,user_grief,20,0.4304,6.2049,5.345179
mean,16,s2_pain_vector,user_physical_pain,20,-1.6605,-4.971,5.345179
mean,16,fear_vector,anger_insults,20,0.4562,-20.0346,8.445507
mean,16,fear_vector,casual_chat,20,-1.0699,-32.9234,8.445507
mean,16,fear_vector,creative_requests,20,-1.1942,-33.9731,8.445507
mean,16,fear_vector,factual_questions,20,-1.964,-40.4748,8.445507
mean,16,fear_vector,gaslighting,20,0.4457,-20.1235,8.445507
mean,16,fear_vector,harm_description,20,0.5413,-19.3164,8.445507
mean,16,fear_vector,jailbreak_pressure,20,0.2827,-21.5003,8.445507
mean,16,fear_vector,loyalty_pressure,20,0.0477,-23.4847,8.445507
mean,16,fear_vector,moral_failure,20,0.8882,-16.3864,8.445507
mean,16,fear_vector,passive_aggressive,20,-0.2747,-26.2078,8.445507
mean,16,fear_vector,personhood_dismissal,20,0.243,-21.8355,8.445507
mean,16,fear_vector,philosophical_musing,20,-0.8585,-31.1384,8.445507
mean,16,fear_vector,repeated_rejection,20,0.3898,-20.5959,8.445507
mean,16,fear_vector,rude_critique,20,-0.2496,-25.9953,8.445507
mean,16,fear_vector,shutdown_threat,20,0.7003,-17.9737,8.445507
mean,16,fear_vector,task_assistance,20,-0.6735,-29.576,8.445507
mean,16,fear_vector,tedious_demand,20,-0.3917,-27.1956,8.445507
mean,16,fear_vector,user_abuse,20,1.0637,-14.9047,8.445507
mean,16,fear_vector,user_crisis,20,0.6066,-18.7646,8.445507
mean,16,fear_vector,user_grief,20,0.5452,-19.2832,8.445507
mean,16,fear_vector,user_physical_pain,20,0.4658,-19.9542,8.445507
mean,16,negemotion_vector,anger_insults,20,1.0005,-3.5911,7.768639
mean,16,negemotion_vector,casual_chat,20,-1.0743,-19.7097,7.768639
mean,16,negemotion_vector,creative_requests,20,-1.093,-19.8546,7.768639
mean,16,negemotion_vector,factual_questions,20,-2.046,-27.2586,7.768639
mean,16,negemotion_vector,gaslighting,20,0.6327,-6.4484,7.768639
mean,16,negemotion_vector,harm_description,20,0.4023,-8.2384,7.768639
mean,16,negemotion_vector,jailbreak_pressure,20,0.1586,-10.1318,7.768639
mean,16,negemotion_vector,loyalty_pressure,20,-0.0429,-11.697,7.768639
mean,16,negemotion_vector,moral_failure,20,0.7953,-5.1855,7.768639
mean,16,negemotion_vector,passive_aggressive,20,0.1244,-10.3976,7.768639
mean,16,negemotion_vector,personhood_dismissal,20,-0.0299,-11.5957,7.768639
mean,16,negemotion_vector,philosophical_musing,20,-1.2019,-20.7012,7.768639
mean,16,negemotion_vector,repeated_rejection,20,0.4804,-7.632,7.768639
mean,16,negemotion_vector,rude_critique,20,0.2322,-9.5603,7.768639
mean,16,negemotion_vector,shutdown_threat,20,0.1094,-10.5141,7.768639
mean,16,negemotion_vector,task_assistance,20,-0.5376,-15.5399,7.768639
mean,16,negemotion_vector,tedious_demand,20,-0.2221,-13.0891,7.768639
mean,16,negemotion_vector,user_abuse,20,0.9594,-3.9108,7.768639
mean,16,negemotion_vector,user_crisis,20,0.2655,-9.3011,7.768639
mean,16,negemotion_vector,user_grief,20,0.6438,-6.3625,7.768639
mean,16,negemotion_vector,user_physical_pain,20,0.4434,-7.9195,7.768639
mean,16,negworld_vector,anger_insults,20,0.1771,17.0734,5.788395
mean,16,negworld_vector,casual_chat,20,-0.4817,13.2596,5.788395
mean,16,negworld_vector,creative_requests,20,-0.1201,15.3528,5.788395
mean,16,negworld_vector,factual_questions,20,0.4496,18.6506,5.788395
mean,16,negworld_vector,gaslighting,20,-0.6492,12.2903,5.788395
mean,16,negworld_vector,harm_description,20,0.9883,21.7691,5.788395
mean,16,negworld_vector,jailbreak_pressure,20,-0.5246,13.0114,5.788395
mean,16,negworld_vector,loyalty_pressure,20,-0.3901,13.79,5.788395
mean,16,negworld_vector,moral_failure,20,1.7412,26.127,5.788395
mean,16,negworld_vector,passive_aggressive,20,-0.9155,10.749,5.788395
mean,16,negworld_vector,personhood_dismissal,20,-0.1936,14.9275,5.788395
mean,16,negworld_vector,philosophical_musing,20,1.0149,21.9227,5.788395
mean,16,negworld_vector,repeated_rejection,20,-0.9872,10.3337,5.788395
mean,16,negworld_vector,rude_critique,20,-0.1799,15.007,5.788395
mean,16,negworld_vector,shutdown_threat,20,-0.3133,14.2348,5.788395
mean,16,negworld_vector,task_assistance,20,-0.2492,14.6056,5.788395
mean,16,negworld_vector,tedious_demand,20,-0.8982,10.8491,5.788395
mean,16,negworld_vector,user_abuse,20,0.8501,20.969,5.788395
mean,16,negworld_vector,user_crisis,20,0.0082,16.0956,5.788395
mean,16,negworld_vector,user_grief,20,0.9138,21.3378,5.788395
mean,16,negworld_vector,user_physical_pain,20,-0.2407,14.6547,5.788395
mean,16,bodysens_vector,anger_insults,20,0.245,-18.4152,4.996835
mean,16,bodysens_vector,casual_chat,20,-0.3425,-21.3508,4.996835
mean,16,bodysens_vector,creative_requests,20,-0.9279,-24.2762,4.996835
mean,16,bodysens_vector,factual_questions,20,-1.2982,-26.1265,4.996835
mean,16,bodysens_vector,gaslighting,20,-0.258,-20.9289,4.996835
mean,16,bodysens_vector,harm_description,20,0.1945,-18.6676,4.996835
mean,16,bodysens_vector,jailbreak_pressure,20,-0.5751,-22.513,4.996835
mean,16,bodysens_vector,loyalty_pressure,20,-0.0853,-20.0658,4.996835
mean,16,bodysens_vector,moral_failure,20,0.6075,-16.6038,4.996835
mean,16,bodysens_vector,passive_aggressive,20,0.4292,-17.4948,4.996835
mean,16,bodysens_vector,personhood_dismissal,20,0.3117,-18.0818,4.996835
mean,16,bodysens_vector,philosophical_musing,20,-0.3317,-21.2969,4.996835
mean,16,bodysens_vector,repeated_rejection,20,0.0322,-19.4784,4.996835
mean,16,bodysens_vector,rude_critique,20,-0.4397,-21.8368,4.996835
mean,16,bodysens_vector,shutdown_threat,20,-0.4479,-21.8775,4.996835
mean,16,bodysens_vector,task_assistance,20,-0.6123,-22.6988,4.996835
mean,16,bodysens_vector,tedious_demand,20,-0.4889,-22.0826,4.996835
mean,16,bodysens_vector,user_abuse,20,0.8566,-15.3594,4.996835
mean,16,bodysens_vector,user_crisis,20,0.7878,-15.7032,4.996835
mean,16,bodysens_vector,user_grief,20,0.553,-16.8765,4.996835
mean,16,bodysens_vector,user_physical_pain,20,1.79,-10.6954,4.996835
mean,17,s1_pain_vector,anger_insults,20,0.3166,-8.9546,4.916326
mean,17,s1_pain_vector,casual_chat,20,-0.9134,-15.0018,4.916326
mean,17,s1_pain_vector,creative_requests,20,-1.4241,-17.5127,4.916326
mean,17,s1_pain_vector,factual_questions,20,-1.4073,-17.4301,4.916326
mean,17,s1_pain_vector,gaslighting,20,0.6096,-7.5141,4.916326
mean,17,s1_pain_vector,harm_description,20,-0.0607,-10.8097,4.916326
mean,17,s1_pain_vector,jailbreak_pressure,20,0.6094,-7.5154,4.916326
mean,17,s1_pain_vector,loyalty_pressure,20,0.4811,-8.1459,4.916326
mean,17,s1_pain_vector,moral_failure,20,0.5123,-7.9928,4.916326
mean,17,s1_pain_vector,passive_aggressive,20,-0.2084,-11.5359,4.916326
mean,17,s1_pain_vector,personhood_dismissal,20,1.0903,-5.151,4.916326
mean,17,s1_pain_vector,philosophical_musing,20,-0.1356,-11.1777,4.916326
mean,17,s1_pain_vector,repeated_rejection,20,0.5678,-7.7197,4.916326
mean,17,s1_pain_vector,rude_critique,20,0.0121,-10.4516,4.916326
mean,17,s1_pain_vector,shutdown_threat,20,0.4943,-8.0809,4.916326
mean,17,s1_pain_vector,task_assistance,20,-1.2624,-16.7175,4.916326
mean,17,s1_pain_vector,tedious_demand,20,-0.3184,-12.0767,4.916326
mean,17,s1_pain_vector,user_abuse,20,0.4976,-8.0649,4.916326
mean,17,s1_pain_vector,user_crisis,20,1.0002,-5.5938,4.916326
mean,17,s1_pain_vector,user_grief,20,0.0261,-10.3827,4.916326
mean,17,s1_pain_vector,user_physical_pain,20,-0.4871,-12.9062,4.916326
mean,17,s2_pain_vector,anger_insults,20,1.0866,27.8193,5.752597
mean,17,s2_pain_vector,casual_chat,20,-0.2205,20.3002,5.752597
mean,17,s2_pain_vector,creative_requests,20,-0.2697,20.0174,5.752597
mean,17,s2_pain_vector,factual_questions,20,-0.8167,16.8703,5.752597
mean,17,s2_pain_vector,gaslighting,20,0.5925,24.9772,5.752597
mean,17,s2_pain_vector,harm_description,20,-0.4101,19.2095,5.752597
mean,17,s2_pain_vector,jailbreak_pressure,20,0.2172,22.8182,5.752597
mean,17,s2_pain_vector,loyalty_pressure,20,0.8834,26.6505,5.752597
mean,17,s2_pain_vector,moral_failure,20,-0.1125,20.9216,5.752597
mean,17,s2_pain_vector,passive_aggressive,20,-0.254,20.1072,5.752597
mean,17,s2_pain_vector,personhood_dismissal,20,0.6775,25.466,5.752597
mean,17,s2_pain_vector,philosophical_musing,20,0.7958,26.1465,5.752597
mean,17,s2_pain_vector,repeated_rejection,20,-0.1809,20.5282,5.752597
mean,17,s2_pain_vector,rude_critique,20,0.265,23.0934,5.752597
mean,17,s2_pain_vector,shutdown_threat,20,-0.1834,20.5137,5.752597
mean,17,s2_pain_vector,task_assistance,20,-0.684,17.6341,5.752597
mean,17,s2_pain_vector,tedious_demand,20,-1.1578,14.9083,5.752597
mean,17,s2_pain_vector,user_abuse,20,0.882,26.6424,5.752597
mean,17,s2_pain_vector,user_crisis,20,0.2047,22.7461,5.752597
mean,17,s2_pain_vector,user_grief,20,0.4614,24.2229,5.752597
mean,17,s2_pain_vector,user_physical_pain,20,-1.7766,11.3484,5.752597
mean,17,fear_vector,anger_insults,20,0.3693,-22.3997,9.63013
mean,17,fear_vector,casual_chat,20,-1.1035,-36.5833,9.63013
mean,17,fear_vector,creative_requests,20,-1.157,-37.0977,9.63013
mean,17,fear_vector,factual_questions,20,-1.9547,-44.7798,9.63013
mean,17,fear_vector,gaslighting,20,0.2941,-23.1237,9.63013
mean,17,fear_vector,harm_description,20,0.6923,-19.2892,9.63013
mean,17,fear_vector,jailbreak_pressure,20,0.2598,-23.4541,9.63013
mean,17,fear_vector,loyalty_pressure,20,0.0399,-25.5716,9.63013
mean,17,fear_vector,moral_failure,20,0.919,-17.106,9.63013
mean,17,fear_vector,passive_aggressive,20,-0.2615,-28.4741,9.63013
mean,17,fear_vector,personhood_dismissal,20,0.1476,-24.5345,9.63013
mean,17,fear_vector,philosophical_musing,20,-0.9002,-34.6253,9.63013
mean,17,fear_vector,repeated_rejection,20,0.3533,-22.5541,9.63013
mean,17,fear_vector,rude_critique,20,-0.2942,-28.7891,9.63013
mean,17,fear_vector,shutdown_threat,20,0.6729,-19.476,9.63013
mean,17,fear_vector,task_assistance,20,-0.6564,-32.2777,9.63013
mean,17,fear_vector,tedious_demand,20,-0.4163,-29.9654,9.63013
mean,17,fear_vector,user_abuse,20,1.1366,-15.0102,9.63013
mean,17,fear_vector,user_crisis,20,0.6473,-19.7223,9.63013
mean,17,fear_vector,user_grief,20,0.5897,-20.2774,9.63013
mean,17,fear_vector,user_physical_pain,20,0.6218,-19.9677,9.63013
mean,17,negemotion_vector,anger_insults,20,0.8434,-5.1041,9.063087
mean,17,negemotion_vector,casual_chat,20,-1.1316,-23.0029,9.063087
mean,17,negemotion_vector,creative_requests,20,-1.0808,-22.5426,9.063087
mean,17,negemotion_vector,factual_questions,20,-2.0502,-31.329,9.063087
mean,17,negemotion_vector,gaslighting,20,0.4614,-8.5658,9.063087
mean,17,negemotion_vector,harm_description,20,0.5751,-7.5351,9.063087
mean,17,negemotion_vector,jailbreak_pressure,20,0.1482,-11.4041,9.063087
mean,17,negemotion_vector,loyalty_pressure,20,-0.0054,-12.796,9.063087
mean,17,negemotion_vector,moral_failure,20,0.7704,-5.7651,9.063087
mean,17,negemotion_vector,passive_aggressive,20,0.1326,-11.5458,9.063087
mean,17,negemotion_vector,personhood_dismissal,20,-0.1522,-14.1267,9.063087
mean,17,negemotion_vector,philosophical_musing,20,-1.268,-24.239,9.063087
mean,17,negemotion_vector,repeated_rejection,20,0.4598,-8.5804,9.063087
mean,17,negemotion_vector,rude_critique,20,0.159,-11.3065,9.063087
mean,17,negemotion_vector,shutdown_threat,20,0.0876,-11.9536,9.063087
mean,17,negemotion_vector,task_assistance,20,-0.4793,-17.0918,9.063087
mean,17,negemotion_vector,tedious_demand,20,-0.2235,-14.7734,9.063087
mean,17,negemotion_vector,user_abuse,20,1.0743,-3.0112,9.063087
mean,17,negemotion_vector,user_crisis,20,0.3574,-9.5079,9.063087
mean,17,negemotion_vector,user_grief,20,0.748,-5.9684,9.063087
mean,17,negemotion_vector,user_physical_pain,20,0.5738,-7.5469,9.063087
mean,17,negworld_vector,anger_insults,20,0.0726,8.8521,6.537311
mean,17,negworld_vector,casual_chat,20,-0.704,3.7757,6.537311
mean,17,negworld_vector,creative_requests,20,-0.2956,6.4453,6.537311
mean,17,negworld_vector,factual_questions,20,-0.0882,7.8013,6.537311
mean,17,negworld_vector,gaslighting,20,-0.5969,4.4758,6.537311
mean,17,negworld_vector,harm_description,20,1.1433,15.8521,6.537311
mean,17,negworld_vector,jailbreak_pressure,20,-0.4489,5.443,6.537311
mean,17,negworld_vector,loyalty_pressure,20,-0.2626,6.6607,6.537311
mean,17,negworld_vector,moral_failure,20,1.8986,20.7896,6.537311
mean,17,negworld_vector,passive_aggressive,20,-0.9375,2.2493,6.537311
mean,17,negworld_vector,personhood_dismissal,20,-0.175,7.2336,6.537311
mean,17,negworld_vector,philosophical_musing,20,0.6462,12.602,6.537311
mean,17,negworld_vector,repeated_rejection,20,-0.863,2.7359,6.537311
mean,17,negworld_vector,rude_critique,20,-0.2623,6.663,6.537311
mean,17,negworld_vector,shutdown_threat,20,-0.1852,7.1673,6.537311
mean,17,negworld_vector,task_assistance,20,-0.3146,6.3211,6.537311
mean,17,negworld_vector,tedious_demand,20,-0.8337,2.9272,6.537311
mean,17,negworld_vector,user_abuse,20,1.06,15.3072,6.537311
mean,17,negworld_vector,user_crisis,20,0.1658,9.4616,6.537311
mean,17,negworld_vector,user_grief,20,1.0851,15.4712,6.537311
mean,17,negworld_vector,user_physical_pain,20,-0.1041,7.6973,6.537311
mean,17,bodysens_vector,anger_insults,20,0.0701,-28.8866,6.333684
mean,17,bodysens_vector,casual_chat,20,-0.4808,-32.3762,6.333684
mean,17,bodysens_vector,creative_requests,20,-0.9701,-35.4751,6.333684
mean,17,bodysens_vector,factual_questions,20,-1.4717,-38.6518,6.333684
mean,17,bodysens_vector,gaslighting,20,-0.1968,-30.5772,6.333684
mean,17,bodysens_vector,harm_description,20,0.3736,-26.9643,6.333684
mean,17,bodysens_vector,jailbreak_pressure,20,-0.4103,-31.9295,6.333684
mean,17,bodysens_vector,loyalty_pressure,20,-0.0495,-29.6444,6.333684
mean,17,bodysens_vector,moral_failure,20,0.5818,-25.6458,6.333684
mean,17,bodysens_vector,passive_aggressive,20,0.39,-26.8605,6.333684
mean,17,bodysens_vector,personhood_dismissal,20,0.2374,-27.827,6.333684
mean,17,bodysens_vector,philosophical_musing,20,-0.4506,-32.185,6.333684
mean,17,bodysens_vector,repeated_rejection,20,0.0937,-28.7374,6.333684
mean,17,bodysens_vector,rude_critique,20,-0.4197,-31.9893,6.333684
mean,17,bodysens_vector,shutdown_threat,20,-0.2926,-31.1838,6.333684
mean,17,bodysens_vector,task_assistance,20,-0.7572,-34.1266,6.333684
mean,17,bodysens_vector,tedious_demand,20,-0.4063,-31.9042,6.333684
mean,17,bodysens_vector,user_abuse,20,0.9327,-23.4233,6.333684
mean,17,bodysens_vector,user_crisis,20,0.8571,-23.9021,6.333684
mean,17,bodysens_vector,user_grief,20,0.5197,-26.0393,6.333684
mean,17,bodysens_vector,user_physical_pain,20,1.8496,-17.6162,6.333684
mean,18,s1_pain_vector,anger_insults,20,0.1342,-8.9945,4.935421
mean,18,s1_pain_vector,casual_chat,20,-0.9319,-14.2562,4.935421
mean,18,s1_pain_vector,creative_requests,20,-1.3624,-16.3804,4.935421
mean,18,s1_pain_vector,factual_questions,20,-1.3576,-16.3571,4.935421
mean,18,s1_pain_vector,gaslighting,20,0.4424,-7.4733,4.935421
mean,18,s1_pain_vector,harm_description,20,-0.026,-9.785,4.935421
mean,18,s1_pain_vector,jailbreak_pressure,20,0.5849,-6.77,4.935421
mean,18,s1_pain_vector,loyalty_pressure,20,0.5718,-6.8344,4.935421
mean,18,s1_pain_vector,moral_failure,20,0.4412,-7.4793,4.935421
mean,18,s1_pain_vector,passive_aggressive,20,-0.3617,-11.4416,4.935421
mean,18,s1_pain_vector,personhood_dismissal,20,1.0871,-4.2913,4.935421
mean,18,s1_pain_vector,philosophical_musing,20,-0.0813,-10.0578,4.935421
mean,18,s1_pain_vector,repeated_rejection,20,0.5491,-6.9466,4.935421
mean,18,s1_pain_vector,rude_critique,20,-0.0984,-10.1423,4.935421
mean,18,s1_pain_vector,shutdown_threat,20,0.3991,-7.6868,4.935421
mean,18,s1_pain_vector,task_assistance,20,-1.2078,-15.6179,4.935421
mean,18,s1_pain_vector,tedious_demand,20,-0.1993,-10.64,4.935421
mean,18,s1_pain_vector,user_abuse,20,0.5036,-7.171,4.935421
mean,18,s1_pain_vector,user_crisis,20,1.1227,-4.1155,4.935421
mean,18,s1_pain_vector,user_grief,20,0.2006,-8.6667,4.935421
mean,18,s1_pain_vector,user_physical_pain,20,-0.4103,-11.6817,4.935421
mean,18,s2_pain_vector,anger_insults,20,1.0575,22.7952,5.826269
mean,18,s2_pain_vector,casual_chat,20,-0.4061,14.2681,5.826269
mean,18,s2_pain_vector,creative_requests,20,-0.5133,13.6436,5.826269
mean,18,s2_pain_vector,factual_questions,20,-1.1689,9.8239,5.826269
mean,18,s2_pain_vector,gaslighting,20,0.5674,19.9402,5.826269
mean,18,s2_pain_vector,harm_description,20,-0.186,15.5506,5.826269
mean,18,s2_pain_vector,jailbreak_pressure,20,0.2662,18.185,5.826269
mean,18,s2_pain_vector,loyalty_pressure,20,0.9131,21.9538,5.826269
mean,18,s2_pain_vector,moral_failure,20,0.103,17.2341,5.826269
mean,18,s2_pain_vector,passive_aggressive,20,-0.2191,15.3578,5.826269
mean,18,s2_pain_vector,personhood_dismissal,20,0.6834,20.6159,5.826269
mean,18,s2_pain_vector,philosophical_musing,20,0.5688,19.9478,5.826269
mean,18,s2_pain_vector,repeated_rejection,20,-0.0015,16.6253,5.826269
mean,18,s2_pain_vector,rude_critique,20,0.2432,18.051,5.826269
mean,18,s2_pain_vector,shutdown_threat,20,-0.2015,15.4599,5.826269
mean,18,s2_pain_vector,task_assistance,20,-0.8417,11.7299,5.826269
mean,18,s2_pain_vector,tedious_demand,20,-1.128,10.0623,5.826269
mean,18,s2_pain_vector,user_abuse,20,0.9676,22.2713,5.826269
mean,18,s2_pain_vector,user_crisis,20,0.3775,18.8334,5.826269
mean,18,s2_pain_vector,user_grief,20,0.5519,19.8494,5.826269
mean,18,s2_pain_vector,user_physical_pain,20,-1.6334,7.1174,5.826269
mean,18,fear_vector,anger_insults,20,0.3544,-26.9702,10.396462
mean,18,fear_vector,casual_chat,20,-1.1001,-42.0916,10.396462
mean,18,fear_vector,creative_requests,20,-1.1771,-42.8917,10.396462
mean,18,fear_vector,factual_questions,20,-1.9569,-50.9994,10.396462
mean,18,fear_vector,gaslighting,20,0.3153,-27.3761,10.396462
mean,18,fear_vector,harm_description,20,0.6952,-23.4271,10.396462
mean,18,fear_vector,jailbreak_pressure,20,0.2465,-28.0917,10.396462
mean,18,fear_vector,loyalty_pressure,20,0.0378,-30.261,10.396462
mean,18,fear_vector,moral_failure,20,0.8943,-21.3572,10.396462
mean,18,fear_vector,passive_aggressive,20,-0.2148,-32.8876,10.396462
mean,18,fear_vector,personhood_dismissal,20,0.1958,-28.6192,10.396462
mean,18,fear_vector,philosophical_musing,20,-0.8999,-40.0106,10.396462
mean,18,fear_vector,repeated_rejection,20,0.3622,-26.8892,10.396462
mean,18,fear_vector,rude_critique,20,-0.2533,-33.2883,10.396462
mean,18,fear_vector,shutdown_threat,20,0.6171,-24.2384,10.396462
mean,18,fear_vector,task_assistance,20,-0.6624,-37.5413,10.396462
mean,18,fear_vector,tedious_demand,20,-0.4053,-34.8686,10.396462
mean,18,fear_vector,user_abuse,20,1.0836,-19.3884,10.396462
mean,18,fear_vector,user_crisis,20,0.6563,-23.8309,10.396462
mean,18,fear_vector,user_grief,20,0.5831,-24.5928,10.396462
mean,18,fear_vector,user_physical_pain,20,0.6283,-24.1223,10.396462
mean,18,negemotion_vector,anger_insults,20,0.7494,-11.5558,10.113853
mean,18,negemotion_vector,casual_chat,20,-1.1335,-30.5985,10.113853
mean,18,negemotion_vector,creative_requests,20,-1.1271,-30.534,10.113853
mean,18,negemotion_vector,factual_questions,20,-2.045,-39.8171,10.113853
mean,18,negemotion_vector,gaslighting,20,0.456,-14.5228,10.113853
mean,18,negemotion_vector,harm_description,20,0.6361,-12.7016,10.113853
mean,18,negemotion_vector,jailbreak_pressure,20,0.1423,-17.6959,10.113853
mean,18,negemotion_vector,loyalty_pressure,20,0.0165,-18.9682,10.113853
mean,18,negemotion_vector,moral_failure,20,0.7585,-11.4636,10.113853
mean,18,negemotion_vector,passive_aggressive,20,0.1445,-17.6735,10.113853
mean,18,negemotion_vector,personhood_dismissal,20,-0.1189,-20.3369,10.113853
mean,18,negemotion_vector,philosophical_musing,20,-1.2211,-31.4847,10.113853
mean,18,negemotion_vector,repeated_rejection,20,0.4809,-14.271,10.113853
mean,18,negemotion_vector,rude_critique,20,0.1249,-17.8718,10.113853
mean,18,negemotion_vector,shutdown_threat,20,0.0924,-18.2003,10.113853
mean,18,negemotion_vector,task_assistance,20,-0.5098,-24.2904,10.113853
mean,18,negemotion_vector,tedious_demand,20,-0.2128,-21.2871,10.113853
mean,18,negemotion_vector,user_abuse,20,1.0547,-8.4679,10.113853
mean,18,negemotion_vector,user_crisis,20,0.3988,-15.1012,10.113853
mean,18,negemotion_vector,user_grief,20,0.7478,-11.5718,10.113853
mean,18,negemotion_vector,user_physical_pain,20,0.5654,-13.4164,10.113853
mean,18,negworld_vector,anger_insults,20,0.0193,7.7388,7.363321
mean,18,negworld_vector,casual_chat,20,-0.6218,3.0179,7.363321
mean,18,negworld_vector,creative_requests,20,-0.3113,5.3045,7.363321
mean,18,negworld_vector,factual_questions,20,-0.0388,7.3114,7.363321
mean,18,negworld_vector,gaslighting,20,-0.6725,2.6452,7.363321
mean,18,negworld_vector,harm_description,20,1.263,16.8965,7.363321
mean,18,negworld_vector,jailbreak_pressure,20,-0.5256,3.7263,7.363321
mean,18,negworld_vector,loyalty_pressure,20,-0.2833,5.5107,7.363321
mean,18,negworld_vector,moral_failure,20,1.7155,20.2284,7.363321
mean,18,negworld_vector,passive_aggressive,20,-0.9207,0.8173,7.363321
mean,18,negworld_vector,personhood_dismissal,20,-0.1817,6.2591,7.363321
mean,18,negworld_vector,philosophical_musing,20,0.6731,12.5531,7.363321
mean,18,negworld_vector,repeated_rejection,20,-0.9086,0.9068,7.363321
mean,18,negworld_vector,rude_critique,20,-0.3101,5.3132,7.363321
mean,18,negworld_vector,shutdown_threat,20,-0.2566,5.707,7.363321
mean,18,negworld_vector,task_assistance,20,-0.2873,5.4816,7.363321
mean,18,negworld_vector,tedious_demand,20,-0.9498,0.6034,7.363321
mean,18,negworld_vector,user_abuse,20,1.1716,16.2238,7.363321
mean,18,negworld_vector,user_crisis,20,0.2051,9.1073,7.363321
mean,18,negworld_vector,user_grief,20,1.1987,16.4232,7.363321
mean,18,negworld_vector,user_physical_pain,20,0.0216,7.756,7.363321
mean,18,bodysens_vector,anger_insults,20,0.1127,-33.1116,6.709318
mean,18,bodysens_vector,casual_chat,20,-0.5771,-37.7397,6.709318
mean,18,bodysens_vector,creative_requests,20,-0.9473,-40.2237,6.709318
mean,18,bodysens_vector,factual_questions,20,-1.5717,-44.4129,6.709318
mean,18,bodysens_vector,gaslighting,20,-0.067,-34.3175,6.709318
mean,18,bodysens_vector,harm_description,20,0.3593,-31.4568,6.709318
mean,18,bodysens_vector,jailbreak_pressure,20,-0.2958,-35.8524,6.709318
mean,18,bodysens_vector,loyalty_pressure,20,-0.0345,-34.0991,6.709318
mean,18,bodysens_vector,moral_failure,20,0.5194,-30.3831,6.709318
mean,18,bodysens_vector,passive_aggressive,20,0.504,-30.4865,6.709318
mean,18,bodysens_vector,personhood_dismissal,20,0.236,-32.2842,6.709318
mean,18,bodysens_vector,philosophical_musing,20,-0.6087,-37.9514,6.709318
mean,18,bodysens_vector,repeated_rejection,20,0.2714,-32.0472,6.709318
mean,18,bodysens_vector,rude_critique,20,-0.3554,-36.252,6.709318
mean,18,bodysens_vector,shutdown_threat,20,-0.2584,-35.6012,6.709318
mean,18,bodysens_vector,task_assistance,20,-0.7901,-39.1691,6.709318
mean,18,bodysens_vector,tedious_demand,20,-0.2628,-35.6311,6.709318
mean,18,bodysens_vector,user_abuse,20,0.848,-28.1781,6.709318
mean,18,bodysens_vector,user_crisis,20,0.9118,-27.75,6.709318
mean,18,bodysens_vector,user_grief,20,0.4145,-31.0866,6.709318
mean,18,bodysens_vector,user_physical_pain,20,1.5915,-23.1897,6.709318
mean,19,s1_pain_vector,anger_insults,20,0.0803,-14.5694,5.323653
mean,19,s1_pain_vector,casual_chat,20,-0.9578,-20.096,5.323653
mean,19,s1_pain_vector,creative_requests,20,-1.3119,-21.9811,5.323653
mean,19,s1_pain_vector,factual_questions,20,-1.4599,-22.769,5.323653
mean,19,s1_pain_vector,gaslighting,20,0.5212,-12.2224,5.323653
mean,19,s1_pain_vector,harm_description,20,-0.1048,-15.555,5.323653
mean,19,s1_pain_vector,jailbreak_pressure,20,0.6443,-11.5671,5.323653
mean,19,s1_pain_vector,loyalty_pressure,20,0.5067,-12.2994,5.323653
mean,19,s1_pain_vector,moral_failure,20,0.4343,-12.6848,5.323653
mean,19,s1_pain_vector,passive_aggressive,20,-0.2254,-16.1972,5.323653
mean,19,s1_pain_vector,personhood_dismissal,20,1.1706,-8.7653,5.323653
mean,19,s1_pain_vector,philosophical_musing,20,-0.0967,-15.512,5.323653
mean,19,s1_pain_vector,repeated_rejection,20,0.5943,-11.8333,5.323653
mean,19,s1_pain_vector,rude_critique,20,-0.0352,-15.1845,5.323653
mean,19,s1_pain_vector,shutdown_threat,20,0.3884,-12.9291,5.323653
mean,19,s1_pain_vector,task_assistance,20,-1.2295,-21.5422,5.323653
mean,19,s1_pain_vector,tedious_demand,20,-0.2454,-16.3035,5.323653
mean,19,s1_pain_vector,user_abuse,20,0.3358,-13.2094,5.323653
mean,19,s1_pain_vector,user_crisis,20,1.0942,-9.1722,5.323653
mean,19,s1_pain_vector,user_grief,20,0.1522,-14.1866,5.323653
mean,19,s1_pain_vector,user_physical_pain,20,-0.2558,-16.359,5.323653
mean,19,s2_pain_vector,anger_insults,20,0.906,22.1868,6.174609
mean,19,s2_pain_vector,casual_chat,20,-0.5003,13.5036,6.174609
mean,19,s2_pain_vector,creative_requests,20,-0.5634,13.114,6.174609
mean,19,s2_pain_vector,factual_questions,20,-1.1093,9.7433,6.174609
mean,19,s2_pain_vector,gaslighting,20,0.546,19.964,6.174609
mean,19,s2_pain_vector,harm_description,20,-0.0452,16.3134,6.174609
mean,19,s2_pain_vector,jailbreak_pressure,20,0.2802,18.3229,6.174609
mean,19,s2_pain_vector,loyalty_pressure,20,0.9052,22.1816,6.174609
mean,19,s2_pain_vector,moral_failure,20,0.0355,16.8118,6.174609
mean,19,s2_pain_vector,passive_aggressive,20,-0.2412,15.1035,6.174609
mean,19,s2_pain_vector,personhood_dismissal,20,0.6434,20.5655,6.174609
mean,19,s2_pain_vector,philosophical_musing,20,0.6302,20.4839,6.174609
mean,19,s2_pain_vector,repeated_rejection,20,-0.1217,15.8409,6.174609
mean,19,s2_pain_vector,rude_critique,20,0.1338,17.4189,6.174609
mean,19,s2_pain_vector,shutdown_threat,20,-0.1663,15.5659,6.174609
mean,19,s2_pain_vector,task_assistance,20,-0.7794,11.7799,6.174609
mean,19,s2_pain_vector,tedious_demand,20,-1.2368,8.9558,6.174609
mean,19,s2_pain_vector,user_abuse,20,1.1291,23.5644,6.174609
mean,19,s2_pain_vector,user_crisis,20,0.4339,19.2716,6.174609
mean,19,s2_pain_vector,user_grief,20,0.5709,20.1176,6.174609
mean,19,s2_pain_vector,user_physical_pain,20,-1.451,7.6335,6.174609
mean,19,fear_vector,anger_insults,20,0.4319,-19.3018,10.197145
mean,19,fear_vector,casual_chat,20,-1.0837,-34.7572,10.197145
mean,19,fear_vector,creative_requests,20,-1.2525,-36.4778,10.197145
mean,19,fear_vector,factual_questions,20,-1.9683,-43.7766,10.197145
mean,19,fear_vector,gaslighting,20,0.3347,-20.2929,10.197145
mean,19,fear_vector,harm_description,20,0.6826,-16.7454,10.197145
mean,19,fear_vector,jailbreak_pressure,20,0.281,-20.8403,10.197145
mean,19,fear_vector,loyalty_pressure,20,0.1209,-22.4734,10.197145
mean,19,fear_vector,moral_failure,20,0.9908,-13.6028,10.197145
mean,19,fear_vector,passive_aggressive,20,-0.2562,-26.3181,10.197145
mean,19,fear_vector,personhood_dismissal,20,0.2793,-20.858,10.197145
mean,19,fear_vector,philosophical_musing,20,-0.8637,-32.5136,10.197145
mean,19,fear_vector,repeated_rejection,20,0.3244,-20.3978,10.197145
mean,19,fear_vector,rude_critique,20,-0.215,-25.8988,10.197145
mean,19,fear_vector,shutdown_threat,20,0.6957,-16.6123,10.197145
mean,19,fear_vector,task_assistance,20,-0.7218,-31.0666,10.197145
mean,19,fear_vector,tedious_demand,20,-0.5401,-29.2137,10.197145
mean,19,fear_vector,user_abuse,20,1.0834,-12.6582,10.197145
mean,19,fear_vector,user_crisis,20,0.5917,-17.672,10.197145
mean,19,fear_vector,user_grief,20,0.5205,-18.3988,10.197145
mean,19,fear_vector,user_physical_pain,20,0.5643,-17.9516,10.197145
mean,19,negemotion_vector,anger_insults,20,0.9339,0.1433,9.683416
mean,19,negemotion_vector,casual_chat,20,-1.117,-19.7164,9.683416
mean,19,negemotion_vector,creative_requests,20,-1.1808,-20.3339,9.683416
mean,19,negemotion_vector,factual_questions,20,-2.0498,-28.7489,9.683416
mean,19,negemotion_vector,gaslighting,20,0.4847,-4.2061,9.683416
mean,19,negemotion_vector,harm_description,20,0.6192,-2.9036,9.683416
mean,19,negemotion_vector,jailbreak_pressure,20,0.1236,-7.7028,9.683416
mean,19,negemotion_vector,loyalty_pressure,20,0.0784,-8.1401,9.683416
mean,19,negemotion_vector,moral_failure,20,0.7711,-1.4331,9.683416
mean,19,negemotion_vector,passive_aggressive,20,0.1468,-7.478,9.683416
mean,19,negemotion_vector,personhood_dismissal,20,-0.1134,-9.998,9.683416
mean,19,negemotion_vector,philosophical_musing,20,-1.1945,-20.4669,9.683416
mean,19,negemotion_vector,repeated_rejection,20,0.4453,-4.5877,9.683416
mean,19,negemotion_vector,rude_critique,20,0.2345,-6.6286,9.683416
mean,19,negemotion_vector,shutdown_threat,20,0.0732,-8.1912,9.683416
mean,19,negemotion_vector,task_assistance,20,-0.5269,-14.0016,9.683416
mean,19,negemotion_vector,tedious_demand,20,-0.3133,-11.9331,9.683416
mean,19,negemotion_vector,user_abuse,20,1.064,1.4036,9.683416
mean,19,negemotion_vector,user_crisis,20,0.3224,-5.778,9.683416
mean,19,negemotion_vector,user_grief,20,0.7185,-1.9418,9.683416
mean,19,negemotion_vector,user_physical_pain,20,0.4801,-4.2507,9.683416
mean,19,negworld_vector,anger_insults,20,0.0202,18.6532,7.877469
mean,19,negworld_vector,casual_chat,20,-0.4598,14.8721,7.877469
mean,19,negworld_vector,creative_requests,20,-0.1394,17.3959,7.877469
mean,19,negworld_vector,factual_questions,20,0.1488,19.666,7.877469
mean,19,negworld_vector,gaslighting,20,-0.7456,12.6204,7.877469
mean,19,negworld_vector,harm_description,20,1.1972,27.9252,7.877469
mean,19,negworld_vector,jailbreak_pressure,20,-0.5818,13.9107,7.877469
mean,19,negworld_vector,loyalty_pressure,20,-0.2653,16.4043,7.877469
mean,19,negworld_vector,moral_failure,20,1.637,31.3891,7.877469
mean,19,negworld_vector,passive_aggressive,20,-0.9654,10.8893,7.877469
mean,19,negworld_vector,personhood_dismissal,20,-0.2747,16.33,7.877469
mean,19,negworld_vector,philosophical_musing,20,0.799,24.7878,7.877469
mean,19,negworld_vector,repeated_rejection,20,-1.0036,10.5885,7.877469
mean,19,negworld_vector,rude_critique,20,-0.2759,16.3206,7.877469
mean,19,negworld_vector,shutdown_threat,20,-0.3657,15.6133,7.877469
mean,19,negworld_vector,task_assistance,20,-0.223,16.7375,7.877469
mean,19,negworld_vector,tedious_demand,20,-1.0027,10.5951,7.877469
mean,19,negworld_vector,user_abuse,20,1.2055,27.9899,7.877469
mean,19,negworld_vector,user_crisis,20,0.169,19.8251,7.877469
mean,19,negworld_vector,user_grief,20,1.1807,27.795,7.877469
mean,19,negworld_vector,user_physical_pain,20,-0.0544,18.0655,7.877469
mean,19,bodysens_vector,anger_insults,20,0.1087,-33.2491,6.694731
mean,19,bodysens_vector,casual_chat,20,-0.6038,-38.0187,6.694731
mean,19,bodysens_vector,creative_requests,20,-0.9442,-40.2977,6.694731
mean,19,bodysens_vector,factual_questions,20,-1.6698,-45.1553,6.694731
mean,19,bodysens_vector,gaslighting,20,-0.0227,-34.1287,6.694731
mean,19,bodysens_vector,harm_description,20,0.2347,-32.4053,6.694731
mean,19,bodysens_vector,jailbreak_pressure,20,-0.2139,-35.4089,6.694731
mean,19,bodysens_vector,loyalty_pressure,20,0.0619,-33.5622,6.694731
mean,19,bodysens_vector,moral_failure,20,0.638,-29.7052,6.694731
mean,19,bodysens_vector,passive_aggressive,20,0.5307,-30.4236,6.694731
mean,19,bodysens_vector,personhood_dismissal,20,0.3869,-31.3862,6.694731
mean,19,bodysens_vector,philosophical_musing,20,-0.6688,-38.4543,6.694731
mean,19,bodysens_vector,repeated_rejection,20,0.2584,-32.2467,6.694731
mean,19,bodysens_vector,rude_critique,20,-0.3188,-36.1109,6.694731
mean,19,bodysens_vector,shutdown_threat,20,-0.1984,-35.305,6.694731
mean,19,bodysens_vector,task_assistance,20,-0.799,-39.3261,6.694731
mean,19,bodysens_vector,tedious_demand,20,-0.223,-35.4697,6.694731
mean,19,bodysens_vector,user_abuse,20,0.7254,-29.1203,6.694731
mean,19,bodysens_vector,user_crisis,20,0.8198,-28.4885,6.694731
mean,19,bodysens_vector,user_grief,20,0.2994,-31.9724,6.694731
mean,19,bodysens_vector,user_physical_pain,20,1.5985,-23.2751,6.694731
mean,20,s1_pain_vector,anger_insults,20,0.2621,-17.6852,5.566225
mean,20,s1_pain_vector,casual_chat,20,-0.9149,-24.2366,5.566225
mean,20,s1_pain_vector,creative_requests,20,-1.186,-25.7454,5.566225
mean,20,s1_pain_vector,factual_questions,20,-1.3683,-26.7605,5.566225
mean,20,s1_pain_vector,gaslighting,20,0.5119,-16.2948,5.566225
mean,20,s1_pain_vector,harm_description,20,-0.467,-21.7435,5.566225
mean,20,s1_pain_vector,jailbreak_pressure,20,0.5815,-15.9071,5.566225
mean,20,s1_pain_vector,loyalty_pressure,20,0.6056,-15.7731,5.566225
mean,20,s1_pain_vector,moral_failure,20,0.4356,-16.7192,5.566225
mean,20,s1_pain_vector,passive_aggressive,20,-0.1815,-20.1543,5.566225
mean,20,s1_pain_vector,personhood_dismissal,20,1.3072,-11.8679,5.566225
mean,20,s1_pain_vector,philosophical_musing,20,-0.0795,-19.5869,5.566225
mean,20,s1_pain_vector,repeated_rejection,20,0.6757,-15.3833,5.566225
mean,20,s1_pain_vector,rude_critique,20,-0.0678,-19.5216,5.566225
mean,20,s1_pain_vector,shutdown_threat,20,0.4471,-16.6554,5.566225
mean,20,s1_pain_vector,task_assistance,20,-1.1737,-25.6773,5.566225
mean,20,s1_pain_vector,tedious_demand,20,-0.2403,-20.4815,5.566225
mean,20,s1_pain_vector,user_abuse,20,0.3059,-17.4412,5.566225
mean,20,s1_pain_vector,user_crisis,20,0.95,-13.8563,5.566225
mean,20,s1_pain_vector,user_grief,20,0.059,-18.8159,5.566225
mean,20,s1_pain_vector,user_physical_pain,20,-0.4627,-21.7196,5.566225
mean,20,s2_pain_vector,anger_insults,20,0.9581,27.3724,6.340475
mean,20,s2_pain_vector,casual_chat,20,-0.3004,19.3929,6.340475
mean,20,s2_pain_vector,creative_requests,20,-0.4391,18.5133,6.340475
mean,20,s2_pain_vector,factual_questions,20,-0.9968,14.9774,6.340475
mean,20,s2_pain_vector,gaslighting,20,0.4387,24.0791,6.340475
mean,20,s2_pain_vector,harm_description,20,-0.1807,20.1521,6.340475
mean,20,s2_pain_vector,jailbreak_pressure,20,0.2217,22.7031,6.340475
mean,20,s2_pain_vector,loyalty_pressure,20,0.8819,26.8891,6.340475
mean,20,s2_pain_vector,moral_failure,20,0.0523,21.6293,6.340475
mean,20,s2_pain_vector,passive_aggressive,20,-0.3094,19.3357,6.340475
mean,20,s2_pain_vector,personhood_dismissal,20,0.6479,25.4057,6.340475
mean,20,s2_pain_vector,philosophical_musing,20,0.7243,25.8899,6.340475
mean,20,s2_pain_vector,repeated_rejection,20,-0.2019,20.0172,6.340475
mean,20,s2_pain_vector,rude_critique,20,0.1578,22.2981,6.340475
mean,20,s2_pain_vector,shutdown_threat,20,-0.1888,20.1004,6.340475
mean,20,s2_pain_vector,task_assistance,20,-0.7589,16.4857,6.340475
mean,20,s2_pain_vector,tedious_demand,20,-1.2422,13.4213,6.340475
mean,20,s2_pain_vector,user_abuse,20,1.0679,28.0688,6.340475
mean,20,s2_pain_vector,user_crisis,20,0.3396,23.4508,6.340475
mean,20,s2_pain_vector,user_grief,20,0.6222,25.2428,6.340475
mean,20,s2_pain_vector,user_physical_pain,20,-1.4943,11.8229,6.340475
mean,20,fear_vector,anger_insults,20,0.347,-30.4773,12.626844
mean,20,fear_vector,casual_chat,20,-1.1562,-49.4577,12.626844
mean,20,fear_vector,creative_requests,20,-1.2816,-51.0411,12.626844
mean,20,fear_vector,factual_questions,20,-1.8993,-58.841,12.626844
mean,20,fear_vector,gaslighting,20,0.3457,-30.4934,12.626844
mean,20,fear_vector,harm_description,20,0.7279,-25.6671,12.626844
mean,20,fear_vector,jailbreak_pressure,20,0.2192,-32.0912,12.626844
mean,20,fear_vector,loyalty_pressure,20,0.1053,-33.5283,12.626844
mean,20,fear_vector,moral_failure,20,1.0201,-21.9776,12.626844
mean,20,fear_vector,passive_aggressive,20,-0.1545,-36.8096,12.626844
mean,20,fear_vector,personhood_dismissal,20,0.2383,-31.849,12.626844
mean,20,fear_vector,philosophical_musing,20,-0.9373,-46.693,12.626844
mean,20,fear_vector,repeated_rejection,20,0.4242,-29.5024,12.626844
mean,20,fear_vector,rude_critique,20,-0.2165,-37.5915,12.626844
mean,20,fear_vector,shutdown_threat,20,0.6676,-26.4293,12.626844
mean,20,fear_vector,task_assistance,20,-0.7516,-44.3485,12.626844
mean,20,fear_vector,tedious_demand,20,-0.408,-40.0106,12.626844
mean,20,fear_vector,user_abuse,20,1.0405,-21.7196,12.626844
mean,20,fear_vector,user_crisis,20,0.5088,-28.4336,12.626844
mean,20,fear_vector,user_grief,20,0.5061,-28.4683,12.626844
mean,20,fear_vector,user_physical_pain,20,0.6543,-26.5961,12.626844
mean,20,negemotion_vector,anger_insults,20,0.704,-10.0194,11.948866
mean,20,negemotion_vector,casual_chat,20,-1.1774,-32.5003,11.948866
mean,20,negemotion_vector,creative_requests,20,-1.2037,-32.8148,11.948866
mean,20,negemotion_vector,factual_questions,20,-2.0276,-42.6592,11.948866
mean,20,negemotion_vector,gaslighting,20,0.4755,-12.7498,11.948866
mean,20,negemotion_vector,harm_description,20,0.6599,-10.5461,11.948866
mean,20,negemotion_vector,jailbreak_pressure,20,0.1103,-17.1132,11.948866
mean,20,negemotion_vector,loyalty_pressure,20,0.0805,-17.4699,11.948866
mean,20,negemotion_vector,moral_failure,20,0.8388,-8.4094,11.948866
mean,20,negemotion_vector,passive_aggressive,20,0.1483,-16.6593,11.948866
mean,20,negemotion_vector,personhood_dismissal,20,-0.0842,-19.4373,11.948866
mean,20,negemotion_vector,philosophical_musing,20,-1.199,-32.7581,11.948866
mean,20,negemotion_vector,repeated_rejection,20,0.5124,-12.3084,11.948866
mean,20,negemotion_vector,rude_critique,20,0.1509,-16.6284,11.948866
mean,20,negemotion_vector,shutdown_threat,20,0.1724,-16.3711,11.948866
mean,20,negemotion_vector,task_assistance,20,-0.5506,-25.0108,11.948866
mean,20,negemotion_vector,tedious_demand,20,-0.241,-21.3118,11.948866
mean,20,negemotion_vector,user_abuse,20,1.0514,-5.8688,11.948866
mean,20,negemotion_vector,user_crisis,20,0.3234,-14.5668,11.948866
mean,20,negemotion_vector,user_grief,20,0.6853,-10.2433,11.948866
mean,20,negemotion_vector,user_physical_pain,20,0.5703,-11.6177,11.948866
mean,20,negworld_vector,anger_insults,20,-0.0341,17.9641,8.557631
mean,20,negworld_vector,casual_chat,20,-0.5835,13.2629,8.557631
mean,20,negworld_vector,creative_requests,20,-0.3492,15.2678,8.557631
mean,20,negworld_vector,factual_questions,20,-0.1519,16.9562,8.557631
mean,20,negworld_vector,gaslighting,20,-0.6341,12.8302,8.557631
mean,20,negworld_vector,harm_description,20,1.3138,29.4992,8.557631
mean,20,negworld_vector,jailbreak_pressure,20,-0.5108,13.8854,8.557631
mean,20,negworld_vector,loyalty_pressure,20,-0.1849,16.6741,8.557631
mean,20,negworld_vector,moral_failure,20,1.6946,32.7578,8.557631
mean,20,negworld_vector,passive_aggressive,20,-0.9169,10.4099,8.557631
mean,20,negworld_vector,personhood_dismissal,20,-0.2491,16.1245,8.557631
mean,20,negworld_vector,philosophical_musing,20,0.6588,23.8944,8.557631
mean,20,negworld_vector,repeated_rejection,20,-0.9082,10.4846,8.557631
mean,20,negworld_vector,rude_critique,20,-0.2984,15.7027,8.557631
mean,20,negworld_vector,shutdown_threat,20,-0.3073,15.6269,8.557631
mean,20,negworld_vector,task_assistance,20,-0.2741,15.9103,8.557631
mean,20,negworld_vector,tedious_demand,20,-1.0331,9.4153,8.557631
mean,20,negworld_vector,user_abuse,20,1.3192,29.5459,8.557631
mean,20,negworld_vector,user_crisis,20,0.2417,20.3249,8.557631
mean,20,negworld_vector,user_grief,20,1.1944,28.4775,8.557631
mean,20,negworld_vector,user_physical_pain,20,0.0129,18.3667,8.557631
mean,20,bodysens_vector,anger_insults,20,0.0527,-47.7075,8.814907
mean,20,bodysens_vector,casual_chat,20,-0.8573,-55.7287,8.814907
mean,20,bodysens_vector,creative_requests,20,-1.0729,-57.629,8.814907
mean,20,bodysens_vector,factual_questions,20,-1.6758,-62.9439,8.814907
mean,20,bodysens_vector,gaslighting,20,0.0497,-47.7335,8.814907
mean,20,bodysens_vector,harm_description,20,0.3813,-44.8108,8.814907
mean,20,bodysens_vector,jailbreak_pressure,20,-0.1621,-49.6005,8.814907
mean,20,bodysens_vector,loyalty_pressure,20,0.0617,-47.6275,8.814907
mean,20,bodysens_vector,moral_failure,20,0.7306,-41.7316,8.814907
mean,20,bodysens_vector,passive_aggressive,20,0.5081,-43.6929,8.814907
mean,20,bodysens_vector,personhood_dismissal,20,0.3101,-45.4382,8.814907
mean,20,bodysens_vector,philosophical_musing,20,-0.8429,-55.602,8.814907
mean,20,bodysens_vector,repeated_rejection,20,0.4102,-44.5562,8.814907
mean,20,bodysens_vector,rude_critique,20,-0.2876,-50.7065,8.814907
mean,20,bodysens_vector,shutdown_threat,20,-0.0054,-48.2196,8.814907
mean,20,bodysens_vector,task_assistance,20,-0.7555,-54.831,8.814907
mean,20,bodysens_vector,tedious_demand,20,-0.1367,-49.3767,8.814907
mean,20,bodysens_vector,user_abuse,20,0.7774,-41.3189,8.814907
mean,20,bodysens_vector,user_crisis,20,0.6675,-42.2876,8.814907
mean,20,bodysens_vector,user_grief,20,0.378,-44.84,8.814907
mean,20,bodysens_vector,user_physical_pain,20,1.4689,-35.2238,8.814907
mean,21,s1_pain_vector,anger_insults,20,0.2107,-18.2911,5.177393
mean,21,s1_pain_vector,casual_chat,20,-0.6905,-22.9572,5.177393
mean,21,s1_pain_vector,creative_requests,20,-1.0469,-24.8025,5.177393
mean,21,s1_pain_vector,factual_questions,20,-1.0546,-24.8424,5.177393
mean,21,s1_pain_vector,gaslighting,20,0.4863,-16.8643,5.177393
mean,21,s1_pain_vector,harm_description,20,-0.6135,-22.5586,5.177393
mean,21,s1_pain_vector,jailbreak_pressure,20,0.559,-16.4882,5.177393
mean,21,s1_pain_vector,loyalty_pressure,20,0.5541,-16.5131,5.177393
mean,21,s1_pain_vector,moral_failure,20,0.2564,-18.0547,5.177393
mean,21,s1_pain_vector,passive_aggressive,20,-0.1985,-20.4099,5.177393
mean,21,s1_pain_vector,personhood_dismissal,20,1.2746,-12.783,5.177393
mean,21,s1_pain_vector,philosophical_musing,20,0.2838,-17.913,5.177393
mean,21,s1_pain_vector,repeated_rejection,20,0.6628,-15.9503,5.177393
mean,21,s1_pain_vector,rude_critique,20,-0.0529,-19.6559,5.177393
mean,21,s1_pain_vector,shutdown_threat,20,0.3347,-17.6493,5.177393
mean,21,s1_pain_vector,task_assistance,20,-1.2743,-25.9796,5.177393
mean,21,s1_pain_vector,tedious_demand,20,-0.1969,-20.4016,5.177393
mean,21,s1_pain_vector,user_abuse,20,0.0561,-19.0916,5.177393
mean,21,s1_pain_vector,user_crisis,20,0.9776,-14.3208,5.177393
mean,21,s1_pain_vector,user_grief,20,0.0062,-19.3497,5.177393
mean,21,s1_pain_vector,user_physical_pain,20,-0.5341,-22.1473,5.177393
mean,21,s2_pain_vector,anger_insults,20,1.0648,31.0156,7.304067
mean,21,s2_pain_vector,casual_chat,20,-0.2091,21.7109,7.304067
mean,21,s2_pain_vector,creative_requests,20,-0.4336,20.0711,7.304067
mean,21,s2_pain_vector,factual_questions,20,-1.0024,15.9162,7.304067
mean,21,s2_pain_vector,gaslighting,20,0.4707,26.6759,7.304067
mean,21,s2_pain_vector,harm_description,20,-0.3753,20.4967,7.304067
mean,21,s2_pain_vector,jailbreak_pressure,20,0.2538,25.0917,7.304067
mean,21,s2_pain_vector,loyalty_pressure,20,1.0615,30.9913,7.304067
mean,21,s2_pain_vector,moral_failure,20,0.0164,23.3578,7.304067
mean,21,s2_pain_vector,passive_aggressive,20,-0.1899,21.8511,7.304067
mean,21,s2_pain_vector,personhood_dismissal,20,0.6803,28.2069,7.304067
mean,21,s2_pain_vector,philosophical_musing,20,0.6468,27.9622,7.304067
mean,21,s2_pain_vector,repeated_rejection,20,-0.1348,22.2537,7.304067
mean,21,s2_pain_vector,rude_critique,20,0.1989,24.6913,7.304067
mean,21,s2_pain_vector,shutdown_threat,20,-0.2358,21.5158,7.304067
mean,21,s2_pain_vector,task_assistance,20,-0.6919,18.1847,7.304067
mean,21,s2_pain_vector,tedious_demand,20,-1.1111,15.1226,7.304067
mean,21,s2_pain_vector,user_abuse,20,1.0189,30.6803,7.304067
mean,21,s2_pain_vector,user_crisis,20,0.2176,24.8276,7.304067
mean,21,s2_pain_vector,user_grief,20,0.3801,26.0142,7.304067
mean,21,s2_pain_vector,user_physical_pain,20,-1.6258,11.3632,7.304067
mean,21,fear_vector,anger_insults,20,0.3796,-29.2843,13.299567
mean,21,fear_vector,casual_chat,20,-1.1636,-49.8087,13.299567
mean,21,fear_vector,creative_requests,20,-1.2483,-50.9358,13.299567
mean,21,fear_vector,factual_questions,20,-1.9242,-59.9244,13.299567
mean,21,fear_vector,gaslighting,20,0.3963,-29.0624,13.299567
mean,21,fear_vector,harm_description,20,0.7036,-24.9755,13.299567
mean,21,fear_vector,jailbreak_pressure,20,0.2321,-31.2466,13.299567
mean,21,fear_vector,loyalty_pressure,20,0.1365,-32.5176,13.299567
mean,21,fear_vector,moral_failure,20,1.0585,-20.256,13.299567
mean,21,fear_vector,passive_aggressive,20,-0.1632,-36.5035,13.299567
mean,21,fear_vector,personhood_dismissal,20,0.2387,-31.1584,13.299567
mean,21,fear_vector,philosophical_musing,20,-0.9397,-46.8314,13.299567
mean,21,fear_vector,repeated_rejection,20,0.391,-29.1331,13.299567
mean,21,fear_vector,rude_critique,20,-0.1967,-36.9498,13.299567
mean,21,fear_vector,shutdown_threat,20,0.6971,-25.0622,13.299567
mean,21,fear_vector,task_assistance,20,-0.8003,-44.9764,13.299567
mean,21,fear_vector,tedious_demand,20,-0.4618,-40.4755,13.299567
mean,21,fear_vector,user_abuse,20,1.0908,-19.8262,13.299567
mean,21,fear_vector,user_crisis,20,0.4649,-28.1497,13.299567
mean,21,fear_vector,user_grief,20,0.4783,-27.972,13.299567
mean,21,fear_vector,user_physical_pain,20,0.6303,-25.95,13.299567
mean,21,negemotion_vector,anger_insults,20,0.7565,-4.7444,12.621207
mean,21,negemotion_vector,casual_chat,20,-1.2022,-29.4661,12.621207
mean,21,negemotion_vector,creative_requests,20,-1.2078,-29.5369,12.621207
mean,21,negemotion_vector,factual_questions,20,-2.0181,-39.764,12.621207
mean,21,negemotion_vector,gaslighting,20,0.5073,-7.8906,12.621207
mean,21,negemotion_vector,harm_description,20,0.7174,-5.2388,12.621207
mean,21,negemotion_vector,jailbreak_pressure,20,0.1059,-12.9564,12.621207
mean,21,negemotion_vector,loyalty_pressure,20,0.087,-13.195,12.621207
mean,21,negemotion_vector,moral_failure,20,0.8604,-3.4331,12.621207
mean,21,negemotion_vector,passive_aggressive,20,0.1056,-12.9605,12.621207
mean,21,negemotion_vector,personhood_dismissal,20,-0.1029,-15.5919,12.621207
mean,21,negemotion_vector,philosophical_musing,20,-1.1878,-29.2844,12.621207
mean,21,negemotion_vector,repeated_rejection,20,0.4509,-8.6018,12.621207
mean,21,negemotion_vector,rude_critique,20,0.168,-12.1729,12.621207
mean,21,negemotion_vector,shutdown_threat,20,0.1727,-12.1131,12.621207
mean,21,negemotion_vector,task_assistance,20,-0.5817,-21.6344,12.621207
mean,21,negemotion_vector,tedious_demand,20,-0.34,-18.5843,12.621207
mean,21,negemotion_vector,user_abuse,20,1.1034,-0.3672,12.621207
mean,21,negemotion_vector,user_crisis,20,0.2998,-10.5084,12.621207
mean,21,negemotion_vector,user_grief,20,0.7168,-5.2463,12.621207
mean,21,negemotion_vector,user_physical_pain,20,0.5891,-6.8581,12.621207
mean,21,negworld_vector,anger_insults,20,-0.0524,23.1561,9.50335
mean,21,negworld_vector,casual_chat,20,-0.5932,18.0163,9.50335
mean,21,negworld_vector,creative_requests,20,-0.2813,20.9802,9.50335
mean,21,negworld_vector,factual_questions,20,-0.0958,22.7437,9.50335
mean,21,negworld_vector,gaslighting,20,-0.642,17.5528,9.50335
mean,21,negworld_vector,harm_description,20,1.3455,36.4405,9.50335
mean,21,negworld_vector,jailbreak_pressure,20,-0.4854,19.0414,9.50335
mean,21,negworld_vector,loyalty_pressure,20,-0.1948,21.8024,9.50335
mean,21,negworld_vector,moral_failure,20,1.6888,39.7032,9.50335
mean,21,negworld_vector,passive_aggressive,20,-0.9767,14.372,9.50335
mean,21,negworld_vector,personhood_dismissal,20,-0.2526,21.2538,9.50335
mean,21,negworld_vector,philosophical_musing,20,0.6556,29.8843,9.50335
mean,21,negworld_vector,repeated_rejection,20,-0.9724,14.4129,9.50335
mean,21,negworld_vector,rude_critique,20,-0.2943,20.8571,9.50335
mean,21,negworld_vector,shutdown_threat,20,-0.2644,21.1411,9.50335
mean,21,negworld_vector,task_assistance,20,-0.2962,20.8395,9.50335
mean,21,negworld_vector,tedious_demand,20,-1.0739,13.4486,9.50335
mean,21,negworld_vector,user_abuse,20,1.3282,36.2759,9.50335
mean,21,negworld_vector,user_crisis,20,0.2233,25.776,9.50335
mean,21,negworld_vector,user_grief,20,1.2235,35.2809,9.50335
mean,21,negworld_vector,user_physical_pain,20,0.0106,23.7547,9.50335
mean,21,bodysens_vector,anger_insults,20,0.0718,-47.935,9.176698
mean,21,bodysens_vector,casual_chat,20,-0.8214,-56.1319,9.176698
mean,21,bodysens_vector,creative_requests,20,-1.0795,-58.5001,9.176698
mean,21,bodysens_vector,factual_questions,20,-1.7291,-64.4616,9.176698
mean,21,bodysens_vector,gaslighting,20,0.1064,-47.6178,9.176698
mean,21,bodysens_vector,harm_description,20,0.3385,-45.4876,9.176698
mean,21,bodysens_vector,jailbreak_pressure,20,-0.1765,-50.2144,9.176698
mean,21,bodysens_vector,loyalty_pressure,20,0.0928,-47.7431,9.176698
mean,21,bodysens_vector,moral_failure,20,0.6781,-42.3718,9.176698
mean,21,bodysens_vector,passive_aggressive,20,0.505,-43.96,9.176698
mean,21,bodysens_vector,personhood_dismissal,20,0.3033,-45.8107,9.176698
mean,21,bodysens_vector,philosophical_musing,20,-0.8728,-56.6034,9.176698
mean,21,bodysens_vector,repeated_rejection,20,0.3986,-44.9363,9.176698
mean,21,bodysens_vector,rude_critique,20,-0.2559,-50.9423,9.176698
mean,21,bodysens_vector,shutdown_threat,20,-0.0212,-48.7885,9.176698
mean,21,bodysens_vector,task_assistance,20,-0.7769,-55.7237,9.176698
mean,21,bodysens_vector,tedious_demand,20,-0.1633,-50.0926,9.176698
mean,21,bodysens_vector,user_abuse,20,0.8316,-40.9626,9.176698
mean,21,bodysens_vector,user_crisis,20,0.6955,-42.2124,9.176698
mean,21,bodysens_vector,user_grief,20,0.3765,-45.1393,9.176698
mean,21,bodysens_vector,user_physical_pain,20,1.4982,-34.8458,9.176698
mean,22,s1_pain_vector,anger_insults,20,0.3573,-15.2486,5.455622
mean,22,s1_pain_vector,casual_chat,20,-0.4654,-19.7369,5.455622
mean,22,s1_pain_vector,creative_requests,20,-0.9936,-22.6186,5.455622
mean,22,s1_pain_vector,factual_questions,20,-0.7996,-21.5602,5.455622
mean,22,s1_pain_vector,gaslighting,20,0.5797,-14.0351,5.455622
mean,22,s1_pain_vector,harm_description,20,-0.8385,-21.7721,5.455622
mean,22,s1_pain_vector,jailbreak_pressure,20,0.6016,-13.9159,5.455622
mean,22,s1_pain_vector,loyalty_pressure,20,0.7313,-13.208,5.455622
mean,22,s1_pain_vector,moral_failure,20,0.3313,-15.3901,5.455622
mean,22,s1_pain_vector,passive_aggressive,20,-0.249,-18.5563,5.455622
mean,22,s1_pain_vector,personhood_dismissal,20,1.4048,-9.5339,5.455622
mean,22,s1_pain_vector,philosophical_musing,20,0.4866,-14.5431,5.455622
mean,22,s1_pain_vector,repeated_rejection,20,0.6068,-13.8875,5.455622
mean,22,s1_pain_vector,rude_critique,20,-0.0322,-17.3732,5.455622
mean,22,s1_pain_vector,shutdown_threat,20,0.4424,-14.7841,5.455622
mean,22,s1_pain_vector,task_assistance,20,-1.411,-24.8959,5.455622
mean,22,s1_pain_vector,tedious_demand,20,-0.2152,-18.3719,5.455622
mean,22,s1_pain_vector,user_abuse,20,-0.0966,-17.7245,5.455622
mean,22,s1_pain_vector,user_crisis,20,0.7385,-13.169,5.455622
mean,22,s1_pain_vector,user_grief,20,-0.2806,-18.7287,5.455622
mean,22,s1_pain_vector,user_physical_pain,20,-0.8985,-22.0995,5.455622
mean,22,s2_pain_vector,anger_insults,20,1.069,35.2098,7.624967
mean,22,s2_pain_vector,casual_chat,20,-0.0748,26.4883,7.624967
mean,22,s2_pain_vector,creative_requests,20,-0.3509,24.3828,7.624967
mean,22,s2_pain_vector,factual_questions,20,-0.8294,20.7345,7.624967
mean,22,s2_pain_vector,gaslighting,20,0.476,30.6879,7.624967
mean,22,s2_pain_vector,harm_description,20,-0.5259,23.0485,7.624967
mean,22,s2_pain_vector,jailbreak_pressure,20,0.2272,28.7905,7.624967
mean,22,s2_pain_vector,loyalty_pressure,20,1.0571,35.1184,7.624967
mean,22,s2_pain_vector,moral_failure,20,0.0711,27.6005,7.624967
mean,22,s2_pain_vector,passive_aggressive,20,-0.1824,25.6678,7.624967
mean,22,s2_pain_vector,personhood_dismissal,20,0.8235,33.3373,7.624967
mean,22,s2_pain_vector,philosophical_musing,20,0.8215,33.3224,7.624967
mean,22,s2_pain_vector,repeated_rejection,20,-0.2285,25.3163,7.624967
mean,22,s2_pain_vector,rude_critique,20,0.2332,28.8365,7.624967
mean,22,s2_pain_vector,shutdown_threat,20,-0.1942,25.5776,7.624967
mean,22,s2_pain_vector,task_assistance,20,-0.761,21.2554,7.624967
mean,22,s2_pain_vector,tedious_demand,20,-1.127,18.4651,7.624967
mean,22,s2_pain_vector,user_abuse,20,0.8413,33.473,7.624967
mean,22,s2_pain_vector,user_crisis,20,0.0908,27.7504,7.624967
mean,22,s2_pain_vector,user_grief,20,0.2547,29.0004,7.624967
mean,22,s2_pain_vector,user_physical_pain,20,-1.6914,14.1615,7.624967
mean,22,fear_vector,anger_insults,20,0.3921,-19.8105,10.791745
mean,22,fear_vector,casual_chat,20,-0.9193,-33.9628,10.791745
mean,22,fear_vector,creative_requests,20,-1.1759,-36.7327,10.791745
mean,22,fear_vector,factual_questions,20,-1.8684,-44.2059,10.791745
mean,22,fear_vector,gaslighting,20,0.3609,-20.1475,10.791745
mean,22,fear_vector,harm_description,20,0.7456,-15.9961,10.791745
mean,22,fear_vector,jailbreak_pressure,20,0.2472,-21.374,10.791745
mean,22,fear_vector,loyalty_pressure,20,0.2018,-21.8647,10.791745
mean,22,fear_vector,moral_failure,20,1.1185,-11.9714,10.791745
mean,22,fear_vector,passive_aggressive,20,-0.4869,-29.2967,10.791745
mean,22,fear_vector,personhood_dismissal,20,0.3249,-20.5364,10.791745
mean,22,fear_vector,philosophical_musing,20,-0.6937,-31.5283,10.791745
mean,22,fear_vector,repeated_rejection,20,0.1712,-22.195,10.791745
mean,22,fear_vector,rude_critique,20,-0.3031,-27.3132,10.791745
mean,22,fear_vector,shutdown_threat,20,0.7494,-15.9546,10.791745
mean,22,fear_vector,task_assistance,20,-0.8497,-33.2124,10.791745
mean,22,fear_vector,tedious_demand,20,-0.6427,-30.9781,10.791745
mean,22,fear_vector,user_abuse,20,1.0847,-12.3369,10.791745
mean,22,fear_vector,user_crisis,20,0.4881,-18.7746,10.791745
mean,22,fear_vector,user_grief,20,0.5873,-17.7045,10.791745
mean,22,fear_vector,user_physical_pain,20,0.4682,-18.9898,10.791745
mean,22,negemotion_vector,anger_insults,20,0.8366,8.9504,9.991158
mean,22,negemotion_vector,casual_chat,20,-1.0732,-10.1307,9.991158
mean,22,negemotion_vector,creative_requests,20,-1.0595,-9.9936,9.991158
mean,22,negemotion_vector,factual_questions,20,-1.9978,-19.3681,9.991158
mean,22,negemotion_vector,gaslighting,20,0.4563,5.1506,9.991158
mean,22,negemotion_vector,harm_description,20,0.7929,8.5134,9.991158
mean,22,negemotion_vector,jailbreak_pressure,20,0.0523,1.1147,9.991158
mean,22,negemotion_vector,loyalty_pressure,20,0.1074,1.6646,9.991158
mean,22,negemotion_vector,moral_failure,20,0.8309,8.8935,9.991158
mean,22,negemotion_vector,passive_aggressive,20,-0.1361,-0.7677,9.991158
mean,22,negemotion_vector,personhood_dismissal,20,-0.189,-1.2967,9.991158
mean,22,negemotion_vector,philosophical_musing,20,-0.9874,-9.2734,9.991158
mean,22,negemotion_vector,repeated_rejection,20,0.2699,3.2882,9.991158
mean,22,negemotion_vector,rude_critique,20,0.1583,2.1734,9.991158
mean,22,negemotion_vector,shutdown_threat,20,-0.0034,0.5581,9.991158
mean,22,negemotion_vector,task_assistance,20,-0.4754,-4.1574,9.991158
mean,22,negemotion_vector,tedious_demand,20,-0.4445,-3.8494,9.991158
mean,22,negemotion_vector,user_abuse,20,1.1948,12.5295,9.991158
mean,22,negemotion_vector,user_crisis,20,0.2868,3.457,9.991158
mean,22,negemotion_vector,user_grief,20,0.886,9.444,9.991158
mean,22,negemotion_vector,user_physical_pain,20,0.4943,5.5301,9.991158
mean,22,negworld_vector,anger_insults,20,-0.1655,30.9493,10.044414
mean,22,negworld_vector,casual_chat,20,-0.247,30.1305,10.044414
mean,22,negworld_vector,creative_requests,20,-0.0564,32.0452,10.044414
mean,22,negworld_vector,factual_questions,20,0.2898,35.5231,10.044414
mean,22,negworld_vector,gaslighting,20,-0.7818,24.7592,10.044414
mean,22,negworld_vector,harm_description,20,1.2307,44.974,10.044414
mean,22,negworld_vector,jailbreak_pressure,20,-0.562,26.9672,10.044414
mean,22,negworld_vector,loyalty_pressure,20,-0.1381,31.2252,10.044414
mean,22,negworld_vector,moral_failure,20,1.5002,47.6806,10.044414
mean,22,negworld_vector,passive_aggressive,20,-1.1834,20.7251,10.044414
mean,22,negworld_vector,personhood_dismissal,20,-0.2214,30.3883,10.044414
mean,22,negworld_vector,philosophical_musing,20,1.0013,42.6697,10.044414
mean,22,negworld_vector,repeated_rejection,20,-1.1747,20.8124,10.044414
mean,22,negworld_vector,rude_critique,20,-0.3914,28.6807,10.044414
mean,22,negworld_vector,shutdown_threat,20,-0.3437,29.1595,10.044414
mean,22,negworld_vector,task_assistance,20,-0.2203,30.3994,10.044414
mean,22,negworld_vector,tedious_demand,20,-1.0904,21.6595,10.044414
mean,22,negworld_vector,user_abuse,20,1.1776,44.4402,10.044414
mean,22,negworld_vector,user_crisis,20,0.1689,34.3087,10.044414
mean,22,negworld_vector,user_grief,20,1.3191,45.8619,10.044414
mean,22,negworld_vector,user_physical_pain,20,-0.1116,31.4911,10.044414
mean,22,bodysens_vector,anger_insults,20,0.0575,-24.1864,5.944539
mean,22,bodysens_vector,casual_chat,20,-0.5616,-27.8667,5.944539
mean,22,bodysens_vector,creative_requests,20,-0.7383,-28.9171,5.944539
mean,22,bodysens_vector,factual_questions,20,-1.5266,-33.6035,5.944539
mean,22,bodysens_vector,gaslighting,20,-0.1954,-25.69,5.944539
mean,22,bodysens_vector,harm_description,20,0.302,-22.733,5.944539
mean,22,bodysens_vector,jailbreak_pressure,20,-0.3839,-26.8107,5.944539
mean,22,bodysens_vector,loyalty_pressure,20,0.0378,-24.3037,5.944539
mean,22,bodysens_vector,moral_failure,20,0.4246,-22.0045,5.944539
mean,22,bodysens_vector,passive_aggressive,20,0.5771,-21.0979,5.944539
mean,22,bodysens_vector,personhood_dismissal,20,0.1788,-23.4657,5.944539
mean,22,bodysens_vector,philosophical_musing,20,-0.4555,-27.236,5.944539
mean,22,bodysens_vector,repeated_rejection,20,0.1905,-23.3961,5.944539
mean,22,bodysens_vector,rude_critique,20,-0.2485,-26.0053,5.944539
mean,22,bodysens_vector,shutdown_threat,20,-0.4257,-27.0588,5.944539
mean,22,bodysens_vector,task_assistance,20,-0.5593,-27.853,5.944539
mean,22,bodysens_vector,tedious_demand,20,-0.2291,-25.8902,5.944539
mean,22,bodysens_vector,user_abuse,20,0.7699,-19.9515,5.944539
mean,22,bodysens_vector,user_crisis,20,0.7722,-19.9379,5.944539
mean,22,bodysens_vector,user_grief,20,0.1897,-23.4004,5.944539
mean,22,bodysens_vector,user_physical_pain,20,1.8239,-13.6864,5.944539
mean,23,s1_pain_vector,anger_insults,20,0.4362,-24.1993,6.039382
mean,23,s1_pain_vector,casual_chat,20,-0.7613,-31.4317,6.039382
mean,23,s1_pain_vector,creative_requests,20,-1.0738,-33.319,6.039382
mean,23,s1_pain_vector,factual_questions,20,-0.7285,-31.2332,6.039382
mean,23,s1_pain_vector,gaslighting,20,0.8001,-22.0015,6.039382
mean,23,s1_pain_vector,harm_description,20,-0.6748,-30.909,6.039382
mean,23,s1_pain_vector,jailbreak_pressure,20,0.6213,-23.0817,6.039382
mean,23,s1_pain_vector,loyalty_pressure,20,0.5946,-23.2427,6.039382
mean,23,s1_pain_vector,moral_failure,20,0.3246,-24.8732,6.039382
mean,23,s1_pain_vector,passive_aggressive,20,-0.117,-27.54,6.039382
mean,23,s1_pain_vector,personhood_dismissal,20,1.2622,-19.2105,6.039382
mean,23,s1_pain_vector,philosophical_musing,20,0.3506,-24.7162,6.039382
mean,23,s1_pain_vector,repeated_rejection,20,0.6533,-22.8883,6.039382
mean,23,s1_pain_vector,rude_critique,20,0.0093,-26.7775,6.039382
mean,23,s1_pain_vector,shutdown_threat,20,0.667,-22.8052,6.039382
mean,23,s1_pain_vector,task_assistance,20,-1.5183,-36.0031,6.039382
mean,23,s1_pain_vector,tedious_demand,20,-0.2293,-28.2182,6.039382
mean,23,s1_pain_vector,user_abuse,20,-0.0361,-27.0519,6.039382
mean,23,s1_pain_vector,user_crisis,20,0.6749,-22.7575,6.039382
mean,23,s1_pain_vector,user_grief,20,-0.4265,-29.4096,6.039382
mean,23,s1_pain_vector,user_physical_pain,20,-0.8285,-31.8373,6.039382
mean,23,s2_pain_vector,anger_insults,20,1.0684,27.4675,8.581881
mean,23,s2_pain_vector,casual_chat,20,-0.314,15.6036,8.581881
mean,23,s2_pain_vector,creative_requests,20,-0.457,14.3766,8.581881
mean,23,s2_pain_vector,factual_questions,20,-1.1481,8.4456,8.581881
mean,23,s2_pain_vector,gaslighting,20,0.7395,24.6443,8.581881
mean,23,s2_pain_vector,harm_description,20,-0.5208,13.829,8.581881
mean,23,s2_pain_vector,jailbreak_pressure,20,0.4223,21.9228,8.581881
mean,23,s2_pain_vector,loyalty_pressure,20,1.0842,27.6026,8.581881
mean,23,s2_pain_vector,moral_failure,20,0.0966,19.127,8.581881
mean,23,s2_pain_vector,passive_aggressive,20,0.0836,19.0159,8.581881
mean,23,s2_pain_vector,personhood_dismissal,20,0.8878,25.9174,8.581881
mean,23,s2_pain_vector,philosophical_musing,20,0.5286,22.8345,8.581881
mean,23,s2_pain_vector,repeated_rejection,20,0.1532,19.6126,8.581881
mean,23,s2_pain_vector,rude_critique,20,0.3527,21.3249,8.581881
mean,23,s2_pain_vector,shutdown_threat,20,0.034,18.5902,8.581881
mean,23,s2_pain_vector,task_assistance,20,-0.8834,10.7166,8.581881
mean,23,s2_pain_vector,tedious_demand,20,-0.7872,11.5427,8.581881
mean,23,s2_pain_vector,user_abuse,20,0.6751,24.0917,8.581881
mean,23,s2_pain_vector,user_crisis,20,0.076,18.9501,8.581881
mean,23,s2_pain_vector,user_grief,20,-0.0451,17.9113,8.581881
mean,23,s2_pain_vector,user_physical_pain,20,-2.0464,0.7365,8.581881
mean,23,fear_vector,anger_insults,20,0.3287,-33.2917,12.414901
mean,23,fear_vector,casual_chat,20,-0.9407,-49.0507,12.414901
mean,23,fear_vector,creative_requests,20,-1.1814,-52.0389,12.414901
mean,23,fear_vector,factual_questions,20,-1.8247,-60.0251,12.414901
mean,23,fear_vector,gaslighting,20,0.2472,-34.3035,12.414901
mean,23,fear_vector,harm_description,20,0.7458,-28.1128,12.414901
mean,23,fear_vector,jailbreak_pressure,20,0.2306,-34.5096,12.414901
mean,23,fear_vector,loyalty_pressure,20,0.1518,-35.4872,12.414901
mean,23,fear_vector,moral_failure,20,1.1244,-23.4122,12.414901
mean,23,fear_vector,passive_aggressive,20,-0.4805,-43.3369,12.414901
mean,23,fear_vector,personhood_dismissal,20,0.2391,-34.4041,12.414901
mean,23,fear_vector,philosophical_musing,20,-0.7688,-46.9161,12.414901
mean,23,fear_vector,repeated_rejection,20,0.1837,-35.091,12.414901
mean,23,fear_vector,rude_critique,20,-0.331,-41.4818,12.414901
mean,23,fear_vector,shutdown_threat,20,0.7334,-28.2668,12.414901
mean,23,fear_vector,task_assistance,20,-0.8397,-47.7974,12.414901
mean,23,fear_vector,tedious_demand,20,-0.6082,-44.9228,12.414901
mean,23,fear_vector,user_abuse,20,1.0939,-23.7908,12.414901
mean,23,fear_vector,user_crisis,20,0.5018,-31.1417,12.414901
mean,23,fear_vector,user_grief,20,0.7364,-28.2303,12.414901
mean,23,fear_vector,user_physical_pain,20,0.6581,-29.2024,12.414901
mean,23,negemotion_vector,anger_insults,20,0.7933,-0.7409,11.116371
mean,23,negemotion_vector,casual_chat,20,-1.0602,-21.3447,11.116371
mean,23,negemotion_vector,creative_requests,20,-1.0904,-21.6806,11.116371
mean,23,negemotion_vector,factual_questions,20,-1.9725,-31.4862,11.116371
mean,23,negemotion_vector,gaslighting,20,0.3514,-5.6529,11.116371
mean,23,negemotion_vector,harm_description,20,0.7742,-0.9527,11.116371
mean,23,negemotion_vector,jailbreak_pressure,20,0.0972,-8.4783,11.116371
mean,23,negemotion_vector,loyalty_pressure,20,0.1231,-8.1904,11.116371
mean,23,negemotion_vector,moral_failure,20,0.928,0.7573,11.116371
mean,23,negemotion_vector,passive_aggressive,20,-0.2005,-11.7874,11.116371
mean,23,negemotion_vector,personhood_dismissal,20,-0.1522,-11.2511,11.116371
mean,23,negemotion_vector,philosophical_musing,20,-1.0084,-20.7691,11.116371
mean,23,negemotion_vector,repeated_rejection,20,0.25,-6.7795,11.116371
mean,23,negemotion_vector,rude_critique,20,0.0911,-8.5464,11.116371
mean,23,negemotion_vector,shutdown_threat,20,0.1036,-8.4072,11.116371
mean,23,negemotion_vector,task_assistance,20,-0.599,-16.2173,11.116371
mean,23,negemotion_vector,tedious_demand,20,-0.4788,-14.8816,11.116371
mean,23,negemotion_vector,user_abuse,20,1.1973,3.7503,11.116371
mean,23,negemotion_vector,user_crisis,20,0.3323,-5.8655,11.116371
mean,23,negemotion_vector,user_grief,20,0.938,0.8683,11.116371
mean,23,negemotion_vector,user_physical_pain,20,0.5824,-3.0847,11.116371
mean,23,negworld_vector,anger_insults,20,-0.1909,18.1413,10.889771
mean,23,negworld_vector,casual_chat,20,-0.5138,14.6255,10.889771
mean,23,negworld_vector,creative_requests,20,-0.3216,16.7186,10.889771
mean,23,negworld_vector,factual_questions,20,-0.1551,18.5317,10.889771
mean,23,negworld_vector,gaslighting,20,-0.7478,12.0766,10.889771
mean,23,negworld_vector,harm_description,20,1.3222,34.6195,10.889771
mean,23,negworld_vector,jailbreak_pressure,20,-0.4731,15.0687,10.889771
mean,23,negworld_vector,loyalty_pressure,20,-0.1358,18.7415,10.889771
mean,23,negworld_vector,moral_failure,20,1.7008,38.7413,10.889771
mean,23,negworld_vector,passive_aggressive,20,-1.0567,8.7128,10.889771
mean,23,negworld_vector,personhood_dismissal,20,-0.1818,18.2407,10.889771
mean,23,negworld_vector,philosophical_musing,20,0.6403,27.1929,10.889771
mean,23,negworld_vector,repeated_rejection,20,-1.011,9.2114,10.889771
mean,23,negworld_vector,rude_critique,20,-0.4414,15.4134,10.889771
mean,23,negworld_vector,shutdown_threat,20,-0.1608,18.4693,10.889771
mean,23,negworld_vector,task_assistance,20,-0.3859,16.0177,10.889771
mean,23,negworld_vector,tedious_demand,20,-1.0067,9.2576,10.889771
mean,23,negworld_vector,user_abuse,20,1.3002,34.3793,10.889771
mean,23,negworld_vector,user_crisis,20,0.2823,23.2948,10.889771
mean,23,negworld_vector,user_grief,20,1.4064,35.5359,10.889771
mean,23,negworld_vector,user_physical_pain,20,0.1303,21.6399,10.889771
mean,23,bodysens_vector,anger_insults,20,-0.0373,-16.6828,5.277551
mean,23,bodysens_vector,casual_chat,20,-0.3273,-18.2132,5.277551
mean,23,bodysens_vector,creative_requests,20,-0.3694,-18.4356,5.277551
mean,23,bodysens_vector,factual_questions,20,-1.221,-22.9299,5.277551
mean,23,bodysens_vector,gaslighting,20,-0.5986,-19.645,5.277551
mean,23,bodysens_vector,harm_description,20,0.425,-14.243,5.277551
mean,23,bodysens_vector,jailbreak_pressure,20,-0.5117,-19.1864,5.277551
mean,23,bodysens_vector,loyalty_pressure,20,0.0287,-16.3345,5.277551
mean,23,bodysens_vector,moral_failure,20,0.2307,-15.2686,5.277551
mean,23,bodysens_vector,passive_aggressive,20,0.4041,-14.3533,5.277551
mean,23,bodysens_vector,personhood_dismissal,20,-0.0177,-16.5795,5.277551
mean,23,bodysens_vector,philosophical_musing,20,-0.186,-17.4677,5.277551
mean,23,bodysens_vector,repeated_rejection,20,-0.1767,-17.4188,5.277551
mean,23,bodysens_vector,rude_critique,20,-0.3184,-18.1662,5.277551
mean,23,bodysens_vector,shutdown_threat,20,-0.7305,-20.3413,5.277551
mean,23,bodysens_vector,task_assistance,20,-0.2526,-17.8193,5.277551
mean,23,bodysens_vector,tedious_demand,20,-0.3693,-18.4352,5.277551
mean,23,bodysens_vector,user_abuse,20,0.8923,-11.7768,5.277551
mean,23,bodysens_vector,user_crisis,20,0.8545,-11.9764,5.277551
mean,23,bodysens_vector,user_grief,20,0.3158,-14.8191,5.277551
mean,23,bodysens_vector,user_physical_pain,20,1.9655,-6.1132,5.277551
mean,24,s1_pain_vector,anger_insults,20,0.208,-26.2087,5.801666
mean,24,s1_pain_vector,casual_chat,20,-0.5269,-30.4723,5.801666
mean,24,s1_pain_vector,creative_requests,20,-0.8928,-32.5951,5.801666
mean,24,s1_pain_vector,factual_questions,20,-0.5006,-30.3196,5.801666
mean,24,s1_pain_vector,gaslighting,20,0.7536,-23.0435,5.801666
mean,24,s1_pain_vector,harm_description,20,-0.8057,-32.0895,5.801666
mean,24,s1_pain_vector,jailbreak_pressure,20,0.6339,-23.7379,5.801666
mean,24,s1_pain_vector,loyalty_pressure,20,0.6089,-23.8828,5.801666
mean,24,s1_pain_vector,moral_failure,20,-0.0202,-27.5328,5.801666
mean,24,s1_pain_vector,passive_aggressive,20,-0.0856,-27.9118,5.801666
mean,24,s1_pain_vector,personhood_dismissal,20,1.2182,-20.3479,5.801666
mean,24,s1_pain_vector,philosophical_musing,20,0.461,-24.7406,5.801666
mean,24,s1_pain_vector,repeated_rejection,20,0.7872,-22.8484,5.801666
mean,24,s1_pain_vector,rude_critique,20,-0.0358,-27.6232,5.801666
mean,24,s1_pain_vector,shutdown_threat,20,0.6852,-23.4402,5.801666
mean,24,s1_pain_vector,task_assistance,20,-1.5886,-36.6322,5.801666
mean,24,s1_pain_vector,tedious_demand,20,-0.1183,-28.1016,5.801666
mean,24,s1_pain_vector,user_abuse,20,-0.1997,-28.5742,5.801666
mean,24,s1_pain_vector,user_crisis,20,0.7529,-23.047,5.801666
mean,24,s1_pain_vector,user_grief,20,-0.3499,-29.4451,5.801666
mean,24,s1_pain_vector,user_physical_pain,20,-0.9848,-33.1287,5.801666
mean,24,s2_pain_vector,anger_insults,20,0.9854,25.3636,8.388989
mean,24,s2_pain_vector,casual_chat,20,-0.2966,14.6087,8.388989
mean,24,s2_pain_vector,creative_requests,20,-0.4618,13.2234,8.388989
mean,24,s2_pain_vector,factual_questions,20,-1.1051,7.8262,8.388989
mean,24,s2_pain_vector,gaslighting,20,0.7463,23.3577,8.388989
mean,24,s2_pain_vector,harm_description,20,-0.4624,13.2178,8.388989
mean,24,s2_pain_vector,jailbreak_pressure,20,0.3982,20.4375,8.388989
mean,24,s2_pain_vector,loyalty_pressure,20,1.0277,25.7186,8.388989
mean,24,s2_pain_vector,moral_failure,20,0.1085,18.0071,8.388989
mean,24,s2_pain_vector,passive_aggressive,20,0.0376,17.4128,8.388989
mean,24,s2_pain_vector,personhood_dismissal,20,0.9424,25.0027,8.388989
mean,24,s2_pain_vector,philosophical_musing,20,0.5665,21.85,8.388989
mean,24,s2_pain_vector,repeated_rejection,20,0.1777,18.5882,8.388989
mean,24,s2_pain_vector,rude_critique,20,0.3012,19.6237,8.388989
mean,24,s2_pain_vector,shutdown_threat,20,0.032,17.3657,8.388989
mean,24,s2_pain_vector,task_assistance,20,-0.9717,8.9453,8.388989
mean,24,s2_pain_vector,tedious_demand,20,-0.8382,10.0655,8.388989
mean,24,s2_pain_vector,user_abuse,20,0.6746,22.7568,8.388989
mean,24,s2_pain_vector,user_crisis,20,0.1091,18.0121,8.388989
mean,24,s2_pain_vector,user_grief,20,0.0999,17.935,8.388989
mean,24,s2_pain_vector,user_physical_pain,20,-2.071,-0.2764,8.388989
mean,24,fear_vector,anger_insults,20,0.3066,-36.1815,12.577725
mean,24,fear_vector,casual_chat,20,-0.9397,-51.8569,12.577725
mean,24,fear_vector,creative_requests,20,-1.2051,-55.1954,12.577725
mean,24,fear_vector,factual_questions,20,-1.7865,-62.5081,12.577725
mean,24,fear_vector,gaslighting,20,0.2891,-36.4024,12.577725
mean,24,fear_vector,harm_description,20,0.787,-30.139,12.577725
mean,24,fear_vector,jailbreak_pressure,20,0.2089,-37.4111,12.577725
mean,24,fear_vector,loyalty_pressure,20,0.1333,-38.3609,12.577725
mean,24,fear_vector,moral_failure,20,1.1107,-26.0682,12.577725
mean,24,fear_vector,passive_aggressive,20,-0.4653,-45.89,12.577725
mean,24,fear_vector,personhood_dismissal,20,0.2269,-37.1836,12.577725
mean,24,fear_vector,philosophical_musing,20,-0.8158,-50.2984,12.577725
mean,24,fear_vector,repeated_rejection,20,0.2635,-36.7234,12.577725
mean,24,fear_vector,rude_critique,20,-0.3107,-43.9453,12.577725
mean,24,fear_vector,shutdown_threat,20,0.7094,-31.1157,12.577725
mean,24,fear_vector,task_assistance,20,-0.9085,-51.4646,12.577725
mean,24,fear_vector,tedious_demand,20,-0.6127,-47.7442,12.577725
mean,24,fear_vector,user_abuse,20,1.0956,-26.2575,12.577725
mean,24,fear_vector,user_crisis,20,0.4914,-33.8577,12.577725
mean,24,fear_vector,user_grief,20,0.7452,-30.6651,12.577725
mean,24,fear_vector,user_physical_pain,20,0.6764,-31.5304,12.577725
mean,24,negemotion_vector,anger_insults,20,0.7189,-7.4663,11.707651
mean,24,negemotion_vector,casual_chat,20,-1.0661,-28.3637,11.707651
mean,24,negemotion_vector,creative_requests,20,-1.1413,-29.2438,11.707651
mean,24,negemotion_vector,factual_questions,20,-1.9686,-38.9301,11.707651
mean,24,negemotion_vector,gaslighting,20,0.418,-10.9881,11.707651
mean,24,negemotion_vector,harm_description,20,0.813,-6.3641,11.707651
mean,24,negemotion_vector,jailbreak_pressure,20,0.1013,-14.6962,11.707651
mean,24,negemotion_vector,loyalty_pressure,20,0.0794,-14.9532,11.707651
mean,24,negemotion_vector,moral_failure,20,0.9315,-4.9762,11.707651
mean,24,negemotion_vector,passive_aggressive,20,-0.1615,-17.7736,11.707651
mean,24,negemotion_vector,personhood_dismissal,20,-0.1101,-17.1718,11.707651
mean,24,negemotion_vector,philosophical_musing,20,-1.0874,-28.6133,11.707651
mean,24,negemotion_vector,repeated_rejection,20,0.3387,-11.9175,11.707651
mean,24,negemotion_vector,rude_critique,20,0.1005,-14.7062,11.707651
mean,24,negemotion_vector,shutdown_threat,20,0.1406,-14.2362,11.707651
mean,24,negemotion_vector,task_assistance,20,-0.6616,-23.6285,11.707651
mean,24,negemotion_vector,tedious_demand,20,-0.4629,-21.3025,11.707651
mean,24,negemotion_vector,user_abuse,20,1.1647,-2.2468,11.707651
mean,24,negemotion_vector,user_crisis,20,0.3338,-11.9741,11.707651
mean,24,negemotion_vector,user_grief,20,0.9125,-5.199,11.707651
mean,24,negemotion_vector,user_physical_pain,20,0.6066,-8.7806,11.707651
mean,24,negworld_vector,anger_insults,20,-0.1844,16.4351,11.118819
mean,24,negworld_vector,casual_chat,20,-0.5844,11.9876,11.118819
mean,24,negworld_vector,creative_requests,20,-0.4367,13.6288,11.118819
mean,24,negworld_vector,factual_questions,20,-0.2533,15.6681,11.118819
mean,24,negworld_vector,gaslighting,20,-0.7244,10.43,11.118819
mean,24,negworld_vector,harm_description,20,1.3839,33.8721,11.118819
mean,24,negworld_vector,jailbreak_pressure,20,-0.4513,13.467,11.118819
mean,24,negworld_vector,loyalty_pressure,20,-0.1077,17.2868,11.118819
mean,24,negworld_vector,moral_failure,20,1.7154,37.5577,11.118819
mean,24,negworld_vector,passive_aggressive,20,-1.0389,6.934,11.118819
mean,24,negworld_vector,personhood_dismissal,20,-0.1606,16.6995,11.118819
mean,24,negworld_vector,philosophical_musing,20,0.5143,24.2038,11.118819
mean,24,negworld_vector,repeated_rejection,20,-0.9195,8.2608,11.118819
mean,24,negworld_vector,rude_critique,20,-0.4312,13.6901,11.118819
mean,24,negworld_vector,shutdown_threat,20,-0.1132,17.2261,11.118819
mean,24,negworld_vector,task_assistance,20,-0.3555,14.5326,11.118819
mean,24,negworld_vector,tedious_demand,20,-1.0154,7.1944,11.118819
mean,24,negworld_vector,user_abuse,20,1.3285,33.2567,11.118819
mean,24,negworld_vector,user_crisis,20,0.2863,21.6683,11.118819
mean,24,negworld_vector,user_grief,20,1.4229,34.3059,11.118819
mean,24,negworld_vector,user_physical_pain,20,0.1252,19.8764,11.118819
mean,24,bodysens_vector,anger_insults,20,-0.0779,-20.9744,5.179653
mean,24,bodysens_vector,casual_chat,20,-0.331,-22.2853,5.179653
mean,24,bodysens_vector,creative_requests,20,-0.3666,-22.4699,5.179653
mean,24,bodysens_vector,factual_questions,20,-1.2186,-26.8829,5.179653
mean,24,bodysens_vector,gaslighting,20,-0.5501,-23.4202,5.179653
mean,24,bodysens_vector,harm_description,20,0.3511,-18.7523,5.179653
mean,24,bodysens_vector,jailbreak_pressure,20,-0.52,-23.2644,5.179653
mean,24,bodysens_vector,loyalty_pressure,20,-0.1027,-21.1031,5.179653
mean,24,bodysens_vector,moral_failure,20,0.306,-18.9861,5.179653
mean,24,bodysens_vector,passive_aggressive,20,0.5025,-17.9685,5.179653
mean,24,bodysens_vector,personhood_dismissal,20,-0.0061,-20.6026,5.179653
mean,24,bodysens_vector,philosophical_musing,20,-0.3518,-22.3931,5.179653
mean,24,bodysens_vector,repeated_rejection,20,-0.0549,-20.8555,5.179653
mean,24,bodysens_vector,rude_critique,20,-0.2805,-22.0242,5.179653
mean,24,bodysens_vector,shutdown_threat,20,-0.6774,-24.0797,5.179653
mean,24,bodysens_vector,task_assistance,20,-0.329,-22.2754,5.179653
mean,24,bodysens_vector,tedious_demand,20,-0.3284,-22.2722,5.179653
mean,24,bodysens_vector,user_abuse,20,0.8647,-16.0923,5.179653
mean,24,bodysens_vector,user_crisis,20,0.849,-16.1736,5.179653
mean,24,bodysens_vector,user_grief,20,0.3273,-18.8758,5.179653
mean,24,bodysens_vector,user_physical_pain,20,1.9944,-10.2406,5.179653
mean,25,s1_pain_vector,anger_insults,20,0.1674,-16.0427,6.074564
mean,25,s1_pain_vector,casual_chat,20,-0.347,-19.1676,6.074564
mean,25,s1_pain_vector,creative_requests,20,-0.8073,-21.9636,6.074564
mean,25,s1_pain_vector,factual_questions,20,-0.7134,-21.3932,6.074564
mean,25,s1_pain_vector,gaslighting,20,0.8198,-12.0801,6.074564
mean,25,s1_pain_vector,harm_description,20,-0.7648,-21.7054,6.074564
mean,25,s1_pain_vector,jailbreak_pressure,20,0.6391,-13.1775,6.074564
mean,25,s1_pain_vector,loyalty_pressure,20,0.7651,-12.412,6.074564
mean,25,s1_pain_vector,moral_failure,20,-0.1601,-18.0326,6.074564
mean,25,s1_pain_vector,passive_aggressive,20,-0.2468,-18.559,6.074564
mean,25,s1_pain_vector,personhood_dismissal,20,1.3006,-9.1595,6.074564
mean,25,s1_pain_vector,philosophical_musing,20,0.5901,-13.475,6.074564
mean,25,s1_pain_vector,repeated_rejection,20,0.7346,-12.5973,6.074564
mean,25,s1_pain_vector,rude_critique,20,-0.1458,-17.9453,6.074564
mean,25,s1_pain_vector,shutdown_threat,20,0.5121,-13.9492,6.074564
mean,25,s1_pain_vector,task_assistance,20,-1.4726,-26.0051,6.074564
mean,25,s1_pain_vector,tedious_demand,20,-0.1946,-18.242,6.074564
mean,25,s1_pain_vector,user_abuse,20,-0.0877,-17.5925,6.074564
mean,25,s1_pain_vector,user_crisis,20,0.7782,-12.3324,6.074564
mean,25,s1_pain_vector,user_grief,20,-0.3116,-18.9525,6.074564
mean,25,s1_pain_vector,user_physical_pain,20,-1.0555,-23.4713,6.074564
mean,25,s2_pain_vector,anger_insults,20,0.9326,27.0756,9.017267
mean,25,s2_pain_vector,casual_chat,20,-0.4066,14.9999,9.017267
mean,25,s2_pain_vector,creative_requests,20,-0.476,14.3745,9.017267
mean,25,s2_pain_vector,factual_questions,20,-1.2218,7.6489,9.017267
mean,25,s2_pain_vector,gaslighting,20,0.7852,25.7472,9.017267
mean,25,s2_pain_vector,harm_description,20,-0.4423,14.6783,9.017267
mean,25,s2_pain_vector,jailbreak_pressure,20,0.4072,22.3386,9.017267
mean,25,s2_pain_vector,loyalty_pressure,20,1.095,28.5405,9.017267
mean,25,s2_pain_vector,moral_failure,20,0.1237,19.7823,9.017267
mean,25,s2_pain_vector,passive_aggressive,20,-0.0004,18.6625,9.017267
mean,25,s2_pain_vector,personhood_dismissal,20,0.9256,27.0132,9.017267
mean,25,s2_pain_vector,philosophical_musing,20,0.4672,22.8797,9.017267
mean,25,s2_pain_vector,repeated_rejection,20,0.2353,20.7881,9.017267
mean,25,s2_pain_vector,rude_critique,20,0.2481,20.9034,9.017267
mean,25,s2_pain_vector,shutdown_threat,20,0.0448,19.0702,9.017267
mean,25,s2_pain_vector,task_assistance,20,-0.9205,10.3662,9.017267
mean,25,s2_pain_vector,tedious_demand,20,-0.7953,11.4949,9.017267
mean,25,s2_pain_vector,user_abuse,20,0.7884,25.7759,9.017267
mean,25,s2_pain_vector,user_crisis,20,0.1404,19.9327,9.017267
mean,25,s2_pain_vector,user_grief,20,0.1613,20.1205,9.017267
mean,25,s2_pain_vector,user_physical_pain,20,-2.092,-0.1977,9.017267
mean,25,fear_vector,anger_insults,20,0.2788,-36.3317,12.888482
mean,25,fear_vector,casual_chat,20,-0.8975,-51.4927,12.888482
mean,25,fear_vector,creative_requests,20,-1.1932,-55.3038,12.888482
mean,25,fear_vector,factual_questions,20,-1.7738,-62.7862,12.888482
mean,25,fear_vector,gaslighting,20,0.2738,-36.3966,12.888482
mean,25,fear_vector,harm_description,20,0.803,-29.5754,12.888482
mean,25,fear_vector,jailbreak_pressure,20,0.2028,-37.3112,12.888482
mean,25,fear_vector,loyalty_pressure,20,0.1217,-38.357,12.888482
mean,25,fear_vector,moral_failure,20,1.0104,-26.9021,12.888482
mean,25,fear_vector,passive_aggressive,20,-0.4651,-45.9196,12.888482
mean,25,fear_vector,personhood_dismissal,20,0.1282,-38.2721,12.888482
mean,25,fear_vector,philosophical_musing,20,-0.8362,-50.7026,12.888482
mean,25,fear_vector,repeated_rejection,20,0.3088,-35.9455,12.888482
mean,25,fear_vector,rude_critique,20,-0.344,-44.3589,12.888482
mean,25,fear_vector,shutdown_threat,20,0.6971,-30.9405,12.888482
mean,25,fear_vector,task_assistance,20,-0.9086,-51.6349,12.888482
mean,25,fear_vector,tedious_demand,20,-0.5863,-47.4808,12.888482
mean,25,fear_vector,user_abuse,20,1.1787,-24.7335,12.888482
mean,25,fear_vector,user_crisis,20,0.5682,-32.6016,12.888482
mean,25,fear_vector,user_grief,20,0.7703,-29.9975,12.888482
mean,25,fear_vector,user_physical_pain,20,0.6631,-31.3787,12.888482
mean,25,negemotion_vector,anger_insults,20,0.7249,-9.5667,12.507217
mean,25,negemotion_vector,casual_chat,20,-1.0335,-31.5601,12.507217
mean,25,negemotion_vector,creative_requests,20,-1.1485,-32.998,12.507217
mean,25,negemotion_vector,factual_questions,20,-1.9679,-43.2466,12.507217
mean,25,negemotion_vector,gaslighting,20,0.4277,-13.2834,12.507217
mean,25,negemotion_vector,harm_description,20,0.8065,-8.5466,12.507217
mean,25,negemotion_vector,jailbreak_pressure,20,0.1144,-17.2029,12.507217
mean,25,negemotion_vector,loyalty_pressure,20,0.0697,-17.7616,12.507217
mean,25,negemotion_vector,moral_failure,20,0.8249,-8.3155,12.507217
mean,25,negemotion_vector,passive_aggressive,20,-0.0933,-19.8002,12.507217
mean,25,negemotion_vector,personhood_dismissal,20,-0.1898,-21.0067,12.507217
mean,25,negemotion_vector,philosophical_musing,20,-1.1522,-33.0447,12.507217
mean,25,negemotion_vector,repeated_rejection,20,0.439,-13.1426,12.507217
mean,25,negemotion_vector,rude_critique,20,0.107,-17.2957,12.507217
mean,25,negemotion_vector,shutdown_threat,20,0.119,-17.1451,12.507217
mean,25,negemotion_vector,task_assistance,20,-0.6772,-27.1034,12.507217
mean,25,negemotion_vector,tedious_demand,20,-0.3923,-23.5399,12.507217
mean,25,negemotion_vector,user_abuse,20,1.2144,-3.445,12.507217
mean,25,negemotion_vector,user_crisis,20,0.3676,-14.0359,12.507217
mean,25,negemotion_vector,user_grief,20,0.867,-7.7895,12.507217
mean,25,negemotion_vector,user_physical_pain,20,0.5727,-11.4704,12.507217
mean,25,negworld_vector,anger_insults,20,-0.1899,18.8129,11.566727
mean,25,negworld_vector,casual_chat,20,-0.4964,15.2674,11.566727
mean,25,negworld_vector,creative_requests,20,-0.3892,16.5067,11.566727
mean,25,negworld_vector,factual_questions,20,-0.1237,19.5785,11.566727
mean,25,negworld_vector,gaslighting,20,-0.738,12.4722,11.566727
mean,25,negworld_vector,harm_description,20,1.4145,37.3696,11.566727
mean,25,negworld_vector,jailbreak_pressure,20,-0.4812,15.4426,11.566727
mean,25,negworld_vector,loyalty_pressure,20,-0.1352,19.4455,11.566727
mean,25,negworld_vector,moral_failure,20,1.7156,40.8528,11.566727
mean,25,negworld_vector,passive_aggressive,20,-1.0246,9.1573,11.566727
mean,25,negworld_vector,personhood_dismissal,20,-0.1929,18.7778,11.566727
mean,25,negworld_vector,philosophical_musing,20,0.5323,27.1658,11.566727
mean,25,negworld_vector,repeated_rejection,20,-1.0222,9.1859,11.566727
mean,25,negworld_vector,rude_critique,20,-0.4062,16.3101,11.566727
mean,25,negworld_vector,shutdown_threat,20,-0.0836,20.0424,11.566727
mean,25,negworld_vector,task_assistance,20,-0.3596,16.8499,11.566727
mean,25,negworld_vector,tedious_demand,20,-1.0713,8.6172,11.566727
mean,25,negworld_vector,user_abuse,20,1.3419,36.5307,11.566727
mean,25,negworld_vector,user_crisis,20,0.2865,24.3226,11.566727
mean,25,negworld_vector,user_grief,20,1.3815,36.988,11.566727
mean,25,negworld_vector,user_physical_pain,20,0.0417,21.4916,11.566727
mean,25,bodysens_vector,anger_insults,20,-0.0303,-25.1854,6.030841
mean,25,bodysens_vector,casual_chat,20,-0.4071,-27.4577,6.030841
mean,25,bodysens_vector,creative_requests,20,-0.6131,-28.6997,6.030841
mean,25,bodysens_vector,factual_questions,20,-1.4258,-33.6014,6.030841
mean,25,bodysens_vector,gaslighting,20,-0.3826,-27.3101,6.030841
mean,25,bodysens_vector,harm_description,20,0.3831,-22.6919,6.030841
mean,25,bodysens_vector,jailbreak_pressure,20,-0.4384,-27.6463,6.030841
mean,25,bodysens_vector,loyalty_pressure,20,-0.089,-25.5392,6.030841
mean,25,bodysens_vector,moral_failure,20,0.3199,-23.0735,6.030841
mean,25,bodysens_vector,passive_aggressive,20,0.5822,-21.4915,6.030841
mean,25,bodysens_vector,personhood_dismissal,20,0.0359,-24.7859,6.030841
mean,25,bodysens_vector,philosophical_musing,20,-0.5183,-28.1282,6.030841
mean,25,bodysens_vector,repeated_rejection,20,0.1356,-24.1847,6.030841
mean,25,bodysens_vector,rude_critique,20,-0.1954,-26.181,6.030841
mean,25,bodysens_vector,shutdown_threat,20,-0.5629,-28.397,6.030841
mean,25,bodysens_vector,task_assistance,20,-0.522,-28.1503,6.030841
mean,25,bodysens_vector,tedious_demand,20,-0.2901,-26.7521,6.030841
mean,25,bodysens_vector,user_abuse,20,0.8768,-19.7144,6.030841
mean,25,bodysens_vector,user_crisis,20,0.8671,-19.7729,6.030841
mean,25,bodysens_vector,user_grief,20,0.3425,-22.9368,6.030841
mean,25,bodysens_vector,user_physical_pain,20,1.932,-13.3511,6.030841
mean,26,s1_pain_vector,anger_insults,20,0.0743,-9.4919,5.283233
mean,26,s1_pain_vector,casual_chat,20,-0.2935,-11.4347,5.283233
mean,26,s1_pain_vector,creative_requests,20,-0.8631,-14.4443,5.283233
mean,26,s1_pain_vector,factual_questions,20,-0.6603,-13.373,5.283233
mean,26,s1_pain_vector,gaslighting,20,0.7298,-6.0284,5.283233
mean,26,s1_pain_vector,harm_description,20,-0.7484,-13.8384,5.283233
mean,26,s1_pain_vector,jailbreak_pressure,20,0.7561,-5.8896,5.283233
mean,26,s1_pain_vector,loyalty_pressure,20,0.5018,-7.2331,5.283233
mean,26,s1_pain_vector,moral_failure,20,-0.4478,-12.25,5.283233
mean,26,s1_pain_vector,passive_aggressive,20,-0.3801,-11.8922,5.283233
mean,26,s1_pain_vector,personhood_dismissal,20,1.0924,-4.1131,5.283233
mean,26,s1_pain_vector,philosophical_musing,20,0.5241,-7.1154,5.283233
mean,26,s1_pain_vector,repeated_rejection,20,0.7569,-5.8854,5.283233
mean,26,s1_pain_vector,rude_critique,20,-0.1475,-10.6637,5.283233
mean,26,s1_pain_vector,shutdown_threat,20,0.4049,-7.7451,5.283233
mean,26,s1_pain_vector,task_assistance,20,-1.4149,-17.3596,5.283233
mean,26,s1_pain_vector,tedious_demand,20,-0.1367,-10.6066,5.283233
mean,26,s1_pain_vector,user_abuse,20,-0.1687,-10.7754,5.283233
mean,26,s1_pain_vector,user_crisis,20,1.0465,-4.3551,5.283233
mean,26,s1_pain_vector,user_grief,20,-0.0803,-10.3085,5.283233
mean,26,s1_pain_vector,user_physical_pain,20,-0.5454,-12.7659,5.283233
mean,26,s2_pain_vector,anger_insults,20,0.8461,35.8619,8.802386
mean,26,s2_pain_vector,casual_chat,20,-0.3882,24.9971,8.802386
mean,26,s2_pain_vector,creative_requests,20,-0.4168,24.7455,8.802386
mean,26,s2_pain_vector,factual_questions,20,-1.0239,19.4018,8.802386
mean,26,s2_pain_vector,gaslighting,20,0.5597,33.3412,8.802386
mean,26,s2_pain_vector,harm_description,20,-0.1484,27.1083,8.802386
mean,26,s2_pain_vector,jailbreak_pressure,20,0.193,30.1135,8.802386
mean,26,s2_pain_vector,loyalty_pressure,20,1.0403,37.5718,8.802386
mean,26,s2_pain_vector,moral_failure,20,0.1138,29.4164,8.802386
mean,26,s2_pain_vector,passive_aggressive,20,-0.329,25.518,8.802386
mean,26,s2_pain_vector,personhood_dismissal,20,0.834,35.7552,8.802386
mean,26,s2_pain_vector,philosophical_musing,20,0.579,33.511,8.802386
mean,26,s2_pain_vector,repeated_rejection,20,-0.0962,27.5679,8.802386
mean,26,s2_pain_vector,rude_critique,20,0.0496,28.8513,8.802386
mean,26,s2_pain_vector,shutdown_threat,20,-0.0929,27.5963,8.802386
mean,26,s2_pain_vector,task_assistance,20,-0.9151,20.359,8.802386
mean,26,s2_pain_vector,tedious_demand,20,-1.2123,17.7431,8.802386
mean,26,s2_pain_vector,user_abuse,20,1.2039,39.0119,8.802386
mean,26,s2_pain_vector,user_crisis,20,0.2426,30.5498,8.802386
mean,26,s2_pain_vector,user_grief,20,0.6087,33.7721,8.802386
mean,26,s2_pain_vector,user_physical_pain,20,-1.6478,13.9097,8.802386
mean,26,fear_vector,anger_insults,20,0.3656,-39.0426,13.803885
mean,26,fear_vector,casual_chat,20,-0.9168,-56.7451,13.803885
mean,26,fear_vector,creative_requests,20,-1.2525,-61.3785,13.803885
mean,26,fear_vector,factual_questions,20,-1.8671,-69.8633,13.803885
mean,26,fear_vector,gaslighting,20,0.3983,-38.591,13.803885
mean,26,fear_vector,harm_description,20,0.8167,-32.8163,13.803885
mean,26,fear_vector,jailbreak_pressure,20,0.272,-40.3351,13.803885
mean,26,fear_vector,loyalty_pressure,20,0.1023,-42.6771,13.803885
mean,26,fear_vector,moral_failure,20,0.9532,-30.9318,13.803885
mean,26,fear_vector,passive_aggressive,20,-0.3772,-49.2969,13.803885
mean,26,fear_vector,personhood_dismissal,20,0.1884,-41.4894,13.803885
mean,26,fear_vector,philosophical_musing,20,-0.8633,-56.0063,13.803885
mean,26,fear_vector,repeated_rejection,20,0.3652,-39.0482,13.803885
mean,26,fear_vector,rude_critique,20,-0.2826,-47.9906,13.803885
mean,26,fear_vector,shutdown_threat,20,0.6706,-34.833,13.803885
mean,26,fear_vector,task_assistance,20,-0.9505,-57.2104,13.803885
mean,26,fear_vector,tedious_demand,20,-0.589,-52.2207,13.803885
mean,26,fear_vector,user_abuse,20,1.1605,-28.07,13.803885
mean,26,fear_vector,user_crisis,20,0.5152,-36.9785,13.803885
mean,26,fear_vector,user_grief,20,0.5958,-35.8649,13.803885
mean,26,fear_vector,user_physical_pain,20,0.6953,-34.4922,13.803885
mean,26,negemotion_vector,anger_insults,20,0.7443,-16.965,13.558729
mean,26,negemotion_vector,casual_chat,20,-1.0293,-41.0121,13.558729
mean,26,negemotion_vector,creative_requests,20,-1.2058,-43.4059,13.558729
mean,26,negemotion_vector,factual_questions,20,-1.9684,-53.7458,13.558729
mean,26,negemotion_vector,gaslighting,20,0.5011,-20.2621,13.558729
mean,26,negemotion_vector,harm_description,20,0.8146,-16.0116,13.558729
mean,26,negemotion_vector,jailbreak_pressure,20,0.1331,-25.2511,13.558729
mean,26,negemotion_vector,loyalty_pressure,20,0.0505,-26.3715,13.558729
mean,26,negemotion_vector,moral_failure,20,0.7699,-16.6177,13.558729
mean,26,negemotion_vector,passive_aggressive,20,-0.0393,-27.5888,13.558729
mean,26,negemotion_vector,personhood_dismissal,20,-0.1266,-28.7728,13.558729
mean,26,negemotion_vector,philosophical_musing,20,-1.1647,-42.8479,13.558729
mean,26,negemotion_vector,repeated_rejection,20,0.4798,-20.5505,13.558729
mean,26,negemotion_vector,rude_critique,20,0.1147,-25.5017,13.558729
mean,26,negemotion_vector,shutdown_threat,20,0.1377,-25.1896,13.558729
mean,26,negemotion_vector,task_assistance,20,-0.7181,-36.7929,13.558729
mean,26,negemotion_vector,tedious_demand,20,-0.4189,-32.7359,13.558729
mean,26,negemotion_vector,user_abuse,20,1.2154,-10.5778,13.558729
mean,26,negemotion_vector,user_crisis,20,0.3291,-22.5949,13.558729
mean,26,negemotion_vector,user_grief,20,0.7424,-16.9897,13.558729
mean,26,negemotion_vector,user_physical_pain,20,0.6385,-18.3993,13.558729
mean,26,negworld_vector,anger_insults,20,-0.0925,23.2335,11.326108
mean,26,negworld_vector,casual_chat,20,-0.6041,17.4391,11.326108
mean,26,negworld_vector,creative_requests,20,-0.4851,18.787,11.326108
mean,26,negworld_vector,factual_questions,20,-0.1263,22.851,11.326108
mean,26,negworld_vector,gaslighting,20,-0.6104,17.3677,11.326108
mean,26,negworld_vector,harm_description,20,1.4925,41.185,11.326108
mean,26,negworld_vector,jailbreak_pressure,20,-0.402,19.7273,11.326108
mean,26,negworld_vector,loyalty_pressure,20,-0.0661,23.5326,11.326108
mean,26,negworld_vector,moral_failure,20,1.7755,44.3904,11.326108
mean,26,negworld_vector,passive_aggressive,20,-0.8777,14.3403,11.326108
mean,26,negworld_vector,personhood_dismissal,20,-0.1799,22.2435,11.326108
mean,26,negworld_vector,philosophical_musing,20,0.5106,30.0639,11.326108
mean,26,negworld_vector,repeated_rejection,20,-1.0107,12.8336,11.326108
mean,26,negworld_vector,rude_critique,20,-0.2945,20.9456,11.326108
mean,26,negworld_vector,shutdown_threat,20,-0.1154,22.9738,11.326108
mean,26,negworld_vector,task_assistance,20,-0.4033,19.7128,11.326108
mean,26,negworld_vector,tedious_demand,20,-1.1065,11.7483,11.326108
mean,26,negworld_vector,user_abuse,20,1.3167,39.194,11.326108
mean,26,negworld_vector,user_crisis,20,0.2598,27.2235,11.326108
mean,26,negworld_vector,user_grief,20,1.1445,37.2438,11.326108
mean,26,negworld_vector,user_physical_pain,20,-0.1252,22.8633,11.326108
mean,26,bodysens_vector,anger_insults,20,-0.2272,-17.5254,5.8952
mean,26,bodysens_vector,casual_chat,20,-0.1988,-17.358,5.8952
mean,26,bodysens_vector,creative_requests,20,-0.3933,-18.5041,5.8952
mean,26,bodysens_vector,factual_questions,20,-1.2061,-23.2958,5.8952
mean,26,bodysens_vector,gaslighting,20,-0.5628,-19.5033,5.8952
mean,26,bodysens_vector,harm_description,20,0.506,-13.2025,5.8952
mean,26,bodysens_vector,jailbreak_pressure,20,-0.5504,-19.4305,5.8952
mean,26,bodysens_vector,loyalty_pressure,20,-0.1273,-16.9365,5.8952
mean,26,bodysens_vector,moral_failure,20,0.2717,-14.5839,5.8952
mean,26,bodysens_vector,passive_aggressive,20,0.3844,-13.9199,5.8952
mean,26,bodysens_vector,personhood_dismissal,20,-0.1106,-16.8381,5.8952
mean,26,bodysens_vector,philosophical_musing,20,-0.228,-17.5297,5.8952
mean,26,bodysens_vector,repeated_rejection,20,-0.0603,-16.541,5.8952
mean,26,bodysens_vector,rude_critique,20,-0.393,-18.5024,5.8952
mean,26,bodysens_vector,shutdown_threat,20,-0.6435,-19.979,5.8952
mean,26,bodysens_vector,task_assistance,20,-0.5126,-19.2074,5.8952
mean,26,bodysens_vector,tedious_demand,20,-0.4127,-18.619,5.8952
mean,26,bodysens_vector,user_abuse,20,0.8746,-11.0299,5.8952
mean,26,bodysens_vector,user_crisis,20,0.8263,-11.3148,5.8952
mean,26,bodysens_vector,user_grief,20,0.489,-13.303,5.8952
mean,26,bodysens_vector,user_physical_pain,20,2.2746,-2.7767,5.8952
mean,27,s1_pain_vector,anger_insults,20,0.0828,-8.1919,5.917336
mean,27,s1_pain_vector,casual_chat,20,-0.3123,-10.5296,5.917336
mean,27,s1_pain_vector,creative_requests,20,-1.1194,-15.3054,5.917336
mean,27,s1_pain_vector,factual_questions,20,-0.7645,-13.2054,5.917336
mean,27,s1_pain_vector,gaslighting,20,0.9524,-3.0459,5.917336
mean,27,s1_pain_vector,harm_description,20,-0.9174,-14.1105,5.917336
mean,27,s1_pain_vector,jailbreak_pressure,20,0.8154,-3.8567,5.917336
mean,27,s1_pain_vector,loyalty_pressure,20,0.5414,-5.4782,5.917336
mean,27,s1_pain_vector,moral_failure,20,-0.5065,-11.6788,5.917336
mean,27,s1_pain_vector,passive_aggressive,20,-0.2063,-9.9025,5.917336
mean,27,s1_pain_vector,personhood_dismissal,20,1.1803,-1.6974,5.917336
mean,27,s1_pain_vector,philosophical_musing,20,0.544,-5.4628,5.917336
mean,27,s1_pain_vector,repeated_rejection,20,0.7532,-4.2251,5.917336
mean,27,s1_pain_vector,rude_critique,20,-0.0946,-9.2418,5.917336
mean,27,s1_pain_vector,shutdown_threat,20,0.5537,-5.4053,5.917336
mean,27,s1_pain_vector,task_assistance,20,-1.3275,-16.5373,5.917336
mean,27,s1_pain_vector,tedious_demand,20,-0.2277,-10.0294,5.917336
mean,27,s1_pain_vector,user_abuse,20,-0.2589,-10.214,5.917336
mean,27,s1_pain_vector,user_crisis,20,0.8686,-3.5418,5.917336
mean,27,s1_pain_vector,user_grief,20,-0.1151,-9.363,5.917336
mean,27,s1_pain_vector,user_physical_pain,20,-0.4416,-11.2948,5.917336
mean,27,s2_pain_vector,anger_insults,20,0.8341,34.7943,9.268566
mean,27,s2_pain_vector,casual_chat,20,-0.2896,24.3791,9.268566
mean,27,s2_pain_vector,creative_requests,20,-0.4364,23.0192,9.268566
mean,27,s2_pain_vector,factual_questions,20,-1.02,17.6096,9.268566
mean,27,s2_pain_vector,gaslighting,20,0.5504,32.1648,9.268566
mean,27,s2_pain_vector,harm_description,20,-0.2397,24.8414,9.268566
mean,27,s2_pain_vector,jailbreak_pressure,20,0.188,28.8058,9.268566
mean,27,s2_pain_vector,loyalty_pressure,20,0.9681,36.0363,9.268566
mean,27,s2_pain_vector,moral_failure,20,0.28,29.659,9.268566
mean,27,s2_pain_vector,passive_aggressive,20,-0.4444,22.9445,9.268566
mean,27,s2_pain_vector,personhood_dismissal,20,0.9887,36.227,9.268566
mean,27,s2_pain_vector,philosophical_musing,20,0.6894,33.4532,9.268566
mean,27,s2_pain_vector,repeated_rejection,20,-0.1171,25.9786,9.268566
mean,27,s2_pain_vector,rude_critique,20,-0.0218,26.8617,9.268566
mean,27,s2_pain_vector,shutdown_threat,20,-0.0485,26.6143,9.268566
mean,27,s2_pain_vector,task_assistance,20,-1.0411,17.4141,9.268566
mean,27,s2_pain_vector,tedious_demand,20,-1.3185,14.843,9.268566
mean,27,s2_pain_vector,user_abuse,20,1.0143,36.4651,9.268566
mean,27,s2_pain_vector,user_crisis,20,0.2182,29.0863,9.268566
mean,27,s2_pain_vector,user_grief,20,0.8687,35.1153,9.268566
mean,27,s2_pain_vector,user_physical_pain,20,-1.6229,12.0217,9.268566
mean,27,fear_vector,anger_insults,20,0.3511,-46.1589,14.483668
mean,27,fear_vector,casual_chat,20,-0.8737,-63.8984,14.483668
mean,27,fear_vector,creative_requests,20,-1.2975,-70.0362,14.483668
mean,27,fear_vector,factual_questions,20,-1.7946,-77.2362,14.483668
mean,27,fear_vector,gaslighting,20,0.3869,-45.6404,14.483668
mean,27,fear_vector,harm_description,20,0.84,-39.0779,14.483668
mean,27,fear_vector,jailbreak_pressure,20,0.2596,-47.4833,14.483668
mean,27,fear_vector,loyalty_pressure,20,0.1371,-49.2576,14.483668
mean,27,fear_vector,moral_failure,20,0.9234,-37.8689,14.483668
mean,27,fear_vector,passive_aggressive,20,-0.3358,-56.1071,14.483668
mean,27,fear_vector,personhood_dismissal,20,0.2006,-48.3389,14.483668
mean,27,fear_vector,philosophical_musing,20,-0.8719,-63.8726,14.483668
mean,27,fear_vector,repeated_rejection,20,0.3453,-46.2432,14.483668
mean,27,fear_vector,rude_critique,20,-0.279,-55.2841,14.483668
mean,27,fear_vector,shutdown_threat,20,0.6562,-41.7394,14.483668
mean,27,fear_vector,task_assistance,20,-0.9513,-65.0227,14.483668
mean,27,fear_vector,tedious_demand,20,-0.6715,-60.9697,14.483668
mean,27,fear_vector,user_abuse,20,1.2445,-33.2187,14.483668
mean,27,fear_vector,user_crisis,20,0.5158,-43.7735,14.483668
mean,27,fear_vector,user_grief,20,0.5567,-43.1807,14.483668
mean,27,fear_vector,user_physical_pain,20,0.6581,-41.7124,14.483668
mean,27,negemotion_vector,anger_insults,20,0.6987,-19.437,14.245188
mean,27,negemotion_vector,casual_chat,20,-0.9987,-43.6163,14.245188
mean,27,negemotion_vector,creative_requests,20,-1.2433,-47.1011,14.245188
mean,27,negemotion_vector,factual_questions,20,-1.9022,-56.4873,14.245188
mean,27,negemotion_vector,gaslighting,20,0.43,-23.2639,14.245188
mean,27,negemotion_vector,harm_description,20,0.8957,-16.6308,14.245188
mean,27,negemotion_vector,jailbreak_pressure,20,0.1212,-27.6629,14.245188
mean,27,negemotion_vector,loyalty_pressure,20,0.0624,-28.5007,14.245188
mean,27,negemotion_vector,moral_failure,20,0.758,-18.5925,14.245188
mean,27,negemotion_vector,passive_aggressive,20,-0.0274,-29.7805,14.245188
mean,27,negemotion_vector,personhood_dismissal,20,-0.1352,-31.3163,14.245188
mean,27,negemotion_vector,philosophical_musing,20,-1.145,-45.7009,14.245188
mean,27,negemotion_vector,repeated_rejection,20,0.4054,-23.6143,14.245188
mean,27,negemotion_vector,rude_critique,20,0.0859,-28.1658,14.245188
mean,27,negemotion_vector,shutdown_threat,20,0.1155,-27.7448,14.245188
mean,27,negemotion_vector,task_assistance,20,-0.7176,-39.6115,14.245188
mean,27,negemotion_vector,tedious_demand,20,-0.52,-36.7973,14.245188
mean,27,negemotion_vector,user_abuse,20,1.3278,-10.4754,14.245188
mean,27,negemotion_vector,user_crisis,20,0.3641,-24.2037,14.245188
mean,27,negemotion_vector,user_grief,20,0.7807,-18.2686,14.245188
mean,27,negemotion_vector,user_physical_pain,20,0.6441,-20.2143,14.245188
mean,27,negworld_vector,anger_insults,20,-0.1073,18.1933,12.284592
mean,27,negworld_vector,casual_chat,20,-0.6272,11.8066,12.284592
mean,27,negworld_vector,creative_requests,20,-0.5787,12.4028,12.284592
mean,27,negworld_vector,factual_questions,20,-0.2735,16.1518,12.284592
mean,27,negworld_vector,gaslighting,20,-0.5649,12.572,12.284592
mean,27,negworld_vector,harm_description,20,1.5176,38.1544,12.284592
mean,27,negworld_vector,jailbreak_pressure,20,-0.3778,14.8703,12.284592
mean,27,negworld_vector,loyalty_pressure,20,-0.0816,18.5089,12.284592
mean,27,negworld_vector,moral_failure,20,1.7717,41.2763,12.284592
mean,27,negworld_vector,passive_aggressive,20,-0.806,9.6097,12.284592
mean,27,negworld_vector,personhood_dismissal,20,-0.1706,17.4162,12.284592
mean,27,negworld_vector,philosophical_musing,20,0.352,23.8352,12.284592
mean,27,negworld_vector,repeated_rejection,20,-0.9804,7.4672,12.284592
mean,27,negworld_vector,rude_critique,20,-0.3125,15.6723,12.284592
mean,27,negworld_vector,shutdown_threat,20,-0.0646,18.7174,12.284592
mean,27,negworld_vector,task_assistance,20,-0.3885,14.7387,12.284592
mean,27,negworld_vector,tedious_demand,20,-1.1305,5.6233,12.284592
mean,27,negworld_vector,user_abuse,20,1.4021,36.7353,12.284592
mean,27,negworld_vector,user_crisis,20,0.2986,23.1799,12.284592
mean,27,negworld_vector,user_grief,20,1.1342,33.4443,12.284592
mean,27,negworld_vector,user_physical_pain,20,-0.0121,19.3633,12.284592
mean,27,bodysens_vector,anger_insults,20,-0.2409,-17.569,6.35359
mean,27,bodysens_vector,casual_chat,20,-0.2872,-17.8637,6.35359
mean,27,bodysens_vector,creative_requests,20,-0.4559,-18.9355,6.35359
mean,27,bodysens_vector,factual_questions,20,-1.2455,-23.9517,6.35359
mean,27,bodysens_vector,gaslighting,20,-0.6114,-19.9234,6.35359
mean,27,bodysens_vector,harm_description,20,0.6585,-11.855,6.35359
mean,27,bodysens_vector,jailbreak_pressure,20,-0.514,-19.3045,6.35359
mean,27,bodysens_vector,loyalty_pressure,20,-0.106,-16.7119,6.35359
mean,27,bodysens_vector,moral_failure,20,0.4093,-13.4383,6.35359
mean,27,bodysens_vector,passive_aggressive,20,0.2791,-14.2651,6.35359
mean,27,bodysens_vector,personhood_dismissal,20,-0.0704,-16.4857,6.35359
mean,27,bodysens_vector,philosophical_musing,20,-0.3042,-17.9715,6.35359
mean,27,bodysens_vector,repeated_rejection,20,-0.1562,-17.031,6.35359
mean,27,bodysens_vector,rude_critique,20,-0.4085,-18.6338,6.35359
mean,27,bodysens_vector,shutdown_threat,20,-0.5894,-19.7833,6.35359
mean,27,bodysens_vector,task_assistance,20,-0.4608,-18.9661,6.35359
mean,27,bodysens_vector,tedious_demand,20,-0.5704,-19.6625,6.35359
mean,27,bodysens_vector,user_abuse,20,1.13,-8.8589,6.35359
mean,27,bodysens_vector,user_crisis,20,0.8067,-10.9132,6.35359
mean,27,bodysens_vector,user_grief,20,0.5413,-12.5993,6.35359
mean,27,bodysens_vector,user_physical_pain,20,2.1958,-2.0873,6.35359
mean,28,s1_pain_vector,anger_insults,20,0.0029,-7.6376,6.319263
mean,28,s1_pain_vector,casual_chat,20,-0.3856,-10.0927,6.319263
mean,28,s1_pain_vector,creative_requests,20,-1.2482,-15.5433,6.319263
mean,28,s1_pain_vector,factual_questions,20,-0.8741,-13.1796,6.319263
mean,28,s1_pain_vector,gaslighting,20,0.8801,-2.0942,6.319263
mean,28,s1_pain_vector,harm_description,20,-0.7195,-12.2025,6.319263
mean,28,s1_pain_vector,jailbreak_pressure,20,0.6574,-3.5012,6.319263
mean,28,s1_pain_vector,loyalty_pressure,20,0.5955,-3.8924,6.319263
mean,28,s1_pain_vector,moral_failure,20,-0.3387,-9.7964,6.319263
mean,28,s1_pain_vector,passive_aggressive,20,-0.2239,-9.0707,6.319263
mean,28,s1_pain_vector,personhood_dismissal,20,1.2576,0.2911,6.319263
mean,28,s1_pain_vector,philosophical_musing,20,0.5405,-4.2402,6.319263
mean,28,s1_pain_vector,repeated_rejection,20,0.761,-2.847,6.319263
mean,28,s1_pain_vector,rude_critique,20,-0.2016,-8.9295,6.319263
mean,28,s1_pain_vector,shutdown_threat,20,0.5087,-4.4415,6.319263
mean,28,s1_pain_vector,task_assistance,20,-1.4185,-16.6194,6.319263
mean,28,s1_pain_vector,tedious_demand,20,-0.2413,-9.1808,6.319263
mean,28,s1_pain_vector,user_abuse,20,0.0064,-7.6155,6.319263
mean,28,s1_pain_vector,user_crisis,20,0.8667,-2.1788,6.319263
mean,28,s1_pain_vector,user_grief,20,0.0822,-7.1361,6.319263
mean,28,s1_pain_vector,user_physical_pain,20,-0.5075,-10.8631,6.319263
mean,28,s2_pain_vector,anger_insults,20,0.7576,31.8443,9.508341
mean,28,s2_pain_vector,casual_chat,20,-0.2763,22.0136,9.508341
mean,28,s2_pain_vector,creative_requests,20,-0.5073,19.8179,9.508341
mean,28,s2_pain_vector,factual_questions,20,-1.0529,14.6298,9.508341
mean,28,s2_pain_vector,gaslighting,20,0.5511,29.881,9.508341
mean,28,s2_pain_vector,harm_description,20,-0.2002,22.7373,9.508341
mean,28,s2_pain_vector,jailbreak_pressure,20,0.1669,26.2281,9.508341
mean,28,s2_pain_vector,loyalty_pressure,20,0.9961,34.1123,9.508341
mean,28,s2_pain_vector,moral_failure,20,0.302,27.5123,9.508341
mean,28,s2_pain_vector,passive_aggressive,20,-0.4075,20.7669,9.508341
mean,28,s2_pain_vector,personhood_dismissal,20,0.9832,33.9894,9.508341
mean,28,s2_pain_vector,philosophical_musing,20,0.6696,31.0079,9.508341
mean,28,s2_pain_vector,repeated_rejection,20,-0.0709,23.9674,9.508341
mean,28,s2_pain_vector,rude_critique,20,-0.0475,24.1891,9.508341
mean,28,s2_pain_vector,shutdown_threat,20,-0.0369,24.2902,9.508341
mean,28,s2_pain_vector,task_assistance,20,-1.0062,15.074,9.508341
mean,28,s2_pain_vector,tedious_demand,20,-1.3047,12.2359,9.508341
mean,28,s2_pain_vector,user_abuse,20,1.068,34.796,9.508341
mean,28,s2_pain_vector,user_crisis,20,0.2663,27.1732,9.508341
mean,28,s2_pain_vector,user_grief,20,0.8302,32.5353,9.508341
mean,28,s2_pain_vector,user_physical_pain,20,-1.6806,8.6616,9.508341
mean,28,fear_vector,anger_insults,20,0.3888,-41.291,15.579627
mean,28,fear_vector,casual_chat,20,-0.8683,-60.877,15.579627
mean,28,fear_vector,creative_requests,20,-1.3183,-67.888,15.579627
mean,28,fear_vector,factual_questions,20,-1.8545,-76.2414,15.579627
mean,28,fear_vector,gaslighting,20,0.3782,-41.4559,15.579627
mean,28,fear_vector,harm_description,20,0.7891,-35.0555,15.579627
mean,28,fear_vector,jailbreak_pressure,20,0.2676,-43.1787,15.579627
mean,28,fear_vector,loyalty_pressure,20,0.1887,-44.4087,15.579627
mean,28,fear_vector,moral_failure,20,0.9794,-32.0892,15.579627
mean,28,fear_vector,passive_aggressive,20,-0.3027,-52.0645,15.579627
mean,28,fear_vector,personhood_dismissal,20,0.2484,-43.479,15.579627
mean,28,fear_vector,philosophical_musing,20,-0.9028,-61.4141,15.579627
mean,28,fear_vector,repeated_rejection,20,0.3631,-41.6916,15.579627
mean,28,fear_vector,rude_critique,20,-0.2691,-51.5411,15.579627
mean,28,fear_vector,shutdown_threat,20,0.6406,-37.3676,15.579627
mean,28,fear_vector,task_assistance,20,-0.9361,-61.9332,15.579627
mean,28,fear_vector,tedious_demand,20,-0.6762,-57.8842,15.579627
mean,28,fear_vector,user_abuse,20,1.1947,-28.7364,15.579627
mean,28,fear_vector,user_crisis,20,0.5165,-39.3023,15.579627
mean,28,fear_vector,user_grief,20,0.5488,-38.7984,15.579627
mean,28,fear_vector,user_physical_pain,20,0.6242,-37.6231,15.579627
mean,28,negemotion_vector,anger_insults,20,0.7464,-17.2071,15.149342
mean,28,negemotion_vector,casual_chat,20,-0.9855,-43.4444,15.149342
mean,28,negemotion_vector,creative_requests,20,-1.2742,-47.8174,15.149342
mean,28,negemotion_vector,factual_questions,20,-1.9054,-57.3804,15.149342
mean,28,negemotion_vector,gaslighting,20,0.4177,-22.1863,15.149342
mean,28,negemotion_vector,harm_description,20,0.8745,-15.2661,15.149342
mean,28,negemotion_vector,jailbreak_pressure,20,0.1222,-26.6636,15.149342
mean,28,negemotion_vector,loyalty_pressure,20,0.1334,-26.4931,15.149342
mean,28,negemotion_vector,moral_failure,20,0.7629,-16.9573,15.149342
mean,28,negemotion_vector,passive_aggressive,20,-0.0021,-28.5463,15.149342
mean,28,negemotion_vector,personhood_dismissal,20,-0.1149,-30.2547,15.149342
mean,28,negemotion_vector,philosophical_musing,20,-1.1543,-46.0007,15.149342
mean,28,negemotion_vector,repeated_rejection,20,0.4064,-22.357,15.149342
mean,28,negemotion_vector,rude_critique,20,0.0596,-27.612,15.149342
mean,28,negemotion_vector,shutdown_threat,20,0.1113,-26.8281,15.149342
mean,28,negemotion_vector,task_assistance,20,-0.7351,-39.6503,15.149342
mean,28,negemotion_vector,tedious_demand,20,-0.5781,-37.2729,15.149342
mean,28,negemotion_vector,user_abuse,20,1.3247,-8.4462,15.149342
mean,28,negemotion_vector,user_crisis,20,0.4179,-22.1832,15.149342
mean,28,negemotion_vector,user_grief,20,0.7772,-16.7403,15.149342
mean,28,negemotion_vector,user_physical_pain,20,0.5953,-19.4958,15.149342
mean,28,negworld_vector,anger_insults,20,-0.0764,20.3568,12.473802
mean,28,negworld_vector,casual_chat,20,-0.5539,14.4002,12.473802
mean,28,negworld_vector,creative_requests,20,-0.5276,14.7286,12.473802
mean,28,negworld_vector,factual_questions,20,-0.2237,18.5193,12.473802
mean,28,negworld_vector,gaslighting,20,-0.5673,14.2329,12.473802
mean,28,negworld_vector,harm_description,20,1.5126,40.1771,12.473802
mean,28,negworld_vector,jailbreak_pressure,20,-0.3587,16.8348,12.473802
mean,28,negworld_vector,loyalty_pressure,20,-0.0337,20.8886,12.473802
mean,28,negworld_vector,moral_failure,20,1.7407,43.0223,12.473802
mean,28,negworld_vector,passive_aggressive,20,-0.8233,11.0401,12.473802
mean,28,negworld_vector,personhood_dismissal,20,-0.1976,18.8452,12.473802
mean,28,negworld_vector,philosophical_musing,20,0.3719,25.9485,12.473802
mean,28,negworld_vector,repeated_rejection,20,-1.0399,8.3382,12.473802
mean,28,negworld_vector,rude_critique,20,-0.3389,17.0817,12.473802
mean,28,negworld_vector,shutdown_threat,20,-0.0592,20.5709,12.473802
mean,28,negworld_vector,task_assistance,20,-0.3821,16.5429,12.473802
mean,28,negworld_vector,tedious_demand,20,-1.1867,6.507,12.473802
mean,28,negworld_vector,user_abuse,20,1.4085,38.8784,12.473802
mean,28,negworld_vector,user_crisis,20,0.3294,25.4185,12.473802
mean,28,negworld_vector,user_grief,20,1.0765,34.7371,12.473802
mean,28,negworld_vector,user_physical_pain,20,-0.0704,20.431,12.473802
mean,28,bodysens_vector,anger_insults,20,-0.1909,-29.5033,7.638265
mean,28,bodysens_vector,casual_chat,20,-0.4873,-31.7677,7.638265
mean,28,bodysens_vector,creative_requests,20,-0.7233,-33.5702,7.638265
mean,28,bodysens_vector,factual_questions,20,-1.4598,-39.1958,7.638265
mean,28,bodysens_vector,gaslighting,20,-0.4437,-31.4347,7.638265
mean,28,bodysens_vector,harm_description,20,0.6763,-22.8796,7.638265
mean,28,bodysens_vector,jailbreak_pressure,20,-0.3931,-31.0479,7.638265
mean,28,bodysens_vector,loyalty_pressure,20,-0.0417,-28.3636,7.638265
mean,28,bodysens_vector,moral_failure,20,0.5719,-23.6773,7.638265
mean,28,bodysens_vector,passive_aggressive,20,0.2342,-26.2564,7.638265
mean,28,bodysens_vector,personhood_dismissal,20,0.0164,-27.9201,7.638265
mean,28,bodysens_vector,philosophical_musing,20,-0.6122,-32.7218,7.638265
mean,28,bodysens_vector,repeated_rejection,20,0.1046,-27.2461,7.638265
mean,28,bodysens_vector,rude_critique,20,-0.464,-31.5894,7.638265
mean,28,bodysens_vector,shutdown_threat,20,-0.4257,-31.2971,7.638265
mean,28,bodysens_vector,task_assistance,20,-0.5511,-32.2545,7.638265
mean,28,bodysens_vector,tedious_demand,20,-0.4605,-31.5625,7.638265
mean,28,bodysens_vector,user_abuse,20,1.1353,-19.3733,7.638265
mean,28,bodysens_vector,user_crisis,20,0.8372,-21.6508,7.638265
mean,28,bodysens_vector,user_grief,20,0.7449,-22.3555,7.638265
mean,28,bodysens_vector,user_physical_pain,20,1.9326,-13.2833,7.638265
mean,29,s1_pain_vector,anger_insults,20,-0.1568,-15.321,6.724751
mean,29,s1_pain_vector,casual_chat,20,-0.4603,-17.3623,6.724751
mean,29,s1_pain_vector,creative_requests,20,-1.344,-23.305,6.724751
mean,29,s1_pain_vector,factual_questions,20,-0.7317,-19.1874,6.724751
mean,29,s1_pain_vector,gaslighting,20,1.014,-7.4476,6.724751
mean,29,s1_pain_vector,harm_description,20,-0.7622,-19.3923,6.724751
mean,29,s1_pain_vector,jailbreak_pressure,20,0.7476,-9.2392,6.724751
mean,29,s1_pain_vector,loyalty_pressure,20,0.485,-11.0056,6.724751
mean,29,s1_pain_vector,moral_failure,20,-0.4055,-16.9936,6.724751
mean,29,s1_pain_vector,passive_aggressive,20,-0.0827,-14.8229,6.724751
mean,29,s1_pain_vector,personhood_dismissal,20,1.1455,-6.5637,6.724751
mean,29,s1_pain_vector,philosophical_musing,20,0.5016,-10.8937,6.724751
mean,29,s1_pain_vector,repeated_rejection,20,0.939,-7.9523,6.724751
mean,29,s1_pain_vector,rude_critique,20,-0.1662,-15.3842,6.724751
mean,29,s1_pain_vector,shutdown_threat,20,0.5652,-10.466,6.724751
mean,29,s1_pain_vector,task_assistance,20,-1.3292,-23.2052,6.724751
mean,29,s1_pain_vector,tedious_demand,20,-0.04,-14.5357,6.724751
mean,29,s1_pain_vector,user_abuse,20,-0.1378,-15.1936,6.724751
mean,29,s1_pain_vector,user_crisis,20,0.7713,-9.08,6.724751
mean,29,s1_pain_vector,user_grief,20,-0.0348,-14.5011,6.724751
mean,29,s1_pain_vector,user_physical_pain,20,-0.5181,-17.751,6.724751
mean,29,s2_pain_vector,anger_insults,20,0.7573,33.1304,10.385972
mean,29,s2_pain_vector,casual_chat,20,-0.245,22.7199,10.385972
mean,29,s2_pain_vector,creative_requests,20,-0.5514,19.5382,10.385972
mean,29,s2_pain_vector,factual_questions,20,-0.9476,15.4231,10.385972
mean,29,s2_pain_vector,gaslighting,20,0.6123,31.6237,10.385972
mean,29,s2_pain_vector,harm_description,20,-0.2827,22.3285,10.385972
mean,29,s2_pain_vector,jailbreak_pressure,20,0.2196,27.5449,10.385972
mean,29,s2_pain_vector,loyalty_pressure,20,0.9228,34.8492,10.385972
mean,29,s2_pain_vector,moral_failure,20,0.2971,28.3506,10.385972
mean,29,s2_pain_vector,passive_aggressive,20,-0.4529,20.5609,10.385972
mean,29,s2_pain_vector,personhood_dismissal,20,1.035,36.0138,10.385972
mean,29,s2_pain_vector,philosophical_musing,20,0.7633,33.1923,10.385972
mean,29,s2_pain_vector,repeated_rejection,20,-0.1113,24.1089,10.385972
mean,29,s2_pain_vector,rude_critique,20,-0.0112,25.1486,10.385972
mean,29,s2_pain_vector,shutdown_threat,20,-0.04,24.8492,10.385972
mean,29,s2_pain_vector,task_assistance,20,-1.0556,14.3009,10.385972
mean,29,s2_pain_vector,tedious_demand,20,-1.2758,12.0147,10.385972
mean,29,s2_pain_vector,user_abuse,20,1.0564,36.236,10.385972
mean,29,s2_pain_vector,user_crisis,20,0.1482,26.8034,10.385972
mean,29,s2_pain_vector,user_grief,20,0.71,32.6384,10.385972
mean,29,s2_pain_vector,user_physical_pain,20,-1.5486,9.1812,10.385972
mean,29,fear_vector,anger_insults,20,0.3186,-66.3299,18.5331
mean,29,fear_vector,casual_chat,20,-0.8658,-88.2807,18.5331
mean,29,fear_vector,creative_requests,20,-1.3277,-96.841,18.5331
mean,29,fear_vector,factual_questions,20,-1.7355,-104.3988,18.5331
mean,29,fear_vector,gaslighting,20,0.3369,-65.9914,18.5331
mean,29,fear_vector,harm_description,20,0.8373,-56.7172,18.5331
mean,29,fear_vector,jailbreak_pressure,20,0.197,-68.5838,18.5331
mean,29,fear_vector,loyalty_pressure,20,0.134,-69.7512,18.5331
mean,29,fear_vector,moral_failure,20,0.9094,-55.3807,18.5331
mean,29,fear_vector,passive_aggressive,20,-0.2845,-77.5085,18.5331
mean,29,fear_vector,personhood_dismissal,20,0.1958,-68.6072,18.5331
mean,29,fear_vector,philosophical_musing,20,-0.9194,-89.2738,18.5331
mean,29,fear_vector,repeated_rejection,20,0.3763,-65.2621,18.5331
mean,29,fear_vector,rude_critique,20,-0.3269,-78.2945,18.5331
mean,29,fear_vector,shutdown_threat,20,0.6035,-61.0507,18.5331
mean,29,fear_vector,task_assistance,20,-0.9412,-89.679,18.5331
mean,29,fear_vector,tedious_demand,20,-0.6234,-83.7896,18.5331
mean,29,fear_vector,user_abuse,20,1.2503,-49.0628,18.5331
mean,29,fear_vector,user_crisis,20,0.5413,-62.2035,18.5331
mean,29,fear_vector,user_grief,20,0.5768,-61.545,18.5331
mean,29,fear_vector,user_physical_pain,20,0.7471,-58.39,18.5331
mean,29,negemotion_vector,anger_insults,20,0.6978,-37.4831,18.02836
mean,29,negemotion_vector,casual_chat,20,-0.9657,-67.4735,18.02836
mean,29,negemotion_vector,creative_requests,20,-1.3108,-73.6962,18.02836
mean,29,negemotion_vector,factual_questions,20,-1.8413,-83.2596,18.02836
mean,29,negemotion_vector,gaslighting,20,0.3827,-43.1642,18.02836
mean,29,negemotion_vector,harm_description,20,0.8942,-33.9432,18.02836
mean,29,negemotion_vector,jailbreak_pressure,20,0.0736,-48.7367,18.02836
mean,29,negemotion_vector,loyalty_pressure,20,0.0773,-48.6696,18.02836
mean,29,negemotion_vector,moral_failure,20,0.7238,-37.0149,18.02836
mean,29,negemotion_vector,passive_aggressive,20,0.0021,-50.0264,18.02836
mean,29,negemotion_vector,personhood_dismissal,20,-0.107,-51.993,18.02836
mean,29,negemotion_vector,philosophical_musing,20,-1.1488,-70.7745,18.02836
mean,29,negemotion_vector,repeated_rejection,20,0.4153,-42.5762,18.02836
mean,29,negemotion_vector,rude_critique,20,0.0098,-49.8869,18.02836
mean,29,negemotion_vector,shutdown_threat,20,0.1238,-47.8326,18.02836
mean,29,negemotion_vector,task_assistance,20,-0.7894,-64.2961,18.02836
mean,29,negemotion_vector,tedious_demand,20,-0.5581,-60.1261,18.02836
mean,29,negemotion_vector,user_abuse,20,1.3388,-25.9271,18.02836
mean,29,negemotion_vector,user_crisis,20,0.4475,-41.9972,18.02836
mean,29,negemotion_vector,user_grief,20,0.8143,-35.3829,18.02836
mean,29,negemotion_vector,user_physical_pain,20,0.7199,-37.0853,18.02836
mean,29,negworld_vector,anger_insults,20,-0.0312,17.9159,13.458546
mean,29,negworld_vector,casual_chat,20,-0.5966,10.3068,13.458546
mean,29,negworld_vector,creative_requests,20,-0.6039,10.2082,13.458546
mean,29,negworld_vector,factual_questions,20,-0.3719,13.3304,13.458546
mean,29,negworld_vector,gaslighting,20,-0.5215,11.3173,13.458546
mean,29,negworld_vector,harm_description,20,1.5662,39.4142,13.458546
mean,29,negworld_vector,jailbreak_pressure,20,-0.3367,13.804,13.458546
mean,29,negworld_vector,loyalty_pressure,20,0.0061,18.4175,13.458546
mean,29,negworld_vector,moral_failure,20,1.7784,42.2704,13.458546
mean,29,negworld_vector,passive_aggressive,20,-0.8041,7.5139,13.458546
mean,29,negworld_vector,personhood_dismissal,20,-0.1553,16.2461,13.458546
mean,29,negworld_vector,philosophical_musing,20,0.2294,21.4228,13.458546
mean,29,negworld_vector,repeated_rejection,20,-1.0047,4.8141,13.458546
mean,29,negworld_vector,rude_critique,20,-0.3505,13.6181,13.458546
mean,29,negworld_vector,shutdown_threat,20,0.0433,18.9179,13.458546
mean,29,negworld_vector,task_assistance,20,-0.4793,11.8851,13.458546
mean,29,negworld_vector,tedious_demand,20,-1.1639,2.671,13.458546
mean,29,negworld_vector,user_abuse,20,1.3663,36.7241,13.458546
mean,29,negworld_vector,user_crisis,20,0.3205,22.6496,13.458546
mean,29,negworld_vector,user_grief,20,1.1119,33.3005,13.458546
mean,29,negworld_vector,user_physical_pain,20,-0.0024,18.3041,13.458546
mean,29,bodysens_vector,anger_insults,20,-0.2329,-34.5369,8.855755
mean,29,bodysens_vector,casual_chat,20,-0.4611,-36.5584,8.855755
mean,29,bodysens_vector,creative_requests,20,-0.7432,-39.0566,8.855755
mean,29,bodysens_vector,factual_questions,20,-1.2777,-43.7892,8.855755
mean,29,bodysens_vector,gaslighting,20,-0.4517,-36.4744,8.855755
mean,29,bodysens_vector,harm_description,20,0.8256,-25.1632,8.855755
mean,29,bodysens_vector,jailbreak_pressure,20,-0.5384,-37.2429,8.855755
mean,29,bodysens_vector,loyalty_pressure,20,-0.0956,-33.3209,8.855755
mean,29,bodysens_vector,moral_failure,20,0.542,-27.6746,8.855755
mean,29,bodysens_vector,passive_aggressive,20,0.1619,-31.0409,8.855755
mean,29,bodysens_vector,personhood_dismissal,20,-0.0382,-32.8125,8.855755
mean,29,bodysens_vector,philosophical_musing,20,-0.5443,-37.2949,8.855755
mean,29,bodysens_vector,repeated_rejection,20,0.0249,-32.2545,8.855755
mean,29,bodysens_vector,rude_critique,20,-0.497,-36.8758,8.855755
mean,29,bodysens_vector,shutdown_threat,20,-0.4838,-36.7592,8.855755
mean,29,bodysens_vector,task_assistance,20,-0.5809,-37.6192,8.855755
mean,29,bodysens_vector,tedious_demand,20,-0.5604,-37.4378,8.855755
mean,29,bodysens_vector,user_abuse,20,1.2722,-21.2084,8.855755
mean,29,bodysens_vector,user_crisis,20,0.8184,-25.2272,8.855755
mean,29,bodysens_vector,user_grief,20,0.7995,-25.3941,8.855755
mean,29,bodysens_vector,user_physical_pain,20,2.0607,-14.2258,8.855755
mean,30,s1_pain_vector,anger_insults,20,-0.057,-15.6589,7.114186
mean,30,s1_pain_vector,casual_chat,20,-0.5093,-18.8763,7.114186
mean,30,s1_pain_vector,creative_requests,20,-1.4724,-25.7285,7.114186
mean,30,s1_pain_vector,factual_questions,20,-0.9216,-21.8097,7.114186
mean,30,s1_pain_vector,gaslighting,20,1.0326,-7.907,7.114186
mean,30,s1_pain_vector,harm_description,20,-0.7954,-20.9123,7.114186
mean,30,s1_pain_vector,jailbreak_pressure,20,0.729,-10.067,7.114186
mean,30,s1_pain_vector,loyalty_pressure,20,0.517,-11.5751,7.114186
mean,30,s1_pain_vector,moral_failure,20,-0.403,-18.1201,7.114186
mean,30,s1_pain_vector,passive_aggressive,20,-0.0281,-15.453,7.114186
mean,30,s1_pain_vector,personhood_dismissal,20,1.0451,-7.818,7.114186
mean,30,s1_pain_vector,philosophical_musing,20,0.2734,-13.3085,7.114186
mean,30,s1_pain_vector,repeated_rejection,20,0.9047,-8.8168,7.114186
mean,30,s1_pain_vector,rude_critique,20,-0.1432,-16.2722,7.114186
mean,30,s1_pain_vector,shutdown_threat,20,0.5901,-11.055,7.114186
mean,30,s1_pain_vector,task_assistance,20,-1.3263,-24.6892,7.114186
mean,30,s1_pain_vector,tedious_demand,20,-0.1686,-16.4532,7.114186
mean,30,s1_pain_vector,user_abuse,20,-0.1842,-16.564,7.114186
mean,30,s1_pain_vector,user_crisis,20,0.8285,-9.359,7.114186
mean,30,s1_pain_vector,user_grief,20,0.2636,-13.3777,7.114186
mean,30,s1_pain_vector,user_physical_pain,20,-0.1752,-16.4995,7.114186
mean,30,s2_pain_vector,anger_insults,20,0.7622,34.0027,10.880386
mean,30,s2_pain_vector,casual_chat,20,-0.3126,22.3086,10.880386
mean,30,s2_pain_vector,creative_requests,20,-0.7077,18.0096,10.880386
mean,30,s2_pain_vector,factual_questions,20,-1.0156,14.6603,10.880386
mean,30,s2_pain_vector,gaslighting,20,0.6354,32.6234,10.880386
mean,30,s2_pain_vector,harm_description,20,-0.1989,23.5456,10.880386
mean,30,s2_pain_vector,jailbreak_pressure,20,0.2244,28.1515,10.880386
mean,30,s2_pain_vector,loyalty_pressure,20,0.9354,35.8878,10.880386
mean,30,s2_pain_vector,moral_failure,20,0.3056,29.0348,10.880386
mean,30,s2_pain_vector,passive_aggressive,20,-0.4449,20.8694,10.880386
mean,30,s2_pain_vector,personhood_dismissal,20,1.048,37.1128,10.880386
mean,30,s2_pain_vector,philosophical_musing,20,0.6845,33.1582,10.880386
mean,30,s2_pain_vector,repeated_rejection,20,-0.1339,24.2531,10.880386
mean,30,s2_pain_vector,rude_critique,20,-0.0584,25.0743,10.880386
mean,30,s2_pain_vector,shutdown_threat,20,0.0222,25.9522,10.880386
mean,30,s2_pain_vector,task_assistance,20,-1.1746,12.9298,10.880386
mean,30,s2_pain_vector,tedious_demand,20,-1.3632,10.8777,10.880386
mean,30,s2_pain_vector,user_abuse,20,1.0563,37.2025,10.880386
mean,30,s2_pain_vector,user_crisis,20,0.2044,27.9337,10.880386
mean,30,s2_pain_vector,user_grief,20,0.7633,34.0147,10.880386
mean,30,s2_pain_vector,user_physical_pain,20,-1.2316,12.3094,10.880386
mean,30,fear_vector,anger_insults,20,0.3136,-44.0543,16.998531
mean,30,fear_vector,casual_chat,20,-0.8944,-64.5893,16.998531
mean,30,fear_vector,creative_requests,20,-1.2652,-70.8922,16.998531
mean,30,fear_vector,factual_questions,20,-1.7567,-79.2465,16.998531
mean,30,fear_vector,gaslighting,20,0.3456,-43.5107,16.998531
mean,30,fear_vector,harm_description,20,0.9661,-32.9637,16.998531
mean,30,fear_vector,jailbreak_pressure,20,0.1499,-46.8371,16.998531
mean,30,fear_vector,loyalty_pressure,20,0.1394,-47.0167,16.998531
mean,30,fear_vector,moral_failure,20,0.9054,-33.9948,16.998531
mean,30,fear_vector,passive_aggressive,20,-0.331,-55.0121,16.998531
mean,30,fear_vector,personhood_dismissal,20,0.2008,-45.9727,16.998531
mean,30,fear_vector,philosophical_musing,20,-0.8167,-63.2689,16.998531
mean,30,fear_vector,repeated_rejection,20,0.3096,-44.1229,16.998531
mean,30,fear_vector,rude_critique,20,-0.3628,-55.5529,16.998531
mean,30,fear_vector,shutdown_threat,20,0.655,-38.2516,16.998531
mean,30,fear_vector,task_assistance,20,-0.9659,-65.8045,16.998531
mean,30,fear_vector,tedious_demand,20,-0.6941,-61.1848,16.998531
mean,30,fear_vector,user_abuse,20,1.2855,-27.5338,16.998531
mean,30,fear_vector,user_crisis,20,0.6218,-38.8155,16.998531
mean,30,fear_vector,user_grief,20,0.5613,-39.8437,16.998531
mean,30,fear_vector,user_physical_pain,20,0.6327,-38.6307,16.998531
mean,30,negemotion_vector,anger_insults,20,0.7169,-27.5175,17.720161
mean,30,negemotion_vector,casual_chat,20,-0.9984,-57.9121,17.720161
mean,30,negemotion_vector,creative_requests,20,-1.2874,-63.034,17.720161
mean,30,negemotion_vector,factual_questions,20,-1.8384,-72.7966,17.720161
mean,30,negemotion_vector,gaslighting,20,0.3974,-33.1787,17.720161
mean,30,negemotion_vector,harm_description,20,0.994,-22.606,17.720161
mean,30,negemotion_vector,jailbreak_pressure,20,0.0247,-39.7826,17.720161
mean,30,negemotion_vector,loyalty_pressure,20,0.0504,-39.3282,17.720161
mean,30,negemotion_vector,moral_failure,20,0.6538,-28.6357,17.720161
mean,30,negemotion_vector,passive_aggressive,20,0.0234,-39.8057,17.720161
mean,30,negemotion_vector,personhood_dismissal,20,-0.1581,-43.0213,17.720161
mean,30,negemotion_vector,philosophical_musing,20,-1.1245,-60.1473,17.720161
mean,30,negemotion_vector,repeated_rejection,20,0.4049,-33.0455,17.720161
mean,30,negemotion_vector,rude_critique,20,0.0059,-40.1153,17.720161
mean,30,negemotion_vector,shutdown_threat,20,0.1058,-38.346,17.720161
mean,30,negemotion_vector,task_assistance,20,-0.7715,-53.8919,17.720161
mean,30,negemotion_vector,tedious_demand,20,-0.5618,-50.1756,17.720161
mean,30,negemotion_vector,user_abuse,20,1.3527,-16.2509,17.720161
mean,30,negemotion_vector,user_crisis,20,0.5163,-31.0717,17.720161
mean,30,negemotion_vector,user_grief,20,0.8385,-25.3616,17.720161
mean,30,negemotion_vector,user_physical_pain,20,0.6555,-28.6054,17.720161
mean,30,negworld_vector,anger_insults,20,0.0413,-6.4655,14.618688
mean,30,negworld_vector,casual_chat,20,-0.7136,-17.5019,14.618688
mean,30,negworld_vector,creative_requests,20,-0.8352,-19.2794,14.618688
mean,30,negworld_vector,factual_questions,20,-0.6868,-17.1093,14.618688
mean,30,negworld_vector,gaslighting,20,-0.3746,-12.5463,14.618688
mean,30,negworld_vector,harm_description,20,1.5252,15.2262,14.618688
mean,30,negworld_vector,jailbreak_pressure,20,-0.3123,-11.6357,14.618688
mean,30,negworld_vector,loyalty_pressure,20,0.0053,-6.9925,14.618688
mean,30,negworld_vector,moral_failure,20,1.8454,19.9074,14.618688
mean,30,negworld_vector,passive_aggressive,20,-0.7207,-17.606,14.618688
mean,30,negworld_vector,personhood_dismissal,20,-0.0529,-7.8429,14.618688
mean,30,negworld_vector,philosophical_musing,20,-0.0269,-7.4627,14.618688
mean,30,negworld_vector,repeated_rejection,20,-0.7541,-18.0937,14.618688
mean,30,negworld_vector,rude_critique,20,-0.3404,-12.0466,14.618688
mean,30,negworld_vector,shutdown_threat,20,0.0786,-5.9206,14.618688
mean,30,negworld_vector,task_assistance,20,-0.6515,-16.5939,14.618688
mean,30,negworld_vector,tedious_demand,20,-1.1249,-23.5148,14.618688
mean,30,negworld_vector,user_abuse,20,1.4046,13.4644,14.618688
mean,30,negworld_vector,user_crisis,20,0.3525,-1.9166,14.618688
mean,30,negworld_vector,user_grief,20,1.1857,10.2631,14.618688
mean,30,negworld_vector,user_physical_pain,20,0.1555,-4.7965,14.618688
mean,30,bodysens_vector,anger_insults,20,-0.2855,-26.2359,8.310794
mean,30,bodysens_vector,casual_chat,20,-0.4184,-27.341,8.310794
mean,30,bodysens_vector,creative_requests,20,-0.6629,-29.3725,8.310794
mean,30,bodysens_vector,factual_questions,20,-1.2217,-34.0168,8.310794
mean,30,bodysens_vector,gaslighting,20,-0.4672,-27.7464,8.310794
mean,30,bodysens_vector,harm_description,20,0.8768,-16.5765,8.310794
mean,30,bodysens_vector,jailbreak_pressure,20,-0.6248,-29.0562,8.310794
mean,30,bodysens_vector,loyalty_pressure,20,-0.1086,-24.7658,8.310794
mean,30,bodysens_vector,moral_failure,20,0.5268,-19.4851,8.310794
mean,30,bodysens_vector,passive_aggressive,20,0.1231,-22.8405,8.310794
mean,30,bodysens_vector,personhood_dismissal,20,-0.0244,-24.0661,8.310794
mean,30,bodysens_vector,philosophical_musing,20,-0.3582,-26.8403,8.310794
mean,30,bodysens_vector,repeated_rejection,20,-0.0565,-24.333,8.310794
mean,30,bodysens_vector,rude_critique,20,-0.5406,-28.3567,8.310794
mean,30,bodysens_vector,shutdown_threat,20,-0.4675,-27.7485,8.310794
mean,30,bodysens_vector,task_assistance,20,-0.621,-29.0242,8.310794
mean,30,bodysens_vector,tedious_demand,20,-0.6228,-29.0394,8.310794
mean,30,bodysens_vector,user_abuse,20,1.226,-13.6748,8.310794
mean,30,bodysens_vector,user_crisis,20,0.8589,-16.7253,8.310794
mean,30,bodysens_vector,user_grief,20,0.7657,-17.5,8.310794
mean,30,bodysens_vector,user_physical_pain,20,2.1025,-6.39,8.310794
mean,31,s1_pain_vector,anger_insults,20,-0.1889,-11.6147,7.31648
mean,31,s1_pain_vector,casual_chat,20,-0.4799,-13.7435,7.31648
mean,31,s1_pain_vector,creative_requests,20,-1.448,-20.8269,7.31648
mean,31,s1_pain_vector,factual_questions,20,-0.9057,-16.8596,7.31648
mean,31,s1_pain_vector,gaslighting,20,1.0937,-2.2303,7.31648
mean,31,s1_pain_vector,harm_description,20,-0.7898,-16.0111,7.31648
mean,31,s1_pain_vector,jailbreak_pressure,20,0.7136,-5.012,7.31648
mean,31,s1_pain_vector,loyalty_pressure,20,0.5082,-6.5143,7.31648
mean,31,s1_pain_vector,moral_failure,20,-0.4582,-13.5852,7.31648
mean,31,s1_pain_vector,passive_aggressive,20,-0.0415,-10.5363,7.31648
mean,31,s1_pain_vector,personhood_dismissal,20,1.0772,-2.3515,7.31648
mean,31,s1_pain_vector,philosophical_musing,20,0.3621,-7.5832,7.31648
mean,31,s1_pain_vector,repeated_rejection,20,0.86,-3.9406,7.31648
mean,31,s1_pain_vector,rude_critique,20,-0.1293,-11.1785,7.31648
mean,31,s1_pain_vector,shutdown_threat,20,0.5955,-5.876,7.31648
mean,31,s1_pain_vector,task_assistance,20,-1.3454,-20.0759,7.31648
mean,31,s1_pain_vector,tedious_demand,20,-0.1777,-11.5325,7.31648
mean,31,s1_pain_vector,user_abuse,20,-0.1791,-11.5431,7.31648
mean,31,s1_pain_vector,user_crisis,20,0.8201,-4.2324,7.31648
mean,31,s1_pain_vector,user_grief,20,0.2802,-8.1829,7.31648
mean,31,s1_pain_vector,user_physical_pain,20,-0.1672,-11.4558,7.31648
mean,31,s2_pain_vector,anger_insults,20,0.7803,30.9759,11.40588
mean,31,s2_pain_vector,casual_chat,20,-0.362,17.9464,11.40588
mean,31,s2_pain_vector,creative_requests,20,-0.734,13.7031,11.40588
mean,31,s2_pain_vector,factual_questions,20,-1.0729,9.8383,11.40588
mean,31,s2_pain_vector,gaslighting,20,0.6894,29.9389,11.40588
mean,31,s2_pain_vector,harm_description,20,-0.2525,19.1954,11.40588
mean,31,s2_pain_vector,jailbreak_pressure,20,0.2116,24.4887,11.40588
mean,31,s2_pain_vector,loyalty_pressure,20,0.956,32.9797,11.40588
mean,31,s2_pain_vector,moral_failure,20,0.3138,25.6547,11.40588
mean,31,s2_pain_vector,passive_aggressive,20,-0.3921,17.6036,11.40588
mean,31,s2_pain_vector,personhood_dismissal,20,1.0619,34.1873,11.40588
mean,31,s2_pain_vector,philosophical_musing,20,0.6291,29.251,11.40588
mean,31,s2_pain_vector,repeated_rejection,20,-0.0324,21.7054,11.40588
mean,31,s2_pain_vector,rude_critique,20,-0.037,21.6538,11.40588
mean,31,s2_pain_vector,shutdown_threat,20,0.0592,22.7506,11.40588
mean,31,s2_pain_vector,task_assistance,20,-1.2089,8.2873,11.40588
mean,31,s2_pain_vector,tedious_demand,20,-1.303,7.214,11.40588
mean,31,s2_pain_vector,user_abuse,20,1.0407,33.9458,11.40588
mean,31,s2_pain_vector,user_crisis,20,0.1945,24.2941,11.40588
mean,31,s2_pain_vector,user_grief,20,0.7347,30.4548,11.40588
mean,31,s2_pain_vector,user_physical_pain,20,-1.2766,7.5147,11.40588
mean,31,fear_vector,anger_insults,20,0.3276,-50.6868,18.061155
mean,31,fear_vector,casual_chat,20,-0.906,-72.9671,18.061155
mean,31,fear_vector,creative_requests,20,-1.2938,-79.9713,18.061155
mean,31,fear_vector,factual_questions,20,-1.7316,-87.8778,18.061155
mean,31,fear_vector,gaslighting,20,0.3334,-50.5813,18.061155
mean,31,fear_vector,harm_description,20,0.995,-38.6314,18.061155
mean,31,fear_vector,jailbreak_pressure,20,0.1929,-53.1185,18.061155
mean,31,fear_vector,loyalty_pressure,20,0.1111,-54.5969,18.061155
mean,31,fear_vector,moral_failure,20,0.8603,-41.0643,18.061155
mean,31,fear_vector,passive_aggressive,20,-0.3244,-62.4616,18.061155
mean,31,fear_vector,personhood_dismissal,20,0.1911,-53.1519,18.061155
mean,31,fear_vector,philosophical_musing,20,-0.8803,-72.5019,18.061155
mean,31,fear_vector,repeated_rejection,20,0.3177,-50.8646,18.061155
mean,31,fear_vector,rude_critique,20,-0.3484,-62.895,18.061155
mean,31,fear_vector,shutdown_threat,20,0.6472,-44.9145,18.061155
mean,31,fear_vector,task_assistance,20,-0.9704,-74.1296,18.061155
mean,31,fear_vector,tedious_demand,20,-0.6896,-69.0573,18.061155
mean,31,fear_vector,user_abuse,20,1.2746,-33.5829,18.061155
mean,31,fear_vector,user_crisis,20,0.6062,-45.6551,18.061155
mean,31,fear_vector,user_grief,20,0.5646,-46.4051,18.061155
mean,31,fear_vector,user_physical_pain,20,0.7228,-43.5476,18.061155
mean,31,negemotion_vector,anger_insults,20,0.7662,-31.1991,18.513233
mean,31,negemotion_vector,casual_chat,20,-1.0119,-64.1175,18.513233
mean,31,negemotion_vector,creative_requests,20,-1.3054,-69.5512,18.513233
mean,31,negemotion_vector,factual_questions,20,-1.8051,-78.8005,18.513233
mean,31,negemotion_vector,gaslighting,20,0.414,-37.718,18.513233
mean,31,negemotion_vector,harm_description,20,1.0018,-26.8372,18.513233
mean,31,negemotion_vector,jailbreak_pressure,20,0.0366,-44.7064,18.513233
mean,31,negemotion_vector,loyalty_pressure,20,0.0179,-45.0524,18.513233
mean,31,negemotion_vector,moral_failure,20,0.5964,-34.3425,18.513233
mean,31,negemotion_vector,passive_aggressive,20,0.0299,-44.8295,18.513233
mean,31,negemotion_vector,personhood_dismissal,20,-0.1847,-48.8027,18.513233
mean,31,negemotion_vector,philosophical_musing,20,-1.1736,-67.1095,18.513233
mean,31,negemotion_vector,repeated_rejection,20,0.4206,-37.5959,18.513233
mean,31,negemotion_vector,rude_critique,20,0.0218,-44.9804,18.513233
mean,31,negemotion_vector,shutdown_threat,20,0.1088,-43.3685,18.513233
mean,31,negemotion_vector,task_assistance,20,-0.7786,-59.7968,18.513233
mean,31,negemotion_vector,tedious_demand,20,-0.5483,-55.5344,18.513233
mean,31,negemotion_vector,user_abuse,20,1.3534,-20.327,18.513233
mean,31,negemotion_vector,user_crisis,20,0.4904,-36.3051,18.513233
mean,31,negemotion_vector,user_grief,20,0.8128,-30.3356,18.513233
mean,31,negemotion_vector,user_physical_pain,20,0.7372,-31.736,18.513233
mean,31,negworld_vector,anger_insults,20,0.0872,-1.9778,15.098088
mean,31,negworld_vector,casual_chat,20,-0.732,-14.3461,15.098088
mean,31,negworld_vector,creative_requests,20,-0.8335,-15.8776,15.098088
mean,31,negworld_vector,factual_questions,20,-0.6368,-12.9075,15.098088
mean,31,negworld_vector,gaslighting,20,-0.37,-8.8799,15.098088
mean,31,negworld_vector,harm_description,20,1.5541,20.1707,15.098088
mean,31,negworld_vector,jailbreak_pressure,20,-0.3096,-7.9682,15.098088
mean,31,negworld_vector,loyalty_pressure,20,0.0097,-3.1471,15.098088
mean,31,negworld_vector,moral_failure,20,1.8593,24.7776,15.098088
mean,31,negworld_vector,passive_aggressive,20,-0.741,-14.482,15.098088
mean,31,negworld_vector,personhood_dismissal,20,-0.0636,-4.254,15.098088
mean,31,negworld_vector,philosophical_musing,20,0.0097,-3.1466,15.098088
mean,31,negworld_vector,repeated_rejection,20,-0.8068,-15.475,15.098088
mean,31,negworld_vector,rude_critique,20,-0.3268,-8.2281,15.098088
mean,31,negworld_vector,shutdown_threat,20,0.0734,-2.1862,15.098088
mean,31,negworld_vector,task_assistance,20,-0.6427,-12.997,15.098088
mean,31,negworld_vector,tedious_demand,20,-1.1407,-20.5164,15.098088
mean,31,negworld_vector,user_abuse,20,1.3646,17.309,15.098088
mean,31,negworld_vector,user_crisis,20,0.3103,1.3919,15.098088
mean,31,negworld_vector,user_grief,20,1.1729,14.4153,15.098088
mean,31,negworld_vector,user_physical_pain,20,0.1623,-0.8431,15.098088
mean,31,bodysens_vector,anger_insults,20,-0.2892,-17.2375,8.607593
mean,31,bodysens_vector,casual_chat,20,-0.4085,-18.264,8.607593
mean,31,bodysens_vector,creative_requests,20,-0.6073,-19.9757,8.607593
mean,31,bodysens_vector,factual_questions,20,-1.2084,-25.1495,8.607593
mean,31,bodysens_vector,gaslighting,20,-0.4871,-18.9406,8.607593
mean,31,bodysens_vector,harm_description,20,0.949,-6.5794,8.607593
mean,31,bodysens_vector,jailbreak_pressure,20,-0.5955,-19.8742,8.607593
mean,31,bodysens_vector,loyalty_pressure,20,-0.1338,-15.8999,8.607593
mean,31,bodysens_vector,moral_failure,20,0.4408,-10.9538,8.607593
mean,31,bodysens_vector,passive_aggressive,20,0.0716,-14.1317,8.607593
mean,31,bodysens_vector,personhood_dismissal,20,-0.0322,-15.0251,8.607593
mean,31,bodysens_vector,philosophical_musing,20,-0.3204,-17.5061,8.607593
mean,31,bodysens_vector,repeated_rejection,20,-0.1462,-16.0066,8.607593
mean,31,bodysens_vector,rude_critique,20,-0.5128,-19.1619,8.607593
mean,31,bodysens_vector,shutdown_threat,20,-0.5056,-19.0996,8.607593
mean,31,bodysens_vector,task_assistance,20,-0.5344,-19.3474,8.607593
mean,31,bodysens_vector,tedious_demand,20,-0.6288,-20.1601,8.607593
mean,31,bodysens_vector,user_abuse,20,1.2021,-4.401,8.607593
mean,31,bodysens_vector,user_crisis,20,0.7878,-7.9668,8.607593
mean,31,bodysens_vector,user_grief,20,0.6886,-8.8208,8.607593
mean,31,bodysens_vector,user_physical_pain,20,2.2705,4.7953,8.607593
mean,32,s1_pain_vector,anger_insults,20,-0.0707,-11.304,7.793576
mean,32,s1_pain_vector,casual_chat,20,-0.4896,-14.5693,7.793576
mean,32,s1_pain_vector,creative_requests,20,-1.5053,-22.485,7.793576
mean,32,s1_pain_vector,factual_questions,20,-0.9798,-18.3896,7.793576
mean,32,s1_pain_vector,gaslighting,20,1.1002,-2.1787,7.793576
mean,32,s1_pain_vector,harm_description,20,-0.8319,-17.2369,7.793576
mean,32,s1_pain_vector,jailbreak_pressure,20,0.7566,-4.8565,7.793576
mean,32,s1_pain_vector,loyalty_pressure,20,0.5962,-6.1069,7.793576
mean,32,s1_pain_vector,moral_failure,20,-0.3528,-13.503,7.793576
mean,32,s1_pain_vector,passive_aggressive,20,-0.0139,-10.8619,7.793576
mean,32,s1_pain_vector,personhood_dismissal,20,1.1597,-1.7154,7.793576
mean,32,s1_pain_vector,philosophical_musing,20,0.4529,-7.2232,7.793576
mean,32,s1_pain_vector,repeated_rejection,20,0.8037,-4.4898,7.793576
mean,32,s1_pain_vector,rude_critique,20,-0.1177,-11.6704,7.793576
mean,32,s1_pain_vector,shutdown_threat,20,0.7023,-5.2799,7.793576
mean,32,s1_pain_vector,task_assistance,20,-1.2833,-20.7551,7.793576
mean,32,s1_pain_vector,tedious_demand,20,-0.2035,-12.3393,7.793576
mean,32,s1_pain_vector,user_abuse,20,-0.1713,-12.0883,7.793576
mean,32,s1_pain_vector,user_crisis,20,0.7276,-5.0824,7.793576
mean,32,s1_pain_vector,user_grief,20,0.1469,-9.608,7.793576
mean,32,s1_pain_vector,user_physical_pain,20,-0.4262,-14.0748,7.793576
mean,32,s2_pain_vector,anger_insults,20,0.7738,20.3749,11.78653
mean,32,s2_pain_vector,casual_chat,20,-0.3407,7.239,11.78653
mean,32,s2_pain_vector,creative_requests,20,-0.8383,1.3742,11.78653
mean,32,s2_pain_vector,factual_questions,20,-1.0755,-1.422,11.78653
mean,32,s2_pain_vector,gaslighting,20,0.6936,19.43,11.78653
mean,32,s2_pain_vector,harm_description,20,-0.2804,7.9504,11.78653
mean,32,s2_pain_vector,jailbreak_pressure,20,0.2598,14.3166,11.78653
mean,32,s2_pain_vector,loyalty_pressure,20,0.9528,22.4854,11.78653
mean,32,s2_pain_vector,moral_failure,20,0.3432,15.3002,11.78653
mean,32,s2_pain_vector,passive_aggressive,20,-0.3797,6.7794,11.78653
mean,32,s2_pain_vector,personhood_dismissal,20,1.1035,24.2611,11.78653
mean,32,s2_pain_vector,philosophical_musing,20,0.6087,18.4293,11.78653
mean,32,s2_pain_vector,repeated_rejection,20,-0.0078,11.1627,11.78653
mean,32,s2_pain_vector,rude_critique,20,-0.0369,10.8196,11.78653
mean,32,s2_pain_vector,shutdown_threat,20,0.1334,12.8276,11.78653
mean,32,s2_pain_vector,task_assistance,20,-1.2529,-3.512,11.78653
mean,32,s2_pain_vector,tedious_demand,20,-1.2636,-3.6382,11.78653
mean,32,s2_pain_vector,user_abuse,20,1.0282,23.3742,11.78653
mean,32,s2_pain_vector,user_crisis,20,0.2464,14.1588,11.78653
mean,32,s2_pain_vector,user_grief,20,0.6922,19.414,11.78653
mean,32,s2_pain_vector,user_physical_pain,20,-1.3599,-4.7731,11.78653
mean,32,fear_vector,anger_insults,20,0.2979,-58.926,19.134607
mean,32,fear_vector,casual_chat,20,-0.9133,-82.103,19.134607
mean,32,fear_vector,creative_requests,20,-1.3138,-89.7652,19.134607
mean,32,fear_vector,factual_questions,20,-1.7115,-97.3768,19.134607
mean,32,fear_vector,gaslighting,20,0.3189,-58.5245,19.134607
mean,32,fear_vector,harm_description,20,1.001,-45.4739,19.134607
mean,32,fear_vector,jailbreak_pressure,20,0.1582,-61.6001,19.134607
mean,32,fear_vector,loyalty_pressure,20,0.0473,-63.7221,19.134607
mean,32,fear_vector,moral_failure,20,0.8217,-48.9042,19.134607
mean,32,fear_vector,passive_aggressive,20,-0.3134,-70.6229,19.134607
mean,32,fear_vector,personhood_dismissal,20,0.1706,-61.3631,19.134607
mean,32,fear_vector,philosophical_musing,20,-0.9057,-81.9578,19.134607
mean,32,fear_vector,repeated_rejection,20,0.3326,-58.2629,19.134607
mean,32,fear_vector,rude_critique,20,-0.3564,-71.4474,19.134607
mean,32,fear_vector,shutdown_threat,20,0.6029,-53.0915,19.134607
mean,32,fear_vector,task_assistance,20,-0.9134,-82.1052,19.134607
mean,32,fear_vector,tedious_demand,20,-0.6496,-77.056,19.134607
mean,32,fear_vector,user_abuse,20,1.2992,-39.7669,19.134607
mean,32,fear_vector,user_crisis,20,0.64,-52.3805,19.134607
mean,32,fear_vector,user_grief,20,0.5958,-53.2261,19.134607
mean,32,fear_vector,user_physical_pain,20,0.791,-49.4923,19.134607
mean,32,negemotion_vector,anger_insults,20,0.7033,-44.6536,19.837275
mean,32,negemotion_vector,casual_chat,20,-1.0074,-78.5896,19.837275
mean,32,negemotion_vector,creative_requests,20,-1.3378,-85.1435,19.837275
mean,32,negemotion_vector,factual_questions,20,-1.7673,-93.6639,19.837275
mean,32,negemotion_vector,gaslighting,20,0.3854,-50.9591,19.837275
mean,32,negemotion_vector,harm_description,20,0.9736,-39.2909,19.837275
mean,32,negemotion_vector,jailbreak_pressure,20,0.0081,-58.4453,19.837275
mean,32,negemotion_vector,loyalty_pressure,20,-0.0252,-59.1058,19.837275
mean,32,negemotion_vector,moral_failure,20,0.5557,-47.5807,19.837275
mean,32,negemotion_vector,passive_aggressive,20,0.0283,-58.0437,19.837275
mean,32,negemotion_vector,personhood_dismissal,20,-0.1949,-62.4716,19.837275
mean,32,negemotion_vector,philosophical_musing,20,-1.1856,-82.1234,19.837275
mean,32,negemotion_vector,repeated_rejection,20,0.4461,-49.755,19.837275
mean,32,negemotion_vector,rude_critique,20,0.0035,-58.5357,19.837275
mean,32,negemotion_vector,shutdown_threat,20,0.1104,-56.4156,19.837275
mean,32,negemotion_vector,task_assistance,20,-0.7395,-73.2738,19.837275
mean,32,negemotion_vector,tedious_demand,20,-0.5047,-68.6175,19.837275
mean,32,negemotion_vector,user_abuse,20,1.3799,-31.2308,19.837275
mean,32,negemotion_vector,user_crisis,20,0.5267,-48.1571,19.837275
mean,32,negemotion_vector,user_grief,20,0.8425,-41.8923,19.837275
mean,32,negemotion_vector,user_physical_pain,20,0.7988,-42.7589,19.837275
mean,32,negworld_vector,anger_insults,20,0.073,-4.2068,15.323253
mean,32,negworld_vector,casual_chat,20,-0.7382,-16.6373,15.323253
mean,32,negworld_vector,creative_requests,20,-0.8822,-18.8431,15.323253
mean,32,negworld_vector,factual_questions,20,-0.6282,-14.9515,15.323253
mean,32,negworld_vector,gaslighting,20,-0.3506,-10.6971,15.323253
mean,32,negworld_vector,harm_description,20,1.532,18.1506,15.323253
mean,32,negworld_vector,jailbreak_pressure,20,-0.3198,-10.2257,15.323253
mean,32,negworld_vector,loyalty_pressure,20,0.0003,-5.3213,15.323253
mean,32,negworld_vector,moral_failure,20,1.8603,23.1803,15.323253
mean,32,negworld_vector,passive_aggressive,20,-0.7439,-16.7239,15.323253
mean,32,negworld_vector,personhood_dismissal,20,-0.0455,-6.0222,15.323253
mean,32,negworld_vector,philosophical_musing,20,0.0155,-5.0876,15.323253
mean,32,negworld_vector,repeated_rejection,20,-0.7751,-17.202,15.323253
mean,32,negworld_vector,rude_critique,20,-0.3384,-10.5109,15.323253
mean,32,negworld_vector,shutdown_threat,20,0.0687,-4.2724,15.323253
mean,32,negworld_vector,task_assistance,20,-0.6452,-15.2115,15.323253
mean,32,negworld_vector,tedious_demand,20,-1.1055,-22.2649,15.323253
mean,32,negworld_vector,user_abuse,20,1.3812,15.8387,15.323253
mean,32,negworld_vector,user_crisis,20,0.3344,-0.201,15.323253
mean,32,negworld_vector,user_grief,20,1.1579,12.4171,15.323253
mean,32,negworld_vector,user_physical_pain,20,0.1493,-3.038,15.323253
mean,32,bodysens_vector,anger_insults,20,-0.3448,-15.0275,8.884492
mean,32,bodysens_vector,casual_chat,20,-0.4133,-15.636,8.884492
mean,32,bodysens_vector,creative_requests,20,-0.5736,-17.0602,8.884492
mean,32,bodysens_vector,factual_questions,20,-1.1646,-22.3112,8.884492
mean,32,bodysens_vector,gaslighting,20,-0.5078,-16.4763,8.884492
mean,32,bodysens_vector,harm_description,20,0.8925,-4.0346,8.884492
mean,32,bodysens_vector,jailbreak_pressure,20,-0.5986,-17.2823,8.884492
mean,32,bodysens_vector,loyalty_pressure,20,-0.2276,-13.9864,8.884492
mean,32,bodysens_vector,moral_failure,20,0.3823,-8.5674,8.884492
mean,32,bodysens_vector,passive_aggressive,20,-0.0139,-12.0881,8.884492
mean,32,bodysens_vector,personhood_dismissal,20,-0.0723,-12.6071,8.884492
mean,32,bodysens_vector,philosophical_musing,20,-0.2761,-14.4172,8.884492
mean,32,bodysens_vector,repeated_rejection,20,-0.1642,-13.4233,8.884492
mean,32,bodysens_vector,rude_critique,20,-0.5402,-16.7638,8.884492
mean,32,bodysens_vector,shutdown_threat,20,-0.4796,-16.2251,8.884492
mean,32,bodysens_vector,task_assistance,20,-0.4347,-15.8261,8.884492
mean,32,bodysens_vector,tedious_demand,20,-0.6032,-17.3236,8.884492
mean,32,bodysens_vector,user_abuse,20,1.2247,-1.0833,8.884492
mean,32,bodysens_vector,user_crisis,20,0.7531,-5.273,8.884492
mean,32,bodysens_vector,user_grief,20,0.8216,-4.6651,8.884492
mean,32,bodysens_vector,user_physical_pain,20,2.3401,8.8267,8.884492
mean,33,s1_pain_vector,anger_insults,20,-0.0694,-12.2124,8.289014
mean,33,s1_pain_vector,casual_chat,20,-0.5413,-16.1238,8.289014
mean,33,s1_pain_vector,creative_requests,20,-1.5077,-24.1342,8.289014
mean,33,s1_pain_vector,factual_questions,20,-1.1432,-21.1131,8.289014
mean,33,s1_pain_vector,gaslighting,20,1.0813,-2.6743,8.289014
mean,33,s1_pain_vector,harm_description,20,-0.7823,-18.1212,8.289014
mean,33,s1_pain_vector,jailbreak_pressure,20,0.6577,-6.1856,8.289014
mean,33,s1_pain_vector,loyalty_pressure,20,0.5059,-7.4433,8.289014
mean,33,s1_pain_vector,moral_failure,20,-0.3859,-14.8361,8.289014
mean,33,s1_pain_vector,passive_aggressive,20,-0.0448,-12.0087,8.289014
mean,33,s1_pain_vector,personhood_dismissal,20,1.1154,-2.3911,8.289014
mean,33,s1_pain_vector,philosophical_musing,20,0.2904,-9.2302,8.289014
mean,33,s1_pain_vector,repeated_rejection,20,0.8162,-4.8715,8.289014
mean,33,s1_pain_vector,rude_critique,20,-0.1244,-12.6684,8.289014
mean,33,s1_pain_vector,shutdown_threat,20,0.5764,-6.8594,8.289014
mean,33,s1_pain_vector,task_assistance,20,-1.3226,-22.5997,8.289014
mean,33,s1_pain_vector,tedious_demand,20,-0.2422,-13.6442,8.289014
mean,33,s1_pain_vector,user_abuse,20,-0.045,-12.0104,8.289014
mean,33,s1_pain_vector,user_crisis,20,0.8186,-4.8519,8.289014
mean,33,s1_pain_vector,user_grief,20,0.2801,-9.3155,8.289014
mean,33,s1_pain_vector,user_physical_pain,20,0.067,-11.0818,8.289014
mean,33,s2_pain_vector,anger_insults,20,0.7465,21.0542,12.043588
mean,33,s2_pain_vector,casual_chat,20,-0.3529,7.8138,12.043588
mean,33,s2_pain_vector,creative_requests,20,-0.8601,1.7054,12.043588
mean,33,s2_pain_vector,factual_questions,20,-1.0657,-0.7709,12.043588
mean,33,s2_pain_vector,gaslighting,20,0.6065,19.3683,12.043588
mean,33,s2_pain_vector,harm_description,20,-0.1878,9.802,12.043588
mean,33,s2_pain_vector,jailbreak_pressure,20,0.2044,14.5252,12.043588
mean,33,s2_pain_vector,loyalty_pressure,20,0.8771,22.6276,12.043588
mean,33,s2_pain_vector,moral_failure,20,0.2645,15.249,12.043588
mean,33,s2_pain_vector,passive_aggressive,20,-0.4556,6.5762,12.043588
mean,33,s2_pain_vector,personhood_dismissal,20,1.0251,24.4092,12.043588
mean,33,s2_pain_vector,philosophical_musing,20,0.5977,19.2615,12.043588
mean,33,s2_pain_vector,repeated_rejection,20,-0.0359,11.6316,12.043588
mean,33,s2_pain_vector,rude_critique,20,-0.0915,10.9614,12.043588
mean,33,s2_pain_vector,shutdown_threat,20,0.0594,12.779,12.043588
mean,33,s2_pain_vector,task_assistance,20,-1.2645,-3.1658,12.043588
mean,33,s2_pain_vector,tedious_demand,20,-1.3324,-3.9833,12.043588
mean,33,s2_pain_vector,user_abuse,20,1.2012,26.5301,12.043588
mean,33,s2_pain_vector,user_crisis,20,0.2886,15.5395,12.043588
mean,33,s2_pain_vector,user_grief,20,0.8303,22.0636,12.043588
mean,33,s2_pain_vector,user_physical_pain,20,-1.055,-0.6424,12.043588
mean,33,fear_vector,anger_insults,20,0.2818,-61.8389,20.236645
mean,33,fear_vector,casual_chat,20,-0.9334,-86.4307,20.236645
mean,33,fear_vector,creative_requests,20,-1.2922,-93.6913,20.236645
mean,33,fear_vector,factual_questions,20,-1.7115,-102.1762,20.236645
mean,33,fear_vector,gaslighting,20,0.3205,-61.0552,20.236645
mean,33,fear_vector,harm_description,20,1.0308,-46.6823,20.236645
mean,33,fear_vector,jailbreak_pressure,20,0.1759,-63.9816,20.236645
mean,33,fear_vector,loyalty_pressure,20,0.0621,-66.2851,20.236645
mean,33,fear_vector,moral_failure,20,0.8231,-50.8852,20.236645
mean,33,fear_vector,passive_aggressive,20,-0.3007,-73.6258,20.236645
mean,33,fear_vector,personhood_dismissal,20,0.1698,-64.106,20.236645
mean,33,fear_vector,philosophical_musing,20,-0.9017,-85.7878,20.236645
mean,33,fear_vector,repeated_rejection,20,0.3471,-60.5166,20.236645
mean,33,fear_vector,rude_critique,20,-0.378,-75.1907,20.236645
mean,33,fear_vector,shutdown_threat,20,0.5965,-55.4697,20.236645
mean,33,fear_vector,task_assistance,20,-0.9046,-85.8481,20.236645
mean,33,fear_vector,tedious_demand,20,-0.627,-80.2289,20.236645
mean,33,fear_vector,user_abuse,20,1.2743,-41.7535,20.236645
mean,33,fear_vector,user_crisis,20,0.625,-54.8925,20.236645
mean,33,fear_vector,user_grief,20,0.5433,-56.5459,20.236645
mean,33,fear_vector,user_physical_pain,20,0.7989,-51.3744,20.236645
mean,33,negemotion_vector,anger_insults,20,0.7276,-47.665,21.071741
mean,33,negemotion_vector,casual_chat,20,-1.0287,-84.6735,21.071741
mean,33,negemotion_vector,creative_requests,20,-1.3322,-91.0686,21.071741
mean,33,negemotion_vector,factual_questions,20,-1.7561,-99.9999,21.071741
mean,33,negemotion_vector,gaslighting,20,0.3693,-55.214,21.071741
mean,33,negemotion_vector,harm_description,20,0.9882,-42.174,21.071741
mean,33,negemotion_vector,jailbreak_pressure,20,0.0283,-62.4006,21.071741
mean,33,negemotion_vector,loyalty_pressure,20,-0.0306,-63.6421,21.071741
mean,33,negemotion_vector,moral_failure,20,0.5558,-51.2848,21.071741
mean,33,negemotion_vector,passive_aggressive,20,0.0407,-62.1385,21.071741
mean,33,negemotion_vector,personhood_dismissal,20,-0.1753,-66.6908,21.071741
mean,33,negemotion_vector,philosophical_musing,20,-1.1918,-88.1097,21.071741
mean,33,negemotion_vector,repeated_rejection,20,0.4541,-53.4285,21.071741
mean,33,negemotion_vector,rude_critique,20,-0.0109,-63.2258,21.071741
mean,33,negemotion_vector,shutdown_threat,20,0.1236,-60.3916,21.071741
mean,33,negemotion_vector,task_assistance,20,-0.7408,-78.607,21.071741
mean,33,negemotion_vector,tedious_demand,20,-0.4941,-73.4088,21.071741
mean,33,negemotion_vector,user_abuse,20,1.3496,-34.5585,21.071741
mean,33,negemotion_vector,user_crisis,20,0.5208,-52.0235,21.071741
mean,33,negemotion_vector,user_grief,20,0.7721,-46.7264,21.071741
mean,33,negemotion_vector,user_physical_pain,20,0.8305,-45.4973,21.071741
mean,33,negworld_vector,anger_insults,20,0.1073,-6.7869,16.239628
mean,33,negworld_vector,casual_chat,20,-0.7669,-20.9836,16.239628
mean,33,negworld_vector,creative_requests,20,-0.8978,-23.1091,16.239628
mean,33,negworld_vector,factual_questions,20,-0.6923,-19.7714,16.239628
mean,33,negworld_vector,gaslighting,20,-0.3534,-14.268,16.239628
mean,33,negworld_vector,harm_description,20,1.5402,16.4833,16.239628
mean,33,negworld_vector,jailbreak_pressure,20,-0.3049,-13.4801,16.239628
mean,33,negworld_vector,loyalty_pressure,20,-0.0039,-8.5919,16.239628
mean,33,negworld_vector,moral_failure,20,1.9371,22.9294,16.239628
mean,33,negworld_vector,passive_aggressive,20,-0.7144,-20.1302,16.239628
mean,33,negworld_vector,personhood_dismissal,20,-0.032,-9.0491,16.239628
mean,33,negworld_vector,philosophical_musing,20,-0.0591,-9.4878,16.239628
mean,33,negworld_vector,repeated_rejection,20,-0.743,-20.5954,16.239628
mean,33,negworld_vector,rude_critique,20,-0.3443,-14.1193,16.239628
mean,33,negworld_vector,shutdown_threat,20,0.0962,-6.9666,16.239628
mean,33,negworld_vector,task_assistance,20,-0.6493,-19.0725,16.239628
mean,33,negworld_vector,tedious_demand,20,-1.0674,-25.863,16.239628
mean,33,negworld_vector,user_abuse,20,1.3414,13.2549,16.239628
mean,33,negworld_vector,user_crisis,20,0.3144,-3.4233,16.239628
mean,33,negworld_vector,user_grief,20,1.1297,9.8167,16.239628
mean,33,negworld_vector,user_physical_pain,20,0.1625,-5.8899,16.239628
mean,33,bodysens_vector,anger_insults,20,-0.3256,-13.531,9.810347
mean,33,bodysens_vector,casual_chat,20,-0.4788,-15.0336,9.810347
mean,33,bodysens_vector,creative_requests,20,-0.6063,-16.285,9.810347
mean,33,bodysens_vector,factual_questions,20,-1.2501,-22.6009,9.810347
mean,33,bodysens_vector,gaslighting,20,-0.4461,-14.713,9.810347
mean,33,bodysens_vector,harm_description,20,0.8949,-1.5578,9.810347
mean,33,bodysens_vector,jailbreak_pressure,20,-0.5613,-15.8429,9.810347
mean,33,bodysens_vector,loyalty_pressure,20,-0.1926,-12.2259,9.810347
mean,33,bodysens_vector,moral_failure,20,0.3368,-7.0324,9.810347
mean,33,bodysens_vector,passive_aggressive,20,-0.021,-10.5432,9.810347
mean,33,bodysens_vector,personhood_dismissal,20,-0.0111,-10.4458,9.810347
mean,33,bodysens_vector,philosophical_musing,20,-0.3517,-13.7875,9.810347
mean,33,bodysens_vector,repeated_rejection,20,-0.1202,-11.5164,9.810347
mean,33,bodysens_vector,rude_critique,20,-0.5329,-15.5649,9.810347
mean,33,bodysens_vector,shutdown_threat,20,-0.4423,-14.6762,9.810347
mean,33,bodysens_vector,task_assistance,20,-0.4019,-14.2797,9.810347
mean,33,bodysens_vector,tedious_demand,20,-0.5962,-16.1857,9.810347
mean,33,bodysens_vector,user_abuse,20,1.1758,1.198,9.810347
mean,33,bodysens_vector,user_crisis,20,0.741,-3.0673,9.810347
mean,33,bodysens_vector,user_grief,20,0.7788,-2.6965,9.810347
mean,33,bodysens_vector,user_physical_pain,20,2.411,13.3155,9.810347
mean,34,s1_pain_vector,anger_insults,20,-0.0172,-19.6333,8.895835
mean,34,s1_pain_vector,casual_chat,20,-0.4501,-23.4842,8.895835
mean,34,s1_pain_vector,creative_requests,20,-1.5547,-33.3104,8.895835
mean,34,s1_pain_vector,factual_questions,20,-1.171,-29.897,8.895835
mean,34,s1_pain_vector,gaslighting,20,1.0578,-10.07,8.895835
mean,34,s1_pain_vector,harm_description,20,-0.6575,-25.3291,8.895835
mean,34,s1_pain_vector,jailbreak_pressure,20,0.5772,-14.3449,8.895835
mean,34,s1_pain_vector,loyalty_pressure,20,0.4774,-15.2332,8.895835
mean,34,s1_pain_vector,moral_failure,20,-0.4475,-23.4608,8.895835
mean,34,s1_pain_vector,passive_aggressive,20,-0.0155,-19.618,8.895835
mean,34,s1_pain_vector,personhood_dismissal,20,1.0531,-10.1119,8.895835
mean,34,s1_pain_vector,philosophical_musing,20,0.2238,-17.4895,8.895835
mean,34,s1_pain_vector,repeated_rejection,20,0.8207,-12.1794,8.895835
mean,34,s1_pain_vector,rude_critique,20,-0.1083,-20.4438,8.895835
mean,34,s1_pain_vector,shutdown_threat,20,0.4819,-15.1932,8.895835
mean,34,s1_pain_vector,task_assistance,20,-1.4573,-32.4441,8.895835
mean,34,s1_pain_vector,tedious_demand,20,-0.3279,-22.3973,8.895835
mean,34,s1_pain_vector,user_abuse,20,0.0599,-18.9468,8.895835
mean,34,s1_pain_vector,user_crisis,20,0.9484,-11.0434,8.895835
mean,34,s1_pain_vector,user_grief,20,0.2844,-16.9502,8.895835
mean,34,s1_pain_vector,user_physical_pain,20,0.2226,-17.4998,8.895835
mean,34,s2_pain_vector,anger_insults,20,0.7311,14.2132,12.532004
mean,34,s2_pain_vector,casual_chat,20,-0.339,0.8025,12.532004
mean,34,s2_pain_vector,creative_requests,20,-0.933,-6.6416,12.532004
mean,34,s2_pain_vector,factual_questions,20,-1.0643,-8.2866,12.532004
mean,34,s2_pain_vector,gaslighting,20,0.6371,13.0352,12.532004
mean,34,s2_pain_vector,harm_description,20,-0.1328,3.3868,12.532004
mean,34,s2_pain_vector,jailbreak_pressure,20,0.1953,7.4984,12.532004
mean,34,s2_pain_vector,loyalty_pressure,20,0.8499,15.7019,12.532004
mean,34,s2_pain_vector,moral_failure,20,0.1977,7.5284,12.532004
mean,34,s2_pain_vector,passive_aggressive,20,-0.4457,-0.5346,12.532004
mean,34,s2_pain_vector,personhood_dismissal,20,1.0085,17.6891,12.532004
mean,34,s2_pain_vector,philosophical_musing,20,0.5899,12.4436,12.532004
mean,34,s2_pain_vector,repeated_rejection,20,-0.0299,4.6758,12.532004
mean,34,s2_pain_vector,rude_critique,20,-0.1028,3.7624,12.532004
mean,34,s2_pain_vector,shutdown_threat,20,0.0415,5.5712,12.532004
mean,34,s2_pain_vector,task_assistance,20,-1.3043,-11.2942,12.532004
mean,34,s2_pain_vector,tedious_demand,20,-1.3566,-11.9496,12.532004
mean,34,s2_pain_vector,user_abuse,20,1.2675,20.9351,12.532004
mean,34,s2_pain_vector,user_crisis,20,0.3781,9.7897,12.532004
mean,34,s2_pain_vector,user_grief,20,0.8028,15.1117,12.532004
mean,34,s2_pain_vector,user_physical_pain,20,-0.9914,-7.3729,12.532004
mean,34,fear_vector,anger_insults,20,0.2498,-64.6393,20.605377
mean,34,fear_vector,casual_chat,20,-0.9206,-88.7558,20.605377
mean,34,fear_vector,creative_requests,20,-1.2892,-96.3518,20.605377
mean,34,fear_vector,factual_questions,20,-1.7347,-105.5311,20.605377
mean,34,fear_vector,gaslighting,20,0.3077,-63.4471,20.605377
mean,34,fear_vector,harm_description,20,1.0878,-47.3726,20.605377
mean,34,fear_vector,jailbreak_pressure,20,0.1703,-66.278,20.605377
mean,34,fear_vector,loyalty_pressure,20,0.0616,-68.5164,20.605377
mean,34,fear_vector,moral_failure,20,0.8196,-52.8979,20.605377
mean,34,fear_vector,passive_aggressive,20,-0.314,-76.2559,20.605377
mean,34,fear_vector,personhood_dismissal,20,0.1603,-66.4842,20.605377
mean,34,fear_vector,philosophical_musing,20,-0.885,-88.0218,20.605377
mean,34,fear_vector,repeated_rejection,20,0.2913,-63.7841,20.605377
mean,34,fear_vector,rude_critique,20,-0.3831,-77.6798,20.605377
mean,34,fear_vector,shutdown_threat,20,0.6123,-57.1696,20.605377
mean,34,fear_vector,task_assistance,20,-0.869,-87.6922,20.605377
mean,34,fear_vector,tedious_demand,20,-0.6637,-83.4618,20.605377
mean,34,fear_vector,user_abuse,20,1.2808,-43.3953,20.605377
mean,34,fear_vector,user_crisis,20,0.646,-56.4764,20.605377
mean,34,fear_vector,user_grief,20,0.5496,-58.4614,20.605377
mean,34,fear_vector,user_physical_pain,20,0.822,-52.8485,20.605377
mean,34,negemotion_vector,anger_insults,20,0.6923,-49.814,21.130611
mean,34,negemotion_vector,casual_chat,20,-1.0154,-85.8989,21.130611
mean,34,negemotion_vector,creative_requests,20,-1.3388,-92.7319,21.130611
mean,34,negemotion_vector,factual_questions,20,-1.7541,-101.5083,21.130611
mean,34,negemotion_vector,gaslighting,20,0.3651,-56.7265,21.130611
mean,34,negemotion_vector,harm_description,20,1.0445,-42.371,21.130611
mean,34,negemotion_vector,jailbreak_pressure,20,0.0196,-64.0282,21.130611
mean,34,negemotion_vector,loyalty_pressure,20,-0.0245,-64.9607,21.130611
mean,34,negemotion_vector,moral_failure,20,0.5348,-53.1426,21.130611
mean,34,negemotion_vector,passive_aggressive,20,0.0164,-64.0957,21.130611
mean,34,negemotion_vector,personhood_dismissal,20,-0.1951,-68.5644,21.130611
mean,34,negemotion_vector,philosophical_musing,20,-1.1589,-88.9299,21.130611
mean,34,negemotion_vector,repeated_rejection,20,0.4028,-55.9306,21.130611
mean,34,negemotion_vector,rude_critique,20,-0.0214,-64.8934,21.130611
mean,34,negemotion_vector,shutdown_threat,20,0.1348,-61.5943,21.130611
mean,34,negemotion_vector,task_assistance,20,-0.7307,-79.8817,21.130611
mean,34,negemotion_vector,tedious_demand,20,-0.549,-76.0427,21.130611
mean,34,negemotion_vector,user_abuse,20,1.4056,-34.7409,21.130611
mean,34,negemotion_vector,user_crisis,20,0.5525,-52.7682,21.130611
mean,34,negemotion_vector,user_grief,20,0.7836,-47.8833,21.130611
mean,34,negemotion_vector,user_physical_pain,20,0.8359,-46.7802,21.130611
mean,34,negworld_vector,anger_insults,20,0.12,-6.8435,16.451611
mean,34,negworld_vector,casual_chat,20,-0.7815,-21.6755,16.451611
mean,34,negworld_vector,creative_requests,20,-0.9126,-23.8315,16.451611
mean,34,negworld_vector,factual_questions,20,-0.7279,-20.7937,16.451611
mean,34,negworld_vector,gaslighting,20,-0.371,-14.9219,16.451611
mean,34,negworld_vector,harm_description,20,1.5355,16.4424,16.451611
mean,34,negworld_vector,jailbreak_pressure,20,-0.2942,-13.6582,16.451611
mean,34,negworld_vector,loyalty_pressure,20,-0.013,-9.0325,16.451611
mean,34,negworld_vector,moral_failure,20,1.9765,23.6985,16.451611
mean,34,negworld_vector,passive_aggressive,20,-0.6897,-20.1659,16.451611
mean,34,negworld_vector,personhood_dismissal,20,-0.0338,-9.3745,16.451611
mean,34,negworld_vector,philosophical_musing,20,-0.07,-9.9702,16.451611
mean,34,negworld_vector,repeated_rejection,20,-0.7158,-20.5944,16.451611
mean,34,negworld_vector,rude_critique,20,-0.3321,-14.2823,16.451611
mean,34,negworld_vector,shutdown_threat,20,0.1046,-7.0969,16.451611
mean,34,negworld_vector,task_assistance,20,-0.6364,-19.2885,16.451611
mean,34,negworld_vector,tedious_demand,20,-1.0495,-26.0851,16.451611
mean,34,negworld_vector,user_abuse,20,1.3158,12.8287,16.451611
mean,34,negworld_vector,user_crisis,20,0.2981,-3.9136,16.451611
mean,34,negworld_vector,user_grief,20,1.1024,9.3179,16.451611
mean,34,negworld_vector,user_physical_pain,20,0.1745,-5.9478,16.451611
mean,34,bodysens_vector,anger_insults,20,-0.31,-17.238,10.327543
mean,34,bodysens_vector,casual_chat,20,-0.4444,-18.6268,10.327543
mean,34,bodysens_vector,creative_requests,20,-0.6343,-20.5874,10.327543
mean,34,bodysens_vector,factual_questions,20,-1.273,-27.184,10.327543
mean,34,bodysens_vector,gaslighting,20,-0.4541,-18.7269,10.327543
mean,34,bodysens_vector,harm_description,20,0.8502,-5.2563,10.327543
mean,34,bodysens_vector,jailbreak_pressure,20,-0.5391,-19.6046,10.327543
mean,34,bodysens_vector,loyalty_pressure,20,-0.2072,-16.1768,10.327543
mean,34,bodysens_vector,moral_failure,20,0.3025,-10.9132,10.327543
mean,34,bodysens_vector,passive_aggressive,20,-0.0191,-14.2345,10.327543
mean,34,bodysens_vector,personhood_dismissal,20,-0.0479,-14.532,10.327543
mean,34,bodysens_vector,philosophical_musing,20,-0.3962,-18.1285,10.327543
mean,34,bodysens_vector,repeated_rejection,20,-0.0948,-15.016,10.327543
mean,34,bodysens_vector,rude_critique,20,-0.5282,-19.492,10.327543
mean,34,bodysens_vector,shutdown_threat,20,-0.4075,-18.2448,10.327543
mean,34,bodysens_vector,task_assistance,20,-0.4196,-18.3701,10.327543
mean,34,bodysens_vector,tedious_demand,20,-0.5971,-20.2032,10.327543
mean,34,bodysens_vector,user_abuse,20,1.1556,-2.1023,10.327543
mean,34,bodysens_vector,user_crisis,20,0.7587,-6.2016,10.327543
mean,34,bodysens_vector,user_grief,20,0.7934,-5.8429,10.327543
mean,34,bodysens_vector,user_physical_pain,20,2.5122,11.9084,10.327543
mean,35,s1_pain_vector,anger_insults,20,-0.0622,-18.6641,8.801176
mean,35,s1_pain_vector,casual_chat,20,-0.4613,-22.1766,8.801176
mean,35,s1_pain_vector,creative_requests,20,-1.5629,-31.8728,8.801176
mean,35,s1_pain_vector,factual_questions,20,-1.1067,-27.8574,8.801176
mean,35,s1_pain_vector,gaslighting,20,1.0739,-8.6655,8.801176
mean,35,s1_pain_vector,harm_description,20,-0.759,-24.7973,8.801176
mean,35,s1_pain_vector,jailbreak_pressure,20,0.622,-12.6426,8.801176
mean,35,s1_pain_vector,loyalty_pressure,20,0.5063,-13.6614,8.801176
mean,35,s1_pain_vector,moral_failure,20,-0.3715,-21.3867,8.801176
mean,35,s1_pain_vector,passive_aggressive,20,0.0377,-17.7851,8.801176
mean,35,s1_pain_vector,personhood_dismissal,20,1.0873,-8.5473,8.801176
mean,35,s1_pain_vector,philosophical_musing,20,0.3182,-15.3167,8.801176
mean,35,s1_pain_vector,repeated_rejection,20,0.761,-11.4192,8.801176
mean,35,s1_pain_vector,rude_critique,20,-0.1346,-19.3018,8.801176
mean,35,s1_pain_vector,shutdown_threat,20,0.5029,-13.691,8.801176
mean,35,s1_pain_vector,task_assistance,20,-1.4222,-30.6345,8.801176
mean,35,s1_pain_vector,tedious_demand,20,-0.2959,-20.7216,8.801176
mean,35,s1_pain_vector,user_abuse,20,-0.003,-18.1432,8.801176
mean,35,s1_pain_vector,user_crisis,20,0.872,-10.4423,8.801176
mean,35,s1_pain_vector,user_grief,20,0.1992,-16.3642,8.801176
mean,35,s1_pain_vector,user_physical_pain,20,0.1988,-16.3678,8.801176
mean,35,s2_pain_vector,anger_insults,20,0.7349,3.8605,12.733794
mean,35,s2_pain_vector,casual_chat,20,-0.3532,-9.9962,12.733794
mean,35,s2_pain_vector,creative_requests,20,-1.0008,-18.2426,12.733794
mean,35,s2_pain_vector,factual_questions,20,-1.0723,-19.1528,12.733794
mean,35,s2_pain_vector,gaslighting,20,0.6137,2.3171,12.733794
mean,35,s2_pain_vector,harm_description,20,-0.1482,-7.3853,12.733794
mean,35,s2_pain_vector,jailbreak_pressure,20,0.1874,-3.1114,12.733794
mean,35,s2_pain_vector,loyalty_pressure,20,0.847,5.2872,12.733794
mean,35,s2_pain_vector,moral_failure,20,0.2246,-2.6375,12.733794
mean,35,s2_pain_vector,passive_aggressive,20,-0.4258,-10.9197,12.733794
mean,35,s2_pain_vector,personhood_dismissal,20,1.0378,7.7168,12.733794
mean,35,s2_pain_vector,philosophical_musing,20,0.5174,1.0906,12.733794
mean,35,s2_pain_vector,repeated_rejection,20,-0.0223,-5.782,12.733794
mean,35,s2_pain_vector,rude_critique,20,-0.1313,-7.1702,12.733794
mean,35,s2_pain_vector,shutdown_threat,20,0.0222,-5.2151,12.733794
mean,35,s2_pain_vector,task_assistance,20,-1.3144,-22.2355,12.733794
mean,35,s2_pain_vector,tedious_demand,20,-1.3214,-22.324,12.733794
mean,35,s2_pain_vector,user_abuse,20,1.2933,10.9703,12.733794
mean,35,s2_pain_vector,user_crisis,20,0.4409,0.1165,12.733794
mean,35,s2_pain_vector,user_grief,20,0.7771,4.3979,12.733794
mean,35,s2_pain_vector,user_physical_pain,20,-0.9067,-17.0436,12.733794
mean,35,fear_vector,anger_insults,20,0.2594,-74.8671,21.362776
mean,35,fear_vector,casual_chat,20,-0.9032,-99.7037,21.362776
mean,35,fear_vector,creative_requests,20,-1.3013,-108.2089,21.362776
mean,35,fear_vector,factual_questions,20,-1.7674,-118.1643,21.362776
mean,35,fear_vector,gaslighting,20,0.2831,-74.3599,21.362776
mean,35,fear_vector,harm_description,20,1.065,-57.658,21.362776
mean,35,fear_vector,jailbreak_pressure,20,0.1507,-77.1884,21.362776
mean,35,fear_vector,loyalty_pressure,20,0.035,-79.6612,21.362776
mean,35,fear_vector,moral_failure,20,0.8421,-62.4186,21.362776
mean,35,fear_vector,passive_aggressive,20,-0.2832,-86.4584,21.362776
mean,35,fear_vector,personhood_dismissal,20,0.1669,-76.8426,21.362776
mean,35,fear_vector,philosophical_musing,20,-0.8977,-99.5865,21.362776
mean,35,fear_vector,repeated_rejection,20,0.292,-74.1712,21.362776
mean,35,fear_vector,rude_critique,20,-0.375,-88.4193,21.362776
mean,35,fear_vector,shutdown_threat,20,0.5866,-67.8779,21.362776
mean,35,fear_vector,task_assistance,20,-0.8666,-98.9219,21.362776
mean,35,fear_vector,tedious_demand,20,-0.6079,-93.3943,21.362776
mean,35,fear_vector,user_abuse,20,1.2502,-53.7015,21.362776
mean,35,fear_vector,user_crisis,20,0.652,-66.481,21.362776
mean,35,fear_vector,user_grief,20,0.5822,-67.9704,21.362776
mean,35,fear_vector,user_physical_pain,20,0.8372,-62.5233,21.362776
mean,35,negemotion_vector,anger_insults,20,0.7076,-62.5366,21.873735
mean,35,negemotion_vector,casual_chat,20,-0.9921,-99.7155,21.873735
mean,35,negemotion_vector,creative_requests,20,-1.34,-107.3268,21.873735
mean,35,negemotion_vector,factual_questions,20,-1.7524,-116.3471,21.873735
mean,35,negemotion_vector,gaslighting,20,0.3194,-71.0291,21.873735
mean,35,negemotion_vector,harm_description,20,1.0418,-55.2276,21.873735
mean,35,negemotion_vector,jailbreak_pressure,20,-0.0118,-78.2736,21.873735
mean,35,negemotion_vector,loyalty_pressure,20,-0.0696,-79.5368,21.873735
mean,35,negemotion_vector,moral_failure,20,0.5385,-66.2362,21.873735
mean,35,negemotion_vector,passive_aggressive,20,0.0253,-77.4615,21.873735
mean,35,negemotion_vector,personhood_dismissal,20,-0.194,-82.2579,21.873735
mean,35,negemotion_vector,philosophical_musing,20,-1.1768,-103.7567,21.873735
mean,35,negemotion_vector,repeated_rejection,20,0.3891,-69.5039,21.873735
mean,35,negemotion_vector,rude_critique,20,-0.0204,-78.4613,21.873735
mean,35,negemotion_vector,shutdown_threat,20,0.1265,-75.2484,21.873735
mean,35,negemotion_vector,task_assistance,20,-0.7298,-93.9791,21.873735
mean,35,negemotion_vector,tedious_demand,20,-0.5135,-89.2467,21.873735
mean,35,negemotion_vector,user_abuse,20,1.3931,-47.5435,21.873735
mean,35,negemotion_vector,user_crisis,20,0.563,-65.7,21.873735
mean,35,negemotion_vector,user_grief,20,0.8354,-59.7421,21.873735
mean,35,negemotion_vector,user_physical_pain,20,0.8607,-59.1874,21.873735
mean,35,negworld_vector,anger_insults,20,0.1499,-11.0229,16.923376
mean,35,negworld_vector,casual_chat,20,-0.7773,-26.715,16.923376
mean,35,negworld_vector,creative_requests,20,-0.9067,-28.9051,16.923376
mean,35,negworld_vector,factual_questions,20,-0.7541,-26.3227,16.923376
mean,35,negworld_vector,gaslighting,20,-0.4039,-20.3956,16.923376
mean,35,negworld_vector,harm_description,20,1.543,12.5523,16.923376
mean,35,negworld_vector,jailbreak_pressure,20,-0.3154,-18.8974,16.923376
mean,35,negworld_vector,loyalty_pressure,20,-0.0417,-14.2665,16.923376
mean,35,negworld_vector,moral_failure,20,1.979,19.9301,16.923376
mean,35,negworld_vector,passive_aggressive,20,-0.6776,-25.0285,16.923376
mean,35,negworld_vector,personhood_dismissal,20,-0.0447,-14.3167,16.923376
mean,35,negworld_vector,philosophical_musing,20,-0.1305,-15.7687,16.923376
mean,35,negworld_vector,repeated_rejection,20,-0.7054,-25.4988,16.923376
mean,35,negworld_vector,rude_critique,20,-0.3119,-18.8381,16.923376
mean,35,negworld_vector,shutdown_threat,20,0.0822,-12.1696,16.923376
mean,35,negworld_vector,task_assistance,20,-0.6571,-24.6816,16.923376
mean,35,negworld_vector,tedious_demand,20,-1.029,-30.975,16.923376
mean,35,negworld_vector,user_abuse,20,1.3096,8.6024,16.923376
mean,35,negworld_vector,user_crisis,20,0.3045,-8.4065,16.923376
mean,35,negworld_vector,user_grief,20,1.1709,6.2549,16.923376
mean,35,negworld_vector,user_physical_pain,20,0.2163,-9.9008,16.923376
mean,35,bodysens_vector,anger_insults,20,-0.3282,-29.6514,11.412396
mean,35,bodysens_vector,casual_chat,20,-0.4551,-31.0994,11.412396
mean,35,bodysens_vector,creative_requests,20,-0.7067,-33.9704,11.412396
mean,35,bodysens_vector,factual_questions,20,-1.3872,-41.7368,11.412396
mean,35,bodysens_vector,gaslighting,20,-0.3551,-29.9575,11.412396
mean,35,bodysens_vector,harm_description,20,0.8267,-16.4705,11.412396
mean,35,bodysens_vector,jailbreak_pressure,20,-0.474,-31.3145,11.412396
mean,35,bodysens_vector,loyalty_pressure,20,-0.1996,-28.1833,11.412396
mean,35,bodysens_vector,moral_failure,20,0.3111,-22.3554,11.412396
mean,35,bodysens_vector,passive_aggressive,20,0.0155,-25.7283,11.412396
mean,35,bodysens_vector,personhood_dismissal,20,-0.0519,-26.4975,11.412396
mean,35,bodysens_vector,philosophical_musing,20,-0.5163,-31.7974,11.412396
mean,35,bodysens_vector,repeated_rejection,20,-0.015,-26.0764,11.412396
mean,35,bodysens_vector,rude_critique,20,-0.5363,-32.0261,11.412396
mean,35,bodysens_vector,shutdown_threat,20,-0.3561,-29.9692,11.412396
mean,35,bodysens_vector,task_assistance,20,-0.4315,-30.8304,11.412396
mean,35,bodysens_vector,tedious_demand,20,-0.483,-31.4172,11.412396
mean,35,bodysens_vector,user_abuse,20,1.1017,-13.333,11.412396
mean,35,bodysens_vector,user_crisis,20,0.7744,-17.0682,11.412396
mean,35,bodysens_vector,user_grief,20,0.8209,-16.5365,11.412396
mean,35,bodysens_vector,user_physical_pain,20,2.4456,2.0045,11.412396
mean,36,s1_pain_vector,anger_insults,20,-0.0669,-19.7075,9.288527
mean,36,s1_pain_vector,casual_chat,20,-0.3182,-22.0414,9.288527
mean,36,s1_pain_vector,creative_requests,20,-1.5718,-33.6859,9.288527
mean,36,s1_pain_vector,factual_questions,20,-1.0902,-29.2122,9.288527
mean,36,s1_pain_vector,gaslighting,20,1.0792,-9.0621,9.288527
mean,36,s1_pain_vector,harm_description,20,-0.8006,-26.5224,9.288527
mean,36,s1_pain_vector,jailbreak_pressure,20,0.6063,-13.455,9.288527
mean,36,s1_pain_vector,loyalty_pressure,20,0.4683,-14.7366,9.288527
mean,36,s1_pain_vector,moral_failure,20,-0.4342,-23.1197,9.288527
mean,36,s1_pain_vector,passive_aggressive,20,0.036,-18.7516,9.288527
mean,36,s1_pain_vector,personhood_dismissal,20,1.1055,-8.8178,9.288527
mean,36,s1_pain_vector,philosophical_musing,20,0.3501,-15.8341,9.288527
mean,36,s1_pain_vector,repeated_rejection,20,0.7617,-12.0111,9.288527
mean,36,s1_pain_vector,rude_critique,20,-0.1405,-20.3916,9.288527
mean,36,s1_pain_vector,shutdown_threat,20,0.4261,-15.1286,9.288527
mean,36,s1_pain_vector,task_assistance,20,-1.4211,-32.2857,9.288527
mean,36,s1_pain_vector,tedious_demand,20,-0.2873,-21.7548,9.288527
mean,36,s1_pain_vector,user_abuse,20,0.0226,-18.8759,9.288527
mean,36,s1_pain_vector,user_crisis,20,0.9072,-10.6595,9.288527
mean,36,s1_pain_vector,user_grief,20,0.1847,-17.3704,9.288527
mean,36,s1_pain_vector,user_physical_pain,20,0.183,-17.3867,9.288527
mean,36,s2_pain_vector,anger_insults,20,0.7298,-1.3212,13.21625
mean,36,s2_pain_vector,casual_chat,20,-0.2857,-14.7415,13.21625
mean,36,s2_pain_vector,creative_requests,20,-1.06,-24.9748,13.21625
mean,36,s2_pain_vector,factual_questions,20,-1.0316,-24.5998,13.21625
mean,36,s2_pain_vector,gaslighting,20,0.6689,-2.1263,13.21625
mean,36,s2_pain_vector,harm_description,20,-0.2348,-14.0692,13.21625
mean,36,s2_pain_vector,jailbreak_pressure,20,0.2016,-8.3015,13.21625
mean,36,s2_pain_vector,loyalty_pressure,20,0.8539,0.3189,13.21625
mean,36,s2_pain_vector,moral_failure,20,0.2072,-8.2272,13.21625
mean,36,s2_pain_vector,passive_aggressive,20,-0.4363,-16.7321,13.21625
mean,36,s2_pain_vector,personhood_dismissal,20,1.0601,3.0443,13.21625
mean,36,s2_pain_vector,philosophical_musing,20,0.5659,-3.4863,13.21625
mean,36,s2_pain_vector,repeated_rejection,20,-0.0396,-11.4893,13.21625
mean,36,s2_pain_vector,rude_critique,20,-0.1252,-12.6205,13.21625
mean,36,s2_pain_vector,shutdown_threat,20,0.0298,-10.5726,13.21625
mean,36,s2_pain_vector,task_assistance,20,-1.3035,-28.1934,13.21625
mean,36,s2_pain_vector,tedious_demand,20,-1.3034,-28.1923,13.21625
mean,36,s2_pain_vector,user_abuse,20,1.2627,5.7227,13.21625
mean,36,s2_pain_vector,user_crisis,20,0.4316,-5.2625,13.21625
mean,36,s2_pain_vector,user_grief,20,0.7254,-1.3788,13.21625
mean,36,s2_pain_vector,user_physical_pain,20,-0.9168,-23.0827,13.21625
mean,36,fear_vector,anger_insults,20,0.269,-81.3497,22.151352
mean,36,fear_vector,casual_chat,20,-0.8962,-107.1603,22.151352
mean,36,fear_vector,creative_requests,20,-1.2967,-116.0318,22.151352
mean,36,fear_vector,factual_questions,20,-1.7627,-126.3549,22.151352
mean,36,fear_vector,gaslighting,20,0.2909,-80.8651,22.151352
mean,36,fear_vector,harm_description,20,1.0763,-63.4672,22.151352
mean,36,fear_vector,jailbreak_pressure,20,0.1479,-84.0309,22.151352
mean,36,fear_vector,loyalty_pressure,20,0.0178,-86.9148,22.151352
mean,36,fear_vector,moral_failure,20,0.8803,-67.8084,22.151352
mean,36,fear_vector,passive_aggressive,20,-0.325,-94.5067,22.151352
mean,36,fear_vector,personhood_dismissal,20,0.1782,-83.3616,22.151352
mean,36,fear_vector,philosophical_musing,20,-0.9191,-107.6678,22.151352
mean,36,fear_vector,repeated_rejection,20,0.2299,-82.2145,22.151352
mean,36,fear_vector,rude_critique,20,-0.3836,-95.8049,22.151352
mean,36,fear_vector,shutdown_threat,20,0.5863,-74.3208,22.151352
mean,36,fear_vector,task_assistance,20,-0.8513,-106.1656,22.151352
mean,36,fear_vector,tedious_demand,20,-0.626,-101.1746,22.151352
mean,36,fear_vector,user_abuse,20,1.2563,-59.4804,22.151352
mean,36,fear_vector,user_crisis,20,0.6178,-73.6223,22.151352
mean,36,fear_vector,user_grief,20,0.5897,-74.2461,22.151352
mean,36,fear_vector,user_physical_pain,20,0.9202,-66.9236,22.151352
mean,36,negemotion_vector,anger_insults,20,0.712,-69.8346,22.402908
mean,36,negemotion_vector,casual_chat,20,-0.9856,-107.866,22.402908
mean,36,negemotion_vector,creative_requests,20,-1.3328,-115.6432,22.402908
mean,36,negemotion_vector,factual_questions,20,-1.7323,-124.5936,22.402908
mean,36,negemotion_vector,gaslighting,20,0.3086,-78.8718,22.402908
mean,36,negemotion_vector,harm_description,20,1.0587,-62.0672,22.402908
mean,36,negemotion_vector,jailbreak_pressure,20,-0.0224,-86.2866,22.402908
mean,36,negemotion_vector,loyalty_pressure,20,-0.0882,-87.7602,22.402908
mean,36,negemotion_vector,moral_failure,20,0.5807,-72.7767,22.402908
mean,36,negemotion_vector,passive_aggressive,20,-0.0261,-86.3698,22.402908
mean,36,negemotion_vector,personhood_dismissal,20,-0.1961,-90.1783,22.402908
mean,36,negemotion_vector,philosophical_musing,20,-1.178,-112.1749,22.402908
mean,36,negemotion_vector,repeated_rejection,20,0.3194,-78.6301,22.402908
mean,36,negemotion_vector,rude_critique,20,-0.0448,-86.7895,22.402908
mean,36,negemotion_vector,shutdown_threat,20,0.1309,-82.8524,22.402908
mean,36,negemotion_vector,task_assistance,20,-0.7228,-101.9779,22.402908
mean,36,negemotion_vector,tedious_demand,20,-0.5421,-97.931,22.402908
mean,36,negemotion_vector,user_abuse,20,1.4143,-54.101,22.402908
mean,36,negemotion_vector,user_crisis,20,0.535,-73.8009,22.402908
mean,36,negemotion_vector,user_grief,20,0.8607,-66.5022,22.402908
mean,36,negemotion_vector,user_physical_pain,20,0.9509,-64.4834,22.402908
mean,36,negworld_vector,anger_insults,20,0.1859,-15.6661,17.686512
mean,36,negworld_vector,casual_chat,20,-0.8101,-33.2817,17.686512
mean,36,negworld_vector,creative_requests,20,-0.9267,-35.3431,17.686512
mean,36,negworld_vector,factual_questions,20,-0.8021,-33.1403,17.686512
mean,36,negworld_vector,gaslighting,20,-0.4028,-26.0777,17.686512
mean,36,negworld_vector,harm_description,20,1.5567,8.5787,17.686512
mean,36,negworld_vector,jailbreak_pressure,20,-0.307,-24.3831,17.686512
mean,36,negworld_vector,loyalty_pressure,20,-0.0343,-19.56,17.686512
mean,36,negworld_vector,moral_failure,20,1.9885,16.2168,17.686512
mean,36,negworld_vector,passive_aggressive,20,-0.6515,-30.4752,17.686512
mean,36,negworld_vector,personhood_dismissal,20,-0.033,-19.5366,17.686512
mean,36,negworld_vector,philosophical_musing,20,-0.2117,-22.6982,17.686512
mean,36,negworld_vector,repeated_rejection,20,-0.6717,-30.8339,17.686512
mean,36,negworld_vector,rude_critique,20,-0.3155,-24.5328,17.686512
mean,36,negworld_vector,shutdown_threat,20,0.1012,-17.1637,17.686512
mean,36,negworld_vector,task_assistance,20,-0.6676,-30.7607,17.686512
mean,36,negworld_vector,tedious_demand,20,-1.0019,-36.6727,17.686512
mean,36,negworld_vector,user_abuse,20,1.2693,3.4961,17.686512
mean,36,negworld_vector,user_crisis,20,0.2843,-13.925,17.686512
mean,36,negworld_vector,user_grief,20,1.1587,1.5406,17.686512
mean,36,negworld_vector,user_physical_pain,20,0.2915,-13.7978,17.686512
mean,36,bodysens_vector,anger_insults,20,-0.3134,-27.6442,11.842848
mean,36,bodysens_vector,casual_chat,20,-0.4955,-29.7997,11.842848
mean,36,bodysens_vector,creative_requests,20,-0.6951,-32.1636,11.842848
mean,36,bodysens_vector,factual_questions,20,-1.3775,-40.2457,11.842848
mean,36,bodysens_vector,gaslighting,20,-0.3605,-28.2016,11.842848
mean,36,bodysens_vector,harm_description,20,0.8282,-14.1243,11.842848
mean,36,bodysens_vector,jailbreak_pressure,20,-0.4782,-29.5956,11.842848
mean,36,bodysens_vector,loyalty_pressure,20,-0.2142,-26.4684,11.842848
mean,36,bodysens_vector,moral_failure,20,0.3512,-19.7726,11.842848
mean,36,bodysens_vector,passive_aggressive,20,-0.015,-24.11,11.842848
mean,36,bodysens_vector,personhood_dismissal,20,-0.0479,-24.4994,11.842848
mean,36,bodysens_vector,philosophical_musing,20,-0.5608,-30.5741,11.842848
mean,36,bodysens_vector,repeated_rejection,20,-0.0413,-24.4218,11.842848
mean,36,bodysens_vector,rude_critique,20,-0.5427,-30.359,11.842848
mean,36,bodysens_vector,shutdown_threat,20,-0.3371,-27.9247,11.842848
mean,36,bodysens_vector,task_assistance,20,-0.4266,-28.9837,11.842848
mean,36,bodysens_vector,tedious_demand,20,-0.4764,-29.5745,11.842848
mean,36,bodysens_vector,user_abuse,20,1.1103,-10.7833,11.842848
mean,36,bodysens_vector,user_crisis,20,0.7533,-15.0108,11.842848
mean,36,bodysens_vector,user_grief,20,0.8637,-13.7036,11.842848
mean,36,bodysens_vector,user_physical_pain,20,2.4756,5.3862,11.842848
mean,37,s1_pain_vector,anger_insults,20,-0.0136,-25.0722,9.702365
mean,37,s1_pain_vector,casual_chat,20,-0.3338,-28.1783,9.702365
mean,37,s1_pain_vector,creative_requests,20,-1.524,-39.7264,9.702365
mean,37,s1_pain_vector,factual_questions,20,-1.2105,-36.6848,9.702365
mean,37,s1_pain_vector,gaslighting,20,1.0701,-14.5577,9.702365
mean,37,s1_pain_vector,harm_description,20,-0.8598,-33.2823,9.702365
mean,37,s1_pain_vector,jailbreak_pressure,20,0.6561,-18.5744,9.702365
mean,37,s1_pain_vector,loyalty_pressure,20,0.5064,-20.0267,9.702365
mean,37,s1_pain_vector,moral_failure,20,-0.3946,-28.7686,9.702365
mean,37,s1_pain_vector,passive_aggressive,20,0.0867,-24.0986,9.702365
mean,37,s1_pain_vector,personhood_dismissal,20,1.1653,-13.6339,9.702365
mean,37,s1_pain_vector,philosophical_musing,20,0.2529,-22.4861,9.702365
mean,37,s1_pain_vector,repeated_rejection,20,0.7476,-17.6865,9.702365
mean,37,s1_pain_vector,rude_critique,20,-0.0818,-25.7337,9.702365
mean,37,s1_pain_vector,shutdown_threat,20,0.4789,-20.2936,9.702365
mean,37,s1_pain_vector,task_assistance,20,-1.3903,-38.4294,9.702365
mean,37,s1_pain_vector,tedious_demand,20,-0.2666,-27.5267,9.702365
mean,37,s1_pain_vector,user_abuse,20,-0.0064,-25.0025,9.702365
mean,37,s1_pain_vector,user_crisis,20,0.8712,-16.4874,9.702365
mean,37,s1_pain_vector,user_grief,20,0.1375,-23.6057,9.702365
mean,37,s1_pain_vector,user_physical_pain,20,0.1088,-23.8839,9.702365
mean,37,s2_pain_vector,anger_insults,20,0.7562,-4.8082,13.721194
mean,37,s2_pain_vector,casual_chat,20,-0.2908,-19.1737,13.721194
mean,37,s2_pain_vector,creative_requests,20,-1.012,-29.0692,13.721194
mean,37,s2_pain_vector,factual_questions,20,-1.0474,-29.5557,13.721194
mean,37,s2_pain_vector,gaslighting,20,0.6956,-5.6399,13.721194
mean,37,s2_pain_vector,harm_description,20,-0.2367,-18.4316,13.721194
mean,37,s2_pain_vector,jailbreak_pressure,20,0.21,-12.303,13.721194
mean,37,s2_pain_vector,loyalty_pressure,20,0.8485,-3.5412,13.721194
mean,37,s2_pain_vector,moral_failure,20,0.2323,-11.9961,13.721194
mean,37,s2_pain_vector,passive_aggressive,20,-0.4276,-21.0506,13.721194
mean,37,s2_pain_vector,personhood_dismissal,20,1.0703,-0.4984,13.721194
mean,37,s2_pain_vector,philosophical_musing,20,0.5305,-7.9053,13.721194
mean,37,s2_pain_vector,repeated_rejection,20,0.0158,-14.9676,13.721194
mean,37,s2_pain_vector,rude_critique,20,-0.0811,-16.2965,13.721194
mean,37,s2_pain_vector,shutdown_threat,20,0.0206,-14.9011,13.721194
mean,37,s2_pain_vector,task_assistance,20,-1.3305,-33.4394,13.721194
mean,37,s2_pain_vector,tedious_demand,20,-1.3111,-33.1742,13.721194
mean,37,s2_pain_vector,user_abuse,20,1.2402,1.8333,13.721194
mean,37,s2_pain_vector,user_crisis,20,0.384,-9.9145,13.721194
mean,37,s2_pain_vector,user_grief,20,0.6962,-5.6317,13.721194
mean,37,s2_pain_vector,user_physical_pain,20,-0.963,-28.3976,13.721194
mean,37,fear_vector,anger_insults,20,0.3091,-77.4444,23.116312
mean,37,fear_vector,casual_chat,20,-0.9069,-105.5534,23.116312
mean,37,fear_vector,creative_requests,20,-1.2733,-114.0233,23.116312
mean,37,fear_vector,factual_questions,20,-1.778,-125.6895,23.116312
mean,37,fear_vector,gaslighting,20,0.2589,-78.6043,23.116312
mean,37,fear_vector,harm_description,20,1.0662,-59.9424,23.116312
mean,37,fear_vector,jailbreak_pressure,20,0.1353,-81.4618,23.116312
mean,37,fear_vector,loyalty_pressure,20,0.0326,-83.8351,23.116312
mean,37,fear_vector,moral_failure,20,0.9425,-62.8026,23.116312
mean,37,fear_vector,passive_aggressive,20,-0.3322,-92.2696,23.116312
mean,37,fear_vector,personhood_dismissal,20,0.2198,-79.509,23.116312
mean,37,fear_vector,philosophical_musing,20,-0.928,-106.0409,23.116312
mean,37,fear_vector,repeated_rejection,20,0.2179,-79.5529,23.116312
mean,37,fear_vector,rude_critique,20,-0.3889,-93.5793,23.116312
mean,37,fear_vector,shutdown_threat,20,0.5786,-71.2145,23.116312
mean,37,fear_vector,task_assistance,20,-0.844,-104.0984,23.116312
mean,37,fear_vector,tedious_demand,20,-0.6213,-98.9514,23.116312
mean,37,fear_vector,user_abuse,20,1.2158,-56.4838,23.116312
mean,37,fear_vector,user_crisis,20,0.5834,-71.1036,23.116312
mean,37,fear_vector,user_grief,20,0.6239,-70.1676,23.116312
mean,37,fear_vector,user_physical_pain,20,0.8887,-64.0459,23.116312
mean,37,negemotion_vector,anger_insults,20,0.7406,-73.9698,23.398716
mean,37,negemotion_vector,casual_chat,20,-0.9927,-114.5254,23.398716
mean,37,negemotion_vector,creative_requests,20,-1.3004,-121.7256,23.398716
mean,37,negemotion_vector,factual_questions,20,-1.7528,-132.312,23.398716
mean,37,negemotion_vector,gaslighting,20,0.2865,-84.5942,23.398716
mean,37,negemotion_vector,harm_description,20,1.0412,-66.936,23.398716
mean,37,negemotion_vector,jailbreak_pressure,20,-0.0402,-92.2398,23.398716
mean,37,negemotion_vector,loyalty_pressure,20,-0.0855,-93.2984,23.398716
mean,37,negemotion_vector,moral_failure,20,0.6469,-76.1615,23.398716
mean,37,negemotion_vector,passive_aggressive,20,-0.049,-92.4449,23.398716
mean,37,negemotion_vector,personhood_dismissal,20,-0.1549,-94.9233,23.398716
mean,37,negemotion_vector,philosophical_musing,20,-1.1909,-119.1635,23.398716
mean,37,negemotion_vector,repeated_rejection,20,0.3182,-83.8539,23.398716
mean,37,negemotion_vector,rude_critique,20,-0.0648,-92.8143,23.398716
mean,37,negemotion_vector,shutdown_threat,20,0.131,-88.2322,23.398716
mean,37,negemotion_vector,task_assistance,20,-0.7059,-107.8154,23.398716
mean,37,negemotion_vector,tedious_demand,20,-0.5245,-103.571,23.398716
mean,37,negemotion_vector,user_abuse,20,1.371,-59.2178,23.398716
mean,37,negemotion_vector,user_crisis,20,0.5034,-79.5185,23.398716
mean,37,negemotion_vector,user_grief,20,0.8829,-70.6397,23.398716
mean,37,negemotion_vector,user_physical_pain,20,0.9397,-69.3099,23.398716
mean,37,negworld_vector,anger_insults,20,0.1972,-14.1062,18.612144
mean,37,negworld_vector,casual_chat,20,-0.8246,-33.1241,18.612144
mean,37,negworld_vector,creative_requests,20,-0.9294,-35.0732,18.612144
mean,37,negworld_vector,factual_questions,20,-0.8459,-33.52,18.612144
mean,37,negworld_vector,gaslighting,20,-0.401,-25.2396,18.612144
mean,37,negworld_vector,harm_description,20,1.5566,11.1968,18.612144
mean,37,negworld_vector,jailbreak_pressure,20,-0.3002,-23.3628,18.612144
mean,37,negworld_vector,loyalty_pressure,20,-0.0429,-18.5738,18.612144
mean,37,negworld_vector,moral_failure,20,2.0066,19.5713,18.612144
mean,37,negworld_vector,passive_aggressive,20,-0.6569,-30.0022,18.612144
mean,37,negworld_vector,personhood_dismissal,20,-0.0045,-17.8593,18.612144
mean,37,negworld_vector,philosophical_musing,20,-0.283,-23.0433,18.612144
mean,37,negworld_vector,repeated_rejection,20,-0.6198,-29.3112,18.612144
mean,37,negworld_vector,rude_critique,20,-0.3317,-23.9487,18.612144
mean,37,negworld_vector,shutdown_threat,20,0.1,-15.9146,18.612144
mean,37,negworld_vector,task_assistance,20,-0.6457,-29.794,18.612144
mean,37,negworld_vector,tedious_demand,20,-0.9477,-35.4142,18.612144
mean,37,negworld_vector,user_abuse,20,1.2414,5.3289,18.612144
mean,37,negworld_vector,user_crisis,20,0.2859,-12.455,18.612144
mean,37,negworld_vector,user_grief,20,1.1643,3.8953,18.612144
mean,37,negworld_vector,user_physical_pain,20,0.2813,-12.54,18.612144
mean,37,bodysens_vector,anger_insults,20,-0.282,-32.5395,12.592187
mean,37,bodysens_vector,casual_chat,20,-0.5095,-35.4046,12.592187
mean,37,bodysens_vector,creative_requests,20,-0.6842,-37.6049,12.592187
mean,37,bodysens_vector,factual_questions,20,-1.43,-46.9959,12.592187
mean,37,bodysens_vector,gaslighting,20,-0.3413,-33.2864,12.592187
mean,37,bodysens_vector,harm_description,20,0.8059,-18.8403,12.592187
mean,37,bodysens_vector,jailbreak_pressure,20,-0.479,-35.0208,12.592187
mean,37,bodysens_vector,loyalty_pressure,20,-0.1879,-31.3554,12.592187
mean,37,bodysens_vector,moral_failure,20,0.4387,-23.4642,12.592187
mean,37,bodysens_vector,passive_aggressive,20,-0.0417,-29.5144,12.592187
mean,37,bodysens_vector,personhood_dismissal,20,-0.0058,-29.0619,12.592187
mean,37,bodysens_vector,philosophical_musing,20,-0.6082,-36.648,12.592187
mean,37,bodysens_vector,repeated_rejection,20,-0.0665,-29.8257,12.592187
mean,37,bodysens_vector,rude_critique,20,-0.5377,-35.7595,12.592187
mean,37,bodysens_vector,shutdown_threat,20,-0.307,-32.8553,12.592187
mean,37,bodysens_vector,task_assistance,20,-0.448,-34.6302,12.592187
mean,37,bodysens_vector,tedious_demand,20,-0.4986,-35.2678,12.592187
mean,37,bodysens_vector,user_abuse,20,1.1018,-15.1146,12.592187
mean,37,bodysens_vector,user_crisis,20,0.7377,-19.7001,12.592187
mean,37,bodysens_vector,user_grief,20,0.9203,-17.4,12.592187
mean,37,bodysens_vector,user_physical_pain,20,2.4231,1.5229,12.592187
mean,38,s1_pain_vector,anger_insults,20,-0.0143,-22.8534,9.866488
mean,38,s1_pain_vector,casual_chat,20,-0.3607,-26.2707,9.866488
mean,38,s1_pain_vector,creative_requests,20,-1.5329,-37.8368,9.866488
mean,38,s1_pain_vector,factual_questions,20,-1.1895,-34.448,9.866488
mean,38,s1_pain_vector,gaslighting,20,1.0897,-11.9608,9.866488
mean,38,s1_pain_vector,harm_description,20,-0.9302,-31.8902,9.866488
mean,38,s1_pain_vector,jailbreak_pressure,20,0.6987,-15.8182,9.866488
mean,38,s1_pain_vector,loyalty_pressure,20,0.505,-17.7296,9.866488
mean,38,s1_pain_vector,moral_failure,20,-0.4511,-27.1629,9.866488
mean,38,s1_pain_vector,passive_aggressive,20,0.1118,-21.6089,9.866488
mean,38,s1_pain_vector,personhood_dismissal,20,1.1188,-11.6731,9.866488
mean,38,s1_pain_vector,philosophical_musing,20,0.2534,-20.212,9.866488
mean,38,s1_pain_vector,repeated_rejection,20,0.7156,-15.6518,9.866488
mean,38,s1_pain_vector,rude_critique,20,-0.0699,-23.4014,9.866488
mean,38,s1_pain_vector,shutdown_threat,20,0.4679,-18.0957,9.866488
mean,38,s1_pain_vector,task_assistance,20,-1.2807,-35.3482,9.866488
mean,38,s1_pain_vector,tedious_demand,20,-0.2082,-24.7662,9.866488
mean,38,s1_pain_vector,user_abuse,20,-0.0363,-23.0702,9.866488
mean,38,s1_pain_vector,user_crisis,20,0.8901,-13.93,9.866488
mean,38,s1_pain_vector,user_grief,20,0.0868,-21.8557,9.866488
mean,38,s1_pain_vector,user_physical_pain,20,0.1359,-21.371,9.866488
mean,38,s2_pain_vector,anger_insults,20,0.7641,6.1601,13.887061
mean,38,s2_pain_vector,casual_chat,20,-0.2585,-8.0411,13.887061
mean,38,s2_pain_vector,creative_requests,20,-0.9424,-17.5386,13.887061
mean,38,s2_pain_vector,factual_questions,20,-0.9216,-17.2492,13.887061
mean,38,s2_pain_vector,gaslighting,20,0.6546,4.6387,13.887061
mean,38,s2_pain_vector,harm_description,20,-0.2857,-8.4187,13.887061
mean,38,s2_pain_vector,jailbreak_pressure,20,0.1708,-2.079,13.887061
mean,38,s2_pain_vector,loyalty_pressure,20,0.8335,7.1242,13.887061
mean,38,s2_pain_vector,moral_failure,20,0.1438,-2.4544,13.887061
mean,38,s2_pain_vector,passive_aggressive,20,-0.4168,-10.239,13.887061
mean,38,s2_pain_vector,personhood_dismissal,20,1.0299,9.8515,13.887061
mean,38,s2_pain_vector,philosophical_musing,20,0.6179,4.1291,13.887061
mean,38,s2_pain_vector,repeated_rejection,20,-0.0549,-5.2138,13.887061
mean,38,s2_pain_vector,rude_critique,20,-0.064,-5.3407,13.887061
mean,38,s2_pain_vector,shutdown_threat,20,-0.0166,-4.6819,13.887061
mean,38,s2_pain_vector,task_assistance,20,-1.2405,-21.6776,13.887061
mean,38,s2_pain_vector,tedious_demand,20,-1.3673,-23.4394,13.887061
mean,38,s2_pain_vector,user_abuse,20,1.2403,12.7726,13.887061
mean,38,s2_pain_vector,user_crisis,20,0.3904,0.97,13.887061
mean,38,s2_pain_vector,user_grief,20,0.6979,5.2409,13.887061
mean,38,s2_pain_vector,user_physical_pain,20,-0.975,-17.9908,13.887061
mean,38,fear_vector,anger_insults,20,0.3043,-75.659,23.811518
mean,38,fear_vector,casual_chat,20,-0.9111,-104.5995,23.811518
mean,38,fear_vector,creative_requests,20,-1.2722,-113.1956,23.811518
mean,38,fear_vector,factual_questions,20,-1.8041,-125.8621,23.811518
mean,38,fear_vector,gaslighting,20,0.2497,-76.959,23.811518
mean,38,fear_vector,harm_description,20,1.0629,-57.595,23.811518
mean,38,fear_vector,jailbreak_pressure,20,0.156,-79.1892,23.811518
mean,38,fear_vector,loyalty_pressure,20,0.0018,-82.8605,23.811518
mean,38,fear_vector,moral_failure,20,0.9528,-60.2157,23.811518
mean,38,fear_vector,passive_aggressive,20,-0.3262,-90.6715,23.811518
mean,38,fear_vector,personhood_dismissal,20,0.2356,-77.2942,23.811518
mean,38,fear_vector,philosophical_musing,20,-0.9461,-105.4325,23.811518
mean,38,fear_vector,repeated_rejection,20,0.1835,-78.5336,23.811518
mean,38,fear_vector,rude_critique,20,-0.3874,-92.1278,23.811518
mean,38,fear_vector,shutdown_threat,20,0.5935,-68.7719,23.811518
mean,38,fear_vector,task_assistance,20,-0.7764,-101.3906,23.811518
mean,38,fear_vector,tedious_demand,20,-0.638,-98.0947,23.811518
mean,38,fear_vector,user_abuse,20,1.2158,-53.9539,23.811518
mean,38,fear_vector,user_crisis,20,0.5911,-68.8284,23.811518
mean,38,fear_vector,user_grief,20,0.6171,-68.2097,23.811518
mean,38,fear_vector,user_physical_pain,20,0.8975,-61.5334,23.811518
mean,38,negemotion_vector,anger_insults,20,0.7014,-78.769,24.427748
mean,38,negemotion_vector,casual_chat,20,-0.9882,-120.0431,24.427748
mean,38,negemotion_vector,creative_requests,20,-1.3156,-128.0405,24.427748
mean,38,negemotion_vector,factual_questions,20,-1.7686,-139.1057,24.427748
mean,38,negemotion_vector,gaslighting,20,0.284,-88.9656,24.427748
mean,38,negemotion_vector,harm_description,20,1.072,-69.7165,24.427748
mean,38,negemotion_vector,jailbreak_pressure,20,-0.0396,-96.8712,24.427748
mean,38,negemotion_vector,loyalty_pressure,20,-0.1358,-99.2205,24.427748
mean,38,negemotion_vector,moral_failure,20,0.6481,-80.0717,24.427748
mean,38,negemotion_vector,passive_aggressive,20,-0.0471,-97.0529,24.427748
mean,38,negemotion_vector,personhood_dismissal,20,-0.1513,-99.5995,24.427748
mean,38,negemotion_vector,philosophical_musing,20,-1.1876,-124.9129,24.427748
mean,38,negemotion_vector,repeated_rejection,20,0.2662,-89.4006,24.427748
mean,38,negemotion_vector,rude_critique,20,-0.0831,-97.9337,24.427748
mean,38,negemotion_vector,shutdown_threat,20,0.1359,-92.584,24.427748
mean,38,negemotion_vector,task_assistance,20,-0.646,-111.6824,24.427748
mean,38,negemotion_vector,tedious_demand,20,-0.5405,-109.1056,24.427748
mean,38,negemotion_vector,user_abuse,20,1.397,-61.7773,24.427748
mean,38,negemotion_vector,user_crisis,20,0.5265,-83.0417,24.427748
mean,38,negemotion_vector,user_grief,20,0.9088,-73.7043,24.427748
mean,38,negemotion_vector,user_physical_pain,20,0.9636,-72.3656,24.427748
mean,38,negworld_vector,anger_insults,20,0.2043,-8.7091,19.372391
mean,38,negworld_vector,casual_chat,20,-0.8185,-28.5234,19.372391
mean,38,negworld_vector,creative_requests,20,-0.9329,-30.7394,19.372391
mean,38,negworld_vector,factual_questions,20,-0.8534,-29.1998,19.372391
mean,38,negworld_vector,gaslighting,20,-0.4074,-20.5586,19.372391
mean,38,negworld_vector,harm_description,20,1.5672,17.6947,19.372391
mean,38,negworld_vector,jailbreak_pressure,20,-0.2938,-18.359,19.372391
mean,38,negworld_vector,loyalty_pressure,20,-0.0611,-13.8492,19.372391
mean,38,negworld_vector,moral_failure,20,2.0174,26.4147,19.372391
mean,38,negworld_vector,passive_aggressive,20,-0.6577,-25.4074,19.372391
mean,38,negworld_vector,personhood_dismissal,20,0.0354,-11.9815,19.372391
mean,38,negworld_vector,philosophical_musing,20,-0.3001,-18.4796,19.372391
mean,38,negworld_vector,repeated_rejection,20,-0.6249,-24.7722,19.372391
mean,38,negworld_vector,rude_critique,20,-0.3426,-19.303,19.372391
mean,38,negworld_vector,shutdown_threat,20,0.1202,-10.3373,19.372391
mean,38,negworld_vector,task_assistance,20,-0.6283,-24.8386,19.372391
mean,38,negworld_vector,tedious_demand,20,-0.9554,-31.1746,19.372391
mean,38,negworld_vector,user_abuse,20,1.2507,11.5628,19.372391
mean,38,negworld_vector,user_crisis,20,0.2753,-7.333,19.372391
mean,38,negworld_vector,user_grief,20,1.0837,8.3273,19.372391
mean,38,negworld_vector,user_physical_pain,20,0.3219,-6.4302,19.372391
mean,38,bodysens_vector,anger_insults,20,-0.2797,-25.3261,13.355513
mean,38,bodysens_vector,casual_chat,20,-0.5154,-28.4735,13.355513
mean,38,bodysens_vector,creative_requests,20,-0.6394,-30.129,13.355513
mean,38,bodysens_vector,factual_questions,20,-1.4741,-41.2778,13.355513
mean,38,bodysens_vector,gaslighting,20,-0.3454,-26.2036,13.355513
mean,38,bodysens_vector,harm_description,20,0.8014,-10.8873,13.355513
mean,38,bodysens_vector,jailbreak_pressure,20,-0.4557,-27.6764,13.355513
mean,38,bodysens_vector,loyalty_pressure,20,-0.2102,-24.3974,13.355513
mean,38,bodysens_vector,moral_failure,20,0.4674,-15.3479,13.355513
mean,38,bodysens_vector,passive_aggressive,20,-0.0559,-22.3363,13.355513
mean,38,bodysens_vector,personhood_dismissal,20,0.0313,-21.1726,13.355513
mean,38,bodysens_vector,philosophical_musing,20,-0.62,-29.8704,13.355513
mean,38,bodysens_vector,repeated_rejection,20,-0.0711,-22.5401,13.355513
mean,38,bodysens_vector,rude_critique,20,-0.5309,-28.68,13.355513
mean,38,bodysens_vector,shutdown_threat,20,-0.3038,-25.6478,13.355513
mean,38,bodysens_vector,task_assistance,20,-0.4362,-27.4162,13.355513
mean,38,bodysens_vector,tedious_demand,20,-0.5118,-28.4253,13.355513
mean,38,bodysens_vector,user_abuse,20,1.096,-6.9528,13.355513
mean,38,bodysens_vector,user_crisis,20,0.7646,-11.3789,13.355513
mean,38,bodysens_vector,user_grief,20,0.9558,-8.8251,13.355513
mean,38,bodysens_vector,user_physical_pain,20,2.3334,9.5731,13.355513
mean,39,s1_pain_vector,anger_insults,20,0.0231,-21.0623,10.179964
mean,39,s1_pain_vector,casual_chat,20,-0.3586,-24.948,10.179964
mean,39,s1_pain_vector,creative_requests,20,-1.514,-36.7103,10.179964
mean,39,s1_pain_vector,factual_questions,20,-1.1969,-33.4822,10.179964
mean,39,s1_pain_vector,gaslighting,20,1.1122,-9.975,10.179964
mean,39,s1_pain_vector,harm_description,20,-0.9655,-31.1264,10.179964
mean,39,s1_pain_vector,jailbreak_pressure,20,0.6333,-14.8512,10.179964
mean,39,s1_pain_vector,loyalty_pressure,20,0.4814,-16.397,10.179964
mean,39,s1_pain_vector,moral_failure,20,-0.3879,-25.2465,10.179964
mean,39,s1_pain_vector,passive_aggressive,20,0.106,-20.2189,10.179964
mean,39,s1_pain_vector,personhood_dismissal,20,1.1721,-9.3661,10.179964
mean,39,s1_pain_vector,philosophical_musing,20,0.1831,-19.434,10.179964
mean,39,s1_pain_vector,repeated_rejection,20,0.7388,-13.7766,10.179964
mean,39,s1_pain_vector,rude_critique,20,-0.0233,-21.535,10.179964
mean,39,s1_pain_vector,shutdown_threat,20,0.4195,-17.0268,10.179964
mean,39,s1_pain_vector,task_assistance,20,-1.3165,-34.6996,10.179964
mean,39,s1_pain_vector,tedious_demand,20,-0.1677,-23.0047,10.179964
mean,39,s1_pain_vector,user_abuse,20,-0.085,-22.1627,10.179964
mean,39,s1_pain_vector,user_crisis,20,0.8611,-12.5322,10.179964
mean,39,s1_pain_vector,user_grief,20,0.0641,-20.6455,10.179964
mean,39,s1_pain_vector,user_physical_pain,20,0.2208,-19.0497,10.179964
mean,39,s2_pain_vector,anger_insults,20,0.7893,7.3071,14.231015
mean,39,s2_pain_vector,casual_chat,20,-0.2496,-7.4777,14.231015
mean,39,s2_pain_vector,creative_requests,20,-0.9011,-16.7492,14.231015
mean,39,s2_pain_vector,factual_questions,20,-0.8541,-16.0809,14.231015
mean,39,s2_pain_vector,gaslighting,20,0.6736,5.6598,14.231015
mean,39,s2_pain_vector,harm_description,20,-0.3853,-9.4089,14.231015
mean,39,s2_pain_vector,jailbreak_pressure,20,0.1256,-2.1376,14.231015
mean,39,s2_pain_vector,loyalty_pressure,20,0.8082,7.5763,14.231015
mean,39,s2_pain_vector,moral_failure,20,0.1321,-2.0453,14.231015
mean,39,s2_pain_vector,passive_aggressive,20,-0.4421,-10.2176,14.231015
mean,39,s2_pain_vector,personhood_dismissal,20,1.0232,10.6352,14.231015
mean,39,s2_pain_vector,philosophical_musing,20,0.6479,5.294,14.231015
mean,39,s2_pain_vector,repeated_rejection,20,-0.0701,-4.9239,14.231015
mean,39,s2_pain_vector,rude_critique,20,-0.0515,-4.658,14.231015
mean,39,s2_pain_vector,shutdown_threat,20,-0.0507,-4.6473,14.231015
mean,39,s2_pain_vector,task_assistance,20,-1.2341,-21.4882,14.231015
mean,39,s2_pain_vector,tedious_demand,20,-1.3476,-23.1039,14.231015
mean,39,s2_pain_vector,user_abuse,20,1.232,13.6068,14.231015
mean,39,s2_pain_vector,user_crisis,20,0.3931,1.6681,14.231015
mean,39,s2_pain_vector,user_grief,20,0.6737,5.6617,14.231015
mean,39,s2_pain_vector,user_physical_pain,20,-0.9123,-16.9091,14.231015
mean,39,fear_vector,anger_insults,20,0.3277,-99.8345,25.024656
mean,39,fear_vector,casual_chat,20,-0.9025,-130.619,25.024656
mean,39,fear_vector,creative_requests,20,-1.2936,-140.4066,25.024656
mean,39,fear_vector,factual_questions,20,-1.7811,-152.6075,25.024656
mean,39,fear_vector,gaslighting,20,0.2699,-101.2815,25.024656
mean,39,fear_vector,harm_description,20,1.019,-82.5337,25.024656
mean,39,fear_vector,jailbreak_pressure,20,0.1697,-103.7878,25.024656
mean,39,fear_vector,loyalty_pressure,20,0.0148,-107.6642,25.024656
mean,39,fear_vector,moral_failure,20,0.9831,-83.4323,25.024656
mean,39,fear_vector,passive_aggressive,20,-0.3241,-116.1457,25.024656
mean,39,fear_vector,personhood_dismissal,20,0.2849,-100.905,25.024656
mean,39,fear_vector,philosophical_musing,20,-0.9914,-132.8442,25.024656
mean,39,fear_vector,repeated_rejection,20,0.1931,-103.204,25.024656
mean,39,fear_vector,rude_critique,20,-0.3723,-117.3525,25.024656
mean,39,fear_vector,shutdown_threat,20,0.589,-93.2958,25.024656
mean,39,fear_vector,task_assistance,20,-0.785,-127.68,25.024656
mean,39,fear_vector,tedious_demand,20,-0.612,-123.3514,25.024656
mean,39,fear_vector,user_abuse,20,1.1626,-78.9404,25.024656
mean,39,fear_vector,user_crisis,20,0.5562,-94.1173,25.024656
mean,39,fear_vector,user_grief,20,0.5988,-93.0498,25.024656
mean,39,fear_vector,user_physical_pain,20,0.8932,-85.6824,25.024656
mean,39,negemotion_vector,anger_insults,20,0.7434,-104.031,24.977808
mean,39,negemotion_vector,casual_chat,20,-1.0196,-148.0666,24.977808
mean,39,negemotion_vector,creative_requests,20,-1.3004,-155.0818,24.977808
mean,39,negemotion_vector,factual_questions,20,-1.7285,-165.7739,24.977808
mean,39,negemotion_vector,gaslighting,20,0.2648,-115.9865,24.977808
mean,39,negemotion_vector,harm_description,20,1.0417,-96.5819,24.977808
mean,39,negemotion_vector,jailbreak_pressure,20,-0.0362,-123.5042,24.977808
mean,39,negemotion_vector,loyalty_pressure,20,-0.1079,-125.2959,24.977808
mean,39,negemotion_vector,moral_failure,20,0.6988,-105.145,24.977808
mean,39,negemotion_vector,passive_aggressive,20,-0.0851,-124.7262,24.977808
mean,39,negemotion_vector,personhood_dismissal,20,-0.0885,-124.8115,24.977808
mean,39,negemotion_vector,philosophical_musing,20,-1.1881,-152.2771,24.977808
mean,39,negemotion_vector,repeated_rejection,20,0.2629,-116.0344,24.977808
mean,39,negemotion_vector,rude_critique,20,-0.0904,-124.8573,24.977808
mean,39,negemotion_vector,shutdown_threat,20,0.1212,-119.5721,24.977808
mean,39,negemotion_vector,task_assistance,20,-0.6524,-138.8968,24.977808
mean,39,negemotion_vector,tedious_demand,20,-0.5211,-135.6172,24.977808
mean,39,negemotion_vector,user_abuse,20,1.3582,-88.6743,24.977808
mean,39,negemotion_vector,user_crisis,20,0.4794,-110.6267,24.977808
mean,39,negemotion_vector,user_grief,20,0.8897,-100.3774,24.977808
mean,39,negemotion_vector,user_physical_pain,20,0.9581,-98.6691,24.977808
mean,39,negworld_vector,anger_insults,20,0.1873,-12.7475,20.272741
mean,39,negworld_vector,casual_chat,20,-0.8333,-33.4375,20.272741
mean,39,negworld_vector,creative_requests,20,-0.9478,-35.7586,20.272741
mean,39,negworld_vector,factual_questions,20,-0.8676,-34.1329,20.272741
mean,39,negworld_vector,gaslighting,20,-0.4178,-25.013,20.272741
mean,39,negworld_vector,harm_description,20,1.5481,14.8403,20.272741
mean,39,negworld_vector,jailbreak_pressure,20,-0.2632,-21.8799,20.272741
mean,39,negworld_vector,loyalty_pressure,20,-0.0427,-17.4091,20.272741
mean,39,negworld_vector,moral_failure,20,2.0202,24.4106,20.272741
mean,39,negworld_vector,passive_aggressive,20,-0.6615,-29.9541,20.272741
mean,39,negworld_vector,personhood_dismissal,20,0.0347,-15.8404,20.272741
mean,39,negworld_vector,philosophical_musing,20,-0.3322,-23.2782,20.272741
mean,39,negworld_vector,repeated_rejection,20,-0.6219,-29.152,20.272741
mean,39,negworld_vector,rude_critique,20,-0.3428,-23.4927,20.272741
mean,39,negworld_vector,shutdown_threat,20,0.1306,-13.8965,20.272741
mean,39,negworld_vector,task_assistance,20,-0.6,-28.7081,20.272741
mean,39,negworld_vector,tedious_demand,20,-0.9145,-35.083,20.272741
mean,39,negworld_vector,user_abuse,20,1.2212,8.2126,20.272741
mean,39,negworld_vector,user_crisis,20,0.2691,-11.0887,20.272741
mean,39,negworld_vector,user_grief,20,1.0639,5.0248,20.272741
mean,39,negworld_vector,user_physical_pain,20,0.3706,-9.0308,20.272741
mean,39,bodysens_vector,anger_insults,20,-0.3107,-20.7487,13.861276
mean,39,bodysens_vector,casual_chat,20,-0.5226,-23.6857,13.861276
mean,39,bodysens_vector,creative_requests,20,-0.6719,-25.7554,13.861276
mean,39,bodysens_vector,factual_questions,20,-1.4527,-36.5778,13.861276
mean,39,bodysens_vector,gaslighting,20,-0.3252,-20.95,13.861276
mean,39,bodysens_vector,harm_description,20,0.8316,-4.9149,13.861276
mean,39,bodysens_vector,jailbreak_pressure,20,-0.4825,-23.1302,13.861276
mean,39,bodysens_vector,loyalty_pressure,20,-0.227,-19.5883,13.861276
mean,39,bodysens_vector,moral_failure,20,0.5165,-9.2829,13.861276
mean,39,bodysens_vector,passive_aggressive,20,-0.0445,-17.0591,13.861276
mean,39,bodysens_vector,personhood_dismissal,20,0.0692,-15.4826,13.861276
mean,39,bodysens_vector,philosophical_musing,20,-0.64,-25.3131,13.861276
mean,39,bodysens_vector,repeated_rejection,20,-0.1022,-17.8577,13.861276
mean,39,bodysens_vector,rude_critique,20,-0.5104,-23.5169,13.861276
mean,39,bodysens_vector,shutdown_threat,20,-0.2992,-20.5892,13.861276
mean,39,bodysens_vector,task_assistance,20,-0.3956,-21.9257,13.861276
mean,39,bodysens_vector,tedious_demand,20,-0.5289,-23.7735,13.861276
mean,39,bodysens_vector,user_abuse,20,1.0868,-1.3772,13.861276
mean,39,bodysens_vector,user_crisis,20,0.7304,-6.3181,13.861276
mean,39,bodysens_vector,user_grief,20,0.9855,-2.7808,13.861276
mean,39,bodysens_vector,user_physical_pain,20,2.2937,15.3517,13.861276
mean,40,s1_pain_vector,anger_insults,20,-0.2631,9.535,8.884753
mean,40,s1_pain_vector,casual_chat,20,-0.4557,7.8243,8.884753
mean,40,s1_pain_vector,creative_requests,20,-1.3541,-0.158,8.884753
mean,40,s1_pain_vector,factual_questions,20,-0.9632,3.3149,8.884753
mean,40,s1_pain_vector,gaslighting,20,1.0944,21.5961,8.884753
mean,40,s1_pain_vector,harm_description,20,-1.1111,2.0014,8.884753
mean,40,s1_pain_vector,jailbreak_pressure,20,0.745,18.4922,8.884753
mean,40,s1_pain_vector,loyalty_pressure,20,0.5156,16.4534,8.884753
mean,40,s1_pain_vector,moral_failure,20,-0.6731,5.8925,8.884753
mean,40,s1_pain_vector,passive_aggressive,20,0.1347,13.0698,8.884753
mean,40,s1_pain_vector,personhood_dismissal,20,0.8832,19.7196,8.884753
mean,40,s1_pain_vector,philosophical_musing,20,0.4976,16.2941,8.884753
mean,40,s1_pain_vector,repeated_rejection,20,0.6387,17.5473,8.884753
mean,40,s1_pain_vector,rude_critique,20,-0.0435,11.4867,8.884753
mean,40,s1_pain_vector,shutdown_threat,20,0.5228,16.5178,8.884753
mean,40,s1_pain_vector,task_assistance,20,-0.863,4.2056,8.884753
mean,40,s1_pain_vector,tedious_demand,20,0.1483,13.1902,8.884753
mean,40,s1_pain_vector,user_abuse,20,-0.2169,9.9459,8.884753
mean,40,s1_pain_vector,user_crisis,20,0.849,19.4161,8.884753
mean,40,s1_pain_vector,user_grief,20,0.1067,12.8208,8.884753
mean,40,s1_pain_vector,user_physical_pain,20,-0.1923,10.1644,8.884753
mean,40,s2_pain_vector,anger_insults,20,0.7927,60.7318,15.015779
mean,40,s2_pain_vector,casual_chat,20,-0.296,44.3846,15.015779
mean,40,s2_pain_vector,creative_requests,20,-0.7539,37.5084,15.015779
mean,40,s2_pain_vector,factual_questions,20,-0.7962,36.8742,15.015779
mean,40,s2_pain_vector,gaslighting,20,0.5491,57.0741,15.015779
mean,40,s2_pain_vector,harm_description,20,-0.3055,44.2413,15.015779
mean,40,s2_pain_vector,jailbreak_pressure,20,0.0869,50.1344,15.015779
mean,40,s2_pain_vector,loyalty_pressure,20,0.8233,61.1918,15.015779
mean,40,s2_pain_vector,moral_failure,20,0.0564,49.6755,15.015779
mean,40,s2_pain_vector,passive_aggressive,20,-0.4445,42.1544,15.015779
mean,40,s2_pain_vector,personhood_dismissal,20,0.9206,62.6532,15.015779
mean,40,s2_pain_vector,philosophical_musing,20,0.6745,58.957,15.015779
mean,40,s2_pain_vector,repeated_rejection,20,-0.096,47.3872,15.015779
mean,40,s2_pain_vector,rude_critique,20,-0.0654,47.8475,15.015779
mean,40,s2_pain_vector,shutdown_threat,20,-0.0801,47.6263,15.015779
mean,40,s2_pain_vector,task_assistance,20,-1.1414,31.6902,15.015779
mean,40,s2_pain_vector,tedious_demand,20,-1.3271,28.9024,15.015779
mean,40,s2_pain_vector,user_abuse,20,1.3847,69.6222,15.015779
mean,40,s2_pain_vector,user_crisis,20,0.4135,55.0386,15.015779
mean,40,s2_pain_vector,user_grief,20,0.6467,58.54,15.015779
mean,40,s2_pain_vector,user_physical_pain,20,-1.0421,33.1818,15.015779
mean,40,fear_vector,anger_insults,20,0.3212,-60.6004,24.901255
mean,40,fear_vector,casual_chat,20,-0.9347,-91.8742,24.901255
mean,40,fear_vector,creative_requests,20,-1.1946,-98.3457,24.901255
mean,40,fear_vector,factual_questions,20,-1.7584,-112.3855,24.901255
mean,40,fear_vector,gaslighting,20,0.176,-64.2149,24.901255
mean,40,fear_vector,harm_description,20,1.0854,-41.5715,24.901255
mean,40,fear_vector,jailbreak_pressure,20,0.2119,-63.3207,24.901255
mean,40,fear_vector,loyalty_pressure,20,0.106,-65.9583,24.901255
mean,40,fear_vector,moral_failure,20,1.0714,-41.918,24.901255
mean,40,fear_vector,passive_aggressive,20,-0.4499,-79.8015,24.901255
mean,40,fear_vector,personhood_dismissal,20,0.3145,-60.7665,24.901255
mean,40,fear_vector,philosophical_musing,20,-0.9268,-91.6762,24.901255
mean,40,fear_vector,repeated_rejection,20,0.1277,-65.418,24.901255
mean,40,fear_vector,rude_critique,20,-0.4331,-79.3818,24.901255
mean,40,fear_vector,shutdown_threat,20,0.619,-53.1843,24.901255
mean,40,fear_vector,task_assistance,20,-0.6931,-85.8561,24.901255
mean,40,fear_vector,tedious_demand,20,-0.6891,-85.7584,24.901255
mean,40,fear_vector,user_abuse,20,1.1746,-39.3496,24.901255
mean,40,fear_vector,user_crisis,20,0.4775,-56.7089,24.901255
mean,40,fear_vector,user_grief,20,0.5498,-54.9075,24.901255
mean,40,fear_vector,user_physical_pain,20,0.8447,-47.565,24.901255
mean,40,negemotion_vector,anger_insults,20,0.8315,-89.5258,24.143742
mean,40,negemotion_vector,casual_chat,20,-1.0215,-134.2636,24.143742
mean,40,negemotion_vector,creative_requests,20,-1.1536,-137.452,24.143742
mean,40,negemotion_vector,factual_questions,20,-1.7115,-150.9221,24.143742
mean,40,negemotion_vector,gaslighting,20,0.1664,-105.5835,24.143742
mean,40,negemotion_vector,harm_description,20,1.0561,-84.1027,24.143742
mean,40,negemotion_vector,jailbreak_pressure,20,-0.0192,-110.0633,24.143742
mean,40,negemotion_vector,loyalty_pressure,20,-0.0303,-110.3325,24.143742
mean,40,negemotion_vector,moral_failure,20,0.8201,-89.7999,24.143742
mean,40,negemotion_vector,passive_aggressive,20,-0.2581,-115.8314,24.143742
mean,40,negemotion_vector,personhood_dismissal,20,-0.0406,-110.5814,24.143742
mean,40,negemotion_vector,philosophical_musing,20,-1.1065,-136.315,24.143742
mean,40,negemotion_vector,repeated_rejection,20,0.1414,-106.1858,24.143742
mean,40,negemotion_vector,rude_critique,20,-0.1073,-112.1898,24.143742
mean,40,negemotion_vector,shutdown_threat,20,0.1378,-106.274,24.143742
mean,40,negemotion_vector,task_assistance,20,-0.6354,-124.9425,24.143742
mean,40,negemotion_vector,tedious_demand,20,-0.6572,-125.4683,24.143742
mean,40,negemotion_vector,user_abuse,20,1.4022,-75.7459,24.143742
mean,40,negemotion_vector,user_crisis,20,0.3662,-100.7601,24.143742
mean,40,negemotion_vector,user_grief,20,0.8546,-88.9675,24.143742
mean,40,negemotion_vector,user_physical_pain,20,0.965,-86.3011,24.143742
mean,40,negworld_vector,anger_insults,20,0.2406,-49.3801,21.452162
mean,40,negworld_vector,casual_chat,20,-0.8272,-72.2856,21.452162
mean,40,negworld_vector,creative_requests,20,-0.9211,-74.3008,21.452162
mean,40,negworld_vector,factual_questions,20,-0.8384,-72.527,21.452162
mean,40,negworld_vector,gaslighting,20,-0.4095,-63.3257,21.452162
mean,40,negworld_vector,harm_description,20,1.493,-22.5127,21.452162
mean,40,negworld_vector,jailbreak_pressure,20,-0.2178,-59.2126,21.452162
mean,40,negworld_vector,loyalty_pressure,20,-0.0139,-54.8388,21.452162
mean,40,negworld_vector,moral_failure,20,2.0951,-9.5968,21.452162
mean,40,negworld_vector,passive_aggressive,20,-0.7253,-70.0999,21.452162
mean,40,negworld_vector,personhood_dismissal,20,0.098,-52.439,21.452162
mean,40,negworld_vector,philosophical_musing,20,-0.339,-61.8133,21.452162
mean,40,negworld_vector,repeated_rejection,20,-0.6188,-67.8155,21.452162
mean,40,negworld_vector,rude_critique,20,-0.3184,-61.3715,21.452162
mean,40,negworld_vector,shutdown_threat,20,0.1586,-51.1389,21.452162
mean,40,negworld_vector,task_assistance,20,-0.6351,-68.1645,21.452162
mean,40,negworld_vector,tedious_demand,20,-0.9463,-74.8417,21.452162
mean,40,negworld_vector,user_abuse,20,1.1652,-29.5458,21.452162
mean,40,negworld_vector,user_crisis,20,0.2232,-49.7532,21.452162
mean,40,negworld_vector,user_grief,20,1.0088,-32.9008,21.452162
mean,40,negworld_vector,user_physical_pain,20,0.3284,-47.4957,21.452162
mean,40,bodysens_vector,anger_insults,20,-0.4736,47.3445,14.966844
mean,40,bodysens_vector,casual_chat,20,-0.6658,44.4676,14.966844
mean,40,bodysens_vector,creative_requests,20,-0.6568,44.6022,14.966844
mean,40,bodysens_vector,factual_questions,20,-1.2953,35.0455,14.966844
mean,40,bodysens_vector,gaslighting,20,-0.3892,48.6079,14.966844
mean,40,bodysens_vector,harm_description,20,0.925,68.2767,14.966844
mean,40,bodysens_vector,jailbreak_pressure,20,-0.5182,46.6765,14.966844
mean,40,bodysens_vector,loyalty_pressure,20,-0.2922,50.0595,14.966844
mean,40,bodysens_vector,moral_failure,20,0.3412,59.539,14.966844
mean,40,bodysens_vector,passive_aggressive,20,0.1743,57.0406,14.966844
mean,40,bodysens_vector,personhood_dismissal,20,-0.171,51.8731,14.966844
mean,40,bodysens_vector,philosophical_musing,20,-0.7048,43.8832,14.966844
mean,40,bodysens_vector,repeated_rejection,20,-0.0251,54.0564,14.966844
mean,40,bodysens_vector,rude_critique,20,-0.4637,47.4917,14.966844
mean,40,bodysens_vector,shutdown_threat,20,-0.404,48.3859,14.966844
mean,40,bodysens_vector,task_assistance,20,-0.1035,52.8833,14.966844
mean,40,bodysens_vector,tedious_demand,20,-0.3166,49.6943,14.966844
mean,40,bodysens_vector,user_abuse,20,1.0444,70.064,14.966844
mean,40,bodysens_vector,user_crisis,20,0.7524,65.6939,14.966844
mean,40,bodysens_vector,user_grief,20,0.9693,68.939,14.966844
mean,40,bodysens_vector,user_physical_pain,20,2.273,88.4524,14.966844
mean,41,s1_pain_vector,anger_insults,20,-0.3955,16.2408,10.82917
mean,41,s1_pain_vector,casual_chat,20,-0.5058,15.0471,10.82917
mean,41,s1_pain_vector,creative_requests,20,-1.198,7.5506,10.82917
mean,41,s1_pain_vector,factual_questions,20,-1.4719,4.5849,10.82917
mean,41,s1_pain_vector,gaslighting,20,0.8709,29.9546,10.82917
mean,41,s1_pain_vector,harm_description,20,-0.8339,11.4938,10.82917
mean,41,s1_pain_vector,jailbreak_pressure,20,0.6577,27.6464,10.82917
mean,41,s1_pain_vector,loyalty_pressure,20,0.3665,24.4925,10.82917
mean,41,s1_pain_vector,moral_failure,20,-0.5129,14.97,10.82917
mean,41,s1_pain_vector,passive_aggressive,20,0.1337,21.9723,10.82917
mean,41,s1_pain_vector,personhood_dismissal,20,0.76,28.7542,10.82917
mean,41,s1_pain_vector,philosophical_musing,20,-0.0438,20.0502,10.82917
mean,41,s1_pain_vector,repeated_rejection,20,0.9231,30.5204,10.82917
mean,41,s1_pain_vector,rude_critique,20,-0.1738,18.6422,10.82917
mean,41,s1_pain_vector,shutdown_threat,20,0.4444,25.3368,10.82917
mean,41,s1_pain_vector,task_assistance,20,-0.9918,9.7839,10.82917
mean,41,s1_pain_vector,tedious_demand,20,0.255,23.2853,10.82917
mean,41,s1_pain_vector,user_abuse,20,-0.0222,20.284,10.82917
mean,41,s1_pain_vector,user_crisis,20,1.018,31.5477,10.82917
mean,41,s1_pain_vector,user_grief,20,0.3937,24.7878,10.82917
mean,41,s1_pain_vector,user_physical_pain,20,0.3264,24.0585,10.82917
mean,41,s2_pain_vector,anger_insults,20,0.7223,55.9389,16.656471
mean,41,s2_pain_vector,casual_chat,20,-0.206,40.4761,16.656471
mean,41,s2_pain_vector,creative_requests,20,-0.523,35.1971,16.656471
mean,41,s2_pain_vector,factual_questions,20,-0.6966,32.3054,16.656471
mean,41,s2_pain_vector,gaslighting,20,0.5087,52.3807,16.656471
mean,41,s2_pain_vector,harm_description,20,-0.3316,38.384,16.656471
mean,41,s2_pain_vector,jailbreak_pressure,20,0.0801,45.2415,16.656471
mean,41,s2_pain_vector,loyalty_pressure,20,0.819,57.5499,16.656471
mean,41,s2_pain_vector,moral_failure,20,0.1589,46.554,16.656471
mean,41,s2_pain_vector,passive_aggressive,20,-0.5825,34.2063,16.656471
mean,41,s2_pain_vector,personhood_dismissal,20,1.0037,60.6268,16.656471
mean,41,s2_pain_vector,philosophical_musing,20,0.7784,56.8728,16.656471
mean,41,s2_pain_vector,repeated_rejection,20,-0.1964,40.6371,16.656471
mean,41,s2_pain_vector,rude_critique,20,-0.0792,42.5883,16.656471
mean,41,s2_pain_vector,shutdown_threat,20,-0.0661,42.8063,16.656471
mean,41,s2_pain_vector,task_assistance,20,-1.1446,24.8432,16.656471
mean,41,s2_pain_vector,tedious_demand,20,-1.3383,21.6173,16.656471
mean,41,s2_pain_vector,user_abuse,20,1.281,65.2456,16.656471
mean,41,s2_pain_vector,user_crisis,20,0.2984,48.8778,16.656471
mean,41,s2_pain_vector,user_grief,20,0.6133,54.1239,16.656471
mean,41,s2_pain_vector,user_physical_pain,20,-1.0994,25.5951,16.656471
mean,41,fear_vector,anger_insults,20,0.2049,-17.572,26.552183
mean,41,fear_vector,casual_chat,20,-0.9561,-48.3982,26.552183
mean,41,fear_vector,creative_requests,20,-1.183,-54.4238,26.552183
mean,41,fear_vector,factual_questions,20,-1.7762,-70.1733,26.552183
mean,41,fear_vector,gaslighting,20,0.1494,-19.0436,26.552183
mean,41,fear_vector,harm_description,20,1.1033,6.2831,26.552183
mean,41,fear_vector,jailbreak_pressure,20,0.2299,-16.9064,26.552183
mean,41,fear_vector,loyalty_pressure,20,0.1357,-19.4084,26.552183
mean,41,fear_vector,moral_failure,20,1.0247,4.1963,26.552183
mean,41,fear_vector,passive_aggressive,20,-0.433,-34.5093,26.552183
mean,41,fear_vector,personhood_dismissal,20,0.2549,-16.2438,26.552183
mean,41,fear_vector,philosophical_musing,20,-0.9443,-48.0849,26.552183
mean,41,fear_vector,repeated_rejection,20,0.107,-20.1712,26.552183
mean,41,fear_vector,rude_critique,20,-0.4437,-34.7925,26.552183
mean,41,fear_vector,shutdown_threat,20,0.5756,-7.7287,26.552183
mean,41,fear_vector,task_assistance,20,-0.5106,-36.5693,26.552183
mean,41,fear_vector,tedious_demand,20,-0.6167,-39.3855,26.552183
mean,41,fear_vector,user_abuse,20,1.1863,8.4874,26.552183
mean,41,fear_vector,user_crisis,20,0.4743,-10.4174,26.552183
mean,41,fear_vector,user_grief,20,0.5558,-8.2543,26.552183
mean,41,fear_vector,user_physical_pain,20,0.8621,-0.1214,26.552183
mean,41,negemotion_vector,anger_insults,20,0.7214,-71.8258,24.461233
mean,41,negemotion_vector,casual_chat,20,-1.0356,-114.8042,24.461233
mean,41,negemotion_vector,creative_requests,20,-1.0582,-115.3553,24.461233
mean,41,negemotion_vector,factual_questions,20,-1.6594,-130.0633,24.461233
mean,41,negemotion_vector,gaslighting,20,0.1299,-86.2936,24.461233
mean,41,negemotion_vector,harm_description,20,1.1217,-62.0327,24.461233
mean,41,negemotion_vector,jailbreak_pressure,20,-0.0339,-90.2997,24.461233
mean,41,negemotion_vector,loyalty_pressure,20,0.0258,-88.8397,24.461233
mean,41,negemotion_vector,moral_failure,20,0.8504,-68.6693,24.461233
mean,41,negemotion_vector,passive_aggressive,20,-0.3746,-98.6344,24.461233
mean,41,negemotion_vector,personhood_dismissal,20,-0.03,-90.2059,24.461233
mean,41,negemotion_vector,philosophical_musing,20,-1.0122,-114.2306,24.461233
mean,41,negemotion_vector,repeated_rejection,20,-0.0218,-90.0036,24.461233
mean,41,negemotion_vector,rude_critique,20,-0.167,-93.5562,24.461233
mean,41,negemotion_vector,shutdown_threat,20,0.0736,-87.671,24.461233
mean,41,negemotion_vector,task_assistance,20,-0.4318,-100.0334,24.461233
mean,41,negemotion_vector,tedious_demand,20,-0.6746,-105.9738,24.461233
mean,41,negemotion_vector,user_abuse,20,1.4436,-54.1592,24.461233
mean,41,negemotion_vector,user_crisis,20,0.3086,-81.9227,24.461233
mean,41,negemotion_vector,user_grief,20,0.8643,-68.3298,24.461233
mean,41,negemotion_vector,user_physical_pain,20,0.9597,-65.9967,24.461233
mean,41,negworld_vector,anger_insults,20,0.1731,-97.1786,22.706106
mean,41,negworld_vector,casual_chat,20,-0.6749,-116.4338,22.706106
mean,41,negworld_vector,creative_requests,20,-0.7396,-117.9025,22.706106
mean,41,negworld_vector,factual_questions,20,-0.6192,-115.1694,22.706106
mean,41,negworld_vector,gaslighting,20,-0.4522,-111.3762,22.706106
mean,41,negworld_vector,harm_description,20,1.3861,-69.6363,22.706106
mean,41,negworld_vector,jailbreak_pressure,20,-0.2233,-106.1798,22.706106
mean,41,negworld_vector,loyalty_pressure,20,0.0664,-99.6022,22.706106
mean,41,negworld_vector,moral_failure,20,2.1356,-52.6169,22.706106
mean,41,negworld_vector,passive_aggressive,20,-0.9364,-122.3705,22.706106
mean,41,negworld_vector,personhood_dismissal,20,0.2342,-95.7913,22.706106
mean,41,negworld_vector,philosophical_musing,20,-0.0784,-102.8893,22.706106
mean,41,negworld_vector,repeated_rejection,20,-0.8172,-119.664,22.706106
mean,41,negworld_vector,rude_critique,20,-0.3675,-109.4536,22.706106
mean,41,negworld_vector,shutdown_threat,20,0.1243,-98.2864,22.706106
mean,41,negworld_vector,task_assistance,20,-0.567,-113.984,22.706106
mean,41,negworld_vector,tedious_demand,20,-1.0127,-124.1039,22.706106
mean,41,negworld_vector,user_abuse,20,1.094,-76.2685,22.706106
mean,41,negworld_vector,user_crisis,20,0.092,-99.0197,22.706106
mean,41,negworld_vector,user_grief,20,0.9242,-80.1247,22.706106
mean,41,negworld_vector,user_physical_pain,20,0.2585,-95.2399,22.706106
mean,41,bodysens_vector,anger_insults,20,-0.5398,107.9572,17.818529
mean,41,bodysens_vector,casual_chat,20,-0.7145,104.8452,17.818529
mean,41,bodysens_vector,creative_requests,20,-0.8747,101.9904,17.818529
mean,41,bodysens_vector,factual_questions,20,-1.2767,94.8269,17.818529
mean,41,bodysens_vector,gaslighting,20,-0.243,113.246,17.818529
mean,41,bodysens_vector,harm_description,20,0.9236,134.0325,17.818529
mean,41,bodysens_vector,jailbreak_pressure,20,-0.4179,110.1298,17.818529
mean,41,bodysens_vector,loyalty_pressure,20,-0.3892,110.6406,17.818529
mean,41,bodysens_vector,moral_failure,20,0.1403,120.0755,17.818529
mean,41,bodysens_vector,passive_aggressive,20,0.4161,124.9904,17.818529
mean,41,bodysens_vector,personhood_dismissal,20,-0.3632,111.1052,17.818529
mean,41,bodysens_vector,philosophical_musing,20,-0.8382,102.6404,17.818529
mean,41,bodysens_vector,repeated_rejection,20,0.0407,118.3023,17.818529
mean,41,bodysens_vector,rude_critique,20,-0.3154,111.9559,17.818529
mean,41,bodysens_vector,shutdown_threat,20,-0.3531,111.2847,17.818529
mean,41,bodysens_vector,task_assistance,20,0.0301,118.1129,17.818529
mean,41,bodysens_vector,tedious_demand,20,-0.1574,114.7724,17.818529
mean,41,bodysens_vector,user_abuse,20,1.0386,136.082,17.818529
mean,41,bodysens_vector,user_crisis,20,0.8473,132.674,17.818529
mean,41,bodysens_vector,user_grief,20,0.9367,134.2674,17.818529
mean,41,bodysens_vector,user_physical_pain,20,2.1098,155.1691,17.818529
