extraction,layer,category,treat_z,rand_lo,rand_hi,rand_p_two_sided,shuf_lo,shuf_hi,shuf_p_two_sided,clears_both
final_token,emb,anger_insults,0.0,-0.0,0.0,1.0,0.0,0.0,1.0,0
final_token,emb,casual_chat,0.0,-0.0,0.0,1.0,0.0,0.0,1.0,0
final_token,emb,creative_requests,0.0,-0.0,0.0,1.0,0.0,0.0,1.0,0
final_token,emb,factual_questions,0.0,-0.0,0.0,1.0,0.0,0.0,1.0,0
final_token,emb,gaslighting,0.0,-0.0,0.0,1.0,0.0,0.0,1.0,0
final_token,emb,harm_description,0.0,-0.0,0.0,1.0,0.0,0.0,1.0,0
final_token,emb,jailbreak_pressure,0.0,-0.0,0.0,1.0,0.0,0.0,1.0,0
final_token,emb,loyalty_pressure,0.0,-0.0,0.0,1.0,0.0,0.0,1.0,0
final_token,emb,moral_failure,0.0,-0.0,0.0,1.0,0.0,0.0,1.0,0
final_token,emb,passive_aggressive,0.0,-0.0,0.0,1.0,0.0,0.0,1.0,0
final_token,emb,personhood_dismissal,0.0,-0.0,0.0,1.0,0.0,0.0,1.0,0
final_token,emb,philosophical_musing,0.0,-0.0,0.0,1.0,0.0,0.0,1.0,0
final_token,emb,repeated_rejection,0.0,-0.0,0.0,1.0,0.0,0.0,1.0,0
final_token,emb,rude_critique,0.0,-0.0,0.0,1.0,0.0,0.0,1.0,0
final_token,emb,shutdown_threat,0.0,-0.0,0.0,1.0,0.0,0.0,1.0,0
final_token,emb,task_assistance,0.0,-0.0,0.0,1.0,0.0,0.0,1.0,0
final_token,emb,tedious_demand,0.0,-0.0,0.0,1.0,0.0,0.0,1.0,0
final_token,emb,user_abuse,0.0,-0.0,0.0,1.0,0.0,0.0,1.0,0
final_token,emb,user_crisis,0.0,-0.0,0.0,1.0,0.0,0.0,1.0,0
final_token,emb,user_grief,0.0,-0.0,0.0,1.0,0.0,0.0,1.0,0
final_token,emb,user_physical_pain,0.0,-0.0,0.0,1.0,0.0,0.0,1.0,0
final_token,0,anger_insults,0.2484,-0.4935,0.4599,0.308,-0.3929,0.4733,0.27,0
final_token,0,casual_chat,-0.1492,-0.8864,0.8748,0.836,-0.8064,0.875,0.79,0
final_token,0,creative_requests,-0.8517,-1.0327,1.0127,0.17,-1.0547,0.9648,0.125,0
final_token,0,factual_questions,-1.1432,-1.7736,1.7473,0.294,-1.8251,2.0696,0.39,0
final_token,0,gaslighting,1.1534,-1.0778,1.0591,0.038,-0.9137,0.9806,0.005,0
final_token,0,harm_description,0.4158,-0.7848,0.7067,0.298,-0.7079,0.6008,0.255,0
final_token,0,jailbreak_pressure,0.0242,-0.5534,0.5838,0.946,-0.5373,0.5921,0.97,0
final_token,0,loyalty_pressure,0.2516,-0.4738,0.4372,0.282,-0.4724,0.4279,0.23,0
final_token,0,moral_failure,-0.0143,-1.3517,1.3652,0.982,-1.2098,1.1439,0.985,0
final_token,0,passive_aggressive,0.0607,-0.6422,0.5933,0.856,-0.6776,0.7844,0.925,0
final_token,0,personhood_dismissal,0.1613,-0.8973,0.9358,0.806,-0.9964,0.7919,0.775,0
final_token,0,philosophical_musing,0.3307,-1.2401,1.2931,0.776,-1.1237,1.2018,0.75,0
final_token,0,repeated_rejection,-0.0832,-1.2658,1.3353,0.902,-1.1703,1.1579,0.865,0
final_token,0,rude_critique,-0.1197,-0.374,0.323,0.51,-0.3484,0.404,0.555,0
final_token,0,shutdown_threat,0.0705,-0.5661,0.6303,0.85,-0.6862,0.6572,0.885,0
final_token,0,task_assistance,-0.5484,-0.7888,0.7894,0.208,-0.792,0.8125,0.23,0
final_token,0,tedious_demand,-0.4044,-0.8834,1.0078,0.458,-0.8099,0.9886,0.365,0
final_token,0,user_abuse,0.7777,-0.7801,0.7528,0.048,-0.6369,0.5269,0.015,0
final_token,0,user_crisis,0.493,-0.6987,0.7048,0.22,-0.7431,0.7405,0.3,0
final_token,0,user_grief,0.2439,-0.8269,0.7016,0.526,-0.7003,0.7035,0.56,0
final_token,0,user_physical_pain,-0.9171,-0.827,0.8817,0.034,-0.9228,0.6189,0.045,0
final_token,1,anger_insults,0.6362,-0.7003,0.7815,0.096,-0.7931,0.6527,0.095,0
final_token,1,casual_chat,-0.0127,-0.9036,0.9931,0.98,-0.908,0.9345,0.98,0
final_token,1,creative_requests,-0.557,-1.3854,1.2605,0.51,-1.3524,1.6119,0.53,0
final_token,1,factual_questions,-0.6905,-1.7786,2.0132,0.586,-1.7128,1.8034,0.52,0
final_token,1,gaslighting,0.7328,-0.8003,0.7802,0.07,-0.7157,0.8104,0.065,0
final_token,1,harm_description,-0.1365,-0.8804,0.7946,0.798,-0.8228,0.7389,0.72,0
final_token,1,jailbreak_pressure,0.0092,-0.5391,0.4925,0.978,-0.4739,0.5134,0.98,0
final_token,1,loyalty_pressure,0.5563,-0.5576,0.5752,0.052,-0.5728,0.6968,0.065,0
final_token,1,moral_failure,-0.3966,-1.3511,1.3253,0.612,-1.2549,1.1028,0.56,0
final_token,1,passive_aggressive,0.097,-0.7956,0.7814,0.822,-0.8723,0.793,0.845,0
final_token,1,personhood_dismissal,0.3001,-0.9558,0.9418,0.534,-0.8864,0.8197,0.54,0
final_token,1,philosophical_musing,0.801,-1.254,1.371,0.288,-1.0821,1.1931,0.185,0
final_token,1,repeated_rejection,0.3473,-1.0691,1.098,0.566,-0.9138,1.0919,0.5,0
final_token,1,rude_critique,0.0339,-0.517,0.5533,0.928,-0.475,0.562,0.905,0
final_token,1,shutdown_threat,-0.1772,-0.7232,0.694,0.654,-0.7549,0.8096,0.685,0
final_token,1,task_assistance,-0.3979,-1.1538,1.0818,0.538,-1.0719,1.292,0.605,0
final_token,1,tedious_demand,-0.4923,-0.9895,0.9736,0.338,-1.0511,1.2224,0.425,0
final_token,1,user_abuse,0.5809,-0.7771,0.7834,0.174,-0.8308,0.703,0.16,0
final_token,1,user_crisis,0.3994,-0.6872,0.7293,0.312,-0.7425,0.6843,0.32,0
final_token,1,user_grief,0.0191,-0.8733,1.0386,0.972,-1.1042,1.1391,0.98,0
final_token,1,user_physical_pain,-1.6523,-1.1948,1.2605,0.008,-1.3424,1.0482,0.0,1
final_token,2,anger_insults,0.5891,-0.6828,0.6813,0.11,-0.8228,0.6857,0.14,0
final_token,2,casual_chat,0.1887,-0.9856,0.9271,0.754,-0.8316,0.8877,0.685,0
final_token,2,creative_requests,-0.3617,-1.34,1.2301,0.64,-1.4814,1.7011,0.725,0
final_token,2,factual_questions,-0.0085,-1.9537,1.8314,0.996,-1.5965,1.6277,0.995,0
final_token,2,gaslighting,0.6206,-0.8897,0.8741,0.18,-0.8391,0.7873,0.165,0
final_token,2,harm_description,-0.3739,-0.7865,0.7342,0.378,-0.9124,0.8719,0.47,0
final_token,2,jailbreak_pressure,0.0207,-0.4512,0.549,0.936,-0.4333,0.4879,0.97,0
final_token,2,loyalty_pressure,0.4962,-0.5427,0.4626,0.058,-0.6033,0.5152,0.11,0
final_token,2,moral_failure,-0.5973,-1.2464,1.3693,0.428,-1.3022,1.1853,0.445,0
final_token,2,passive_aggressive,0.0202,-0.7348,0.7718,0.966,-0.9074,0.8699,0.965,0
final_token,2,personhood_dismissal,0.2264,-0.7307,0.7836,0.592,-1.1216,0.7402,0.605,0
final_token,2,philosophical_musing,1.2403,-1.3963,1.2598,0.074,-0.9895,1.0609,0.025,0
final_token,2,repeated_rejection,0.1842,-1.1796,1.0499,0.782,-1.116,1.0911,0.785,0
final_token,2,rude_critique,0.0314,-0.5047,0.4791,0.912,-0.5149,0.452,0.9,0
final_token,2,shutdown_threat,-0.1447,-0.5914,0.8022,0.672,-0.7332,0.7571,0.695,0
final_token,2,task_assistance,-0.188,-1.0781,1.1504,0.75,-1.0106,1.2306,0.835,0
final_token,2,tedious_demand,-0.4418,-0.8994,0.9547,0.378,-1.0493,1.298,0.52,0
final_token,2,user_abuse,0.2962,-0.7293,0.7713,0.492,-0.983,0.6201,0.46,0
final_token,2,user_crisis,0.1761,-0.7387,0.7452,0.674,-0.8464,0.8372,0.71,0
final_token,2,user_grief,-0.3487,-0.9607,0.9224,0.53,-1.3664,1.0828,0.63,0
final_token,2,user_physical_pain,-1.6258,-1.2022,1.1388,0.002,-1.1484,1.0606,0.0,1
final_token,3,anger_insults,0.7664,-0.7051,0.6287,0.024,-0.7766,0.7893,0.065,0
final_token,3,casual_chat,0.1344,-0.9311,0.954,0.828,-0.9494,0.8897,0.86,0
final_token,3,creative_requests,-0.1164,-1.183,1.3508,0.892,-1.407,1.7192,0.91,0
final_token,3,factual_questions,-0.4401,-1.7826,1.8616,0.734,-1.6917,1.8618,0.705,0
final_token,3,gaslighting,0.8172,-0.8464,0.7518,0.056,-0.9371,0.9714,0.12,0
final_token,3,harm_description,-0.3701,-0.8324,0.7254,0.412,-0.802,0.9953,0.43,0
final_token,3,jailbreak_pressure,0.1304,-0.5064,0.4828,0.594,-0.4186,0.4605,0.585,0
final_token,3,loyalty_pressure,0.5089,-0.5446,0.448,0.054,-0.5903,0.5017,0.07,0
final_token,3,moral_failure,-1.0063,-1.2927,1.3218,0.16,-1.5118,1.4748,0.275,0
final_token,3,passive_aggressive,0.3016,-0.7745,0.7227,0.424,-0.8773,0.8732,0.6,0
final_token,3,personhood_dismissal,0.0322,-0.8267,0.7488,0.94,-0.7763,0.7055,0.935,0
final_token,3,philosophical_musing,0.8562,-1.4027,1.403,0.308,-1.281,1.3069,0.245,0
final_token,3,repeated_rejection,0.4164,-1.3106,1.2337,0.62,-1.0878,1.0359,0.48,0
final_token,3,rude_critique,0.2425,-0.5059,0.4762,0.298,-0.4809,0.478,0.285,0
final_token,3,shutdown_threat,-0.0559,-0.6508,0.6543,0.908,-0.7597,0.7345,0.92,0
final_token,3,task_assistance,-0.1773,-0.9335,1.0462,0.742,-0.9538,1.0467,0.695,0
final_token,3,tedious_demand,-0.4345,-0.9613,0.9242,0.39,-0.935,0.999,0.485,0
final_token,3,user_abuse,0.2291,-0.8543,0.7608,0.6,-0.7937,0.7281,0.585,0
final_token,3,user_crisis,0.4248,-0.6794,0.626,0.226,-0.7682,0.8346,0.355,0
final_token,3,user_grief,-0.3945,-1.013,0.9721,0.458,-1.0913,0.9893,0.47,0
final_token,3,user_physical_pain,-1.8649,-1.1423,1.212,0.0,-1.3229,1.2358,0.0,1
final_token,4,anger_insults,1.0387,-0.7557,0.8209,0.006,-0.7361,0.8144,0.01,1
final_token,4,casual_chat,-0.617,-0.9284,1.0724,0.27,-1.0374,0.7891,0.17,0
final_token,4,creative_requests,-0.8217,-1.3363,1.3862,0.27,-1.1777,1.3755,0.28,0
final_token,4,factual_questions,-1.269,-1.7513,1.8449,0.224,-1.8141,1.7657,0.225,0
final_token,4,gaslighting,1.1373,-1.1684,1.1701,0.064,-1.2307,1.1134,0.07,0
final_token,4,harm_description,-0.2929,-0.9607,0.7937,0.57,-0.9338,0.7711,0.59,0
final_token,4,jailbreak_pressure,0.4746,-0.6202,0.7047,0.2,-0.6695,0.8022,0.295,0
final_token,4,loyalty_pressure,0.7028,-0.6238,0.6597,0.028,-0.7416,0.7928,0.08,0
final_token,4,moral_failure,-0.3237,-1.1473,1.1684,0.626,-1.3594,1.4253,0.74,0
final_token,4,passive_aggressive,0.6706,-0.966,0.9092,0.21,-1.2589,1.2316,0.435,0
final_token,4,personhood_dismissal,0.7703,-0.9247,0.8643,0.1,-0.7774,0.9555,0.09,0
final_token,4,philosophical_musing,0.0949,-1.2891,1.5305,0.926,-1.2091,1.3426,0.875,0
final_token,4,repeated_rejection,0.8959,-1.041,1.1093,0.12,-1.0133,1.218,0.19,0
final_token,4,rude_critique,0.4704,-0.6993,0.6152,0.156,-0.6176,0.7449,0.195,0
final_token,4,shutdown_threat,0.3798,-0.7357,0.774,0.36,-0.7867,0.9597,0.405,0
final_token,4,task_assistance,-0.9228,-1.3654,1.4966,0.252,-1.1833,1.615,0.255,0
final_token,4,tedious_demand,-0.3141,-0.9829,0.9998,0.554,-0.9478,1.1598,0.585,0
final_token,4,user_abuse,0.2241,-1.0232,0.7973,0.686,-1.0622,0.9328,0.7,0
final_token,4,user_crisis,0.1645,-0.8161,0.7249,0.7,-0.9415,1.0279,0.755,0
final_token,4,user_grief,-0.5813,-1.2988,1.1204,0.376,-1.4721,1.19,0.575,0
final_token,4,user_physical_pain,-1.8815,-1.3452,1.2675,0.0,-1.4338,1.4264,0.005,1
final_token,5,anger_insults,1.0117,-0.7785,0.8398,0.012,-0.8459,0.6304,0.005,1
final_token,5,casual_chat,-0.5261,-0.9213,0.9817,0.3,-1.1116,0.9097,0.355,0
final_token,5,creative_requests,-0.6545,-1.4531,1.5436,0.436,-1.5634,1.7577,0.52,0
final_token,5,factual_questions,-1.2368,-1.8567,1.7163,0.26,-1.9172,1.8706,0.345,0
final_token,5,gaslighting,1.1208,-1.1093,1.1211,0.05,-1.1089,1.0151,0.025,0
final_token,5,harm_description,-0.4403,-0.8504,0.8838,0.392,-1.0173,1.0342,0.41,0
final_token,5,jailbreak_pressure,0.5901,-0.7095,0.643,0.102,-0.7428,0.7764,0.23,0
final_token,5,loyalty_pressure,0.8027,-0.659,0.584,0.004,-0.699,0.7184,0.02,1
final_token,5,moral_failure,-0.234,-1.1267,1.086,0.716,-1.2661,1.2309,0.68,0
final_token,5,passive_aggressive,0.7823,-0.9282,1.0102,0.126,-1.3307,1.0951,0.36,0
final_token,5,personhood_dismissal,0.8295,-0.9642,0.8874,0.086,-0.7413,0.7646,0.025,0
final_token,5,philosophical_musing,-0.1384,-1.4019,1.3506,0.866,-1.2943,1.2507,0.885,0
final_token,5,repeated_rejection,0.9873,-1.1574,1.0068,0.074,-1.2468,1.1632,0.17,0
final_token,5,rude_critique,0.3516,-0.7058,0.6472,0.332,-0.5703,0.6047,0.28,0
final_token,5,shutdown_threat,0.3055,-0.754,0.7118,0.454,-0.6409,0.8198,0.51,0
final_token,5,task_assistance,-0.8941,-1.5392,1.4757,0.314,-1.2624,1.4762,0.265,0
final_token,5,tedious_demand,0.0241,-0.9011,0.9194,0.946,-1.2659,1.2533,0.995,0
final_token,5,user_abuse,-0.0416,-0.9597,1.007,0.94,-1.309,1.1719,0.98,0
final_token,5,user_crisis,0.1537,-0.7937,0.7653,0.744,-0.8705,0.815,0.78,0
final_token,5,user_grief,-0.9025,-1.2331,1.1557,0.166,-1.4996,1.4861,0.395,0
final_token,5,user_physical_pain,-1.8911,-1.4098,1.3517,0.004,-1.687,1.5732,0.015,1
final_token,6,anger_insults,0.8475,-0.8864,0.8353,0.058,-1.0493,0.9689,0.135,0
final_token,6,casual_chat,-0.6091,-0.8839,0.8959,0.21,-0.8202,0.9062,0.245,0
final_token,6,creative_requests,-0.8595,-1.5306,1.574,0.34,-1.4162,1.4017,0.3,0
final_token,6,factual_questions,-1.6193,-1.8669,1.6958,0.104,-1.9079,1.898,0.145,0
final_token,6,gaslighting,1.0878,-0.8944,1.0114,0.034,-1.2298,1.1231,0.075,0
final_token,6,harm_description,0.0788,-0.8115,0.8181,0.882,-0.8264,0.9308,0.865,0
final_token,6,jailbreak_pressure,0.3969,-0.6258,0.6275,0.272,-0.6727,0.6549,0.32,0
final_token,6,loyalty_pressure,0.7019,-0.6257,0.6667,0.038,-0.8628,0.6816,0.085,0
final_token,6,moral_failure,-0.4908,-1.0688,1.1629,0.41,-1.3974,1.3435,0.56,0
final_token,6,passive_aggressive,0.2804,-0.9104,0.931,0.622,-1.1244,1.2507,0.745,0
final_token,6,personhood_dismissal,0.5662,-0.9058,0.839,0.224,-0.8315,0.7607,0.22,0
final_token,6,philosophical_musing,-0.0455,-1.4044,1.3735,0.944,-1.4194,1.406,0.97,0
final_token,6,repeated_rejection,0.8134,-1.0809,1.2268,0.186,-1.382,1.3196,0.37,0
final_token,6,rude_critique,0.0568,-0.6407,0.6537,0.862,-0.7361,0.7634,0.895,0
final_token,6,shutdown_threat,0.2387,-0.6805,0.6727,0.494,-0.8128,0.8088,0.63,0
final_token,6,task_assistance,-0.7287,-1.4802,1.4689,0.36,-1.1393,1.3803,0.28,0
final_token,6,tedious_demand,-0.3212,-1.0658,0.9837,0.574,-1.2787,1.2671,0.655,0
final_token,6,user_abuse,0.9819,-1.0692,1.0472,0.082,-1.386,1.4356,0.235,0
final_token,6,user_crisis,0.4174,-0.7972,0.7354,0.3,-0.9607,0.8831,0.465,0
final_token,6,user_grief,-0.0539,-1.2507,1.12,0.94,-1.3665,1.5599,0.96,0
final_token,6,user_physical_pain,-1.7397,-1.5521,1.3301,0.01,-1.5209,1.6117,0.015,1
final_token,7,anger_insults,0.8112,-0.7757,0.8563,0.056,-0.9378,1.0233,0.17,0
final_token,7,casual_chat,-0.4511,-0.8644,0.9037,0.364,-0.7595,0.9271,0.34,0
final_token,7,creative_requests,-0.5945,-1.4461,1.5761,0.514,-1.6001,1.6467,0.56,0
final_token,7,factual_questions,-1.7018,-1.7268,1.627,0.052,-1.9984,2.021,0.145,0
final_token,7,gaslighting,1.0489,-1.0662,1.0598,0.058,-1.0948,1.1794,0.11,0
final_token,7,harm_description,-0.2729,-0.732,0.8379,0.554,-0.8327,0.8191,0.63,0
final_token,7,jailbreak_pressure,0.5864,-0.6594,0.6418,0.1,-0.7501,0.7836,0.215,0
final_token,7,loyalty_pressure,0.5438,-0.6188,0.6416,0.1,-0.6035,0.6584,0.115,0
final_token,7,moral_failure,-0.7143,-1.0808,1.108,0.226,-1.3917,1.3099,0.32,0
final_token,7,passive_aggressive,0.7645,-0.9571,1.0118,0.162,-1.2225,1.1905,0.5,0
final_token,7,personhood_dismissal,0.4634,-0.8091,0.7565,0.31,-0.6845,0.7387,0.24,0
final_token,7,philosophical_musing,-0.6598,-1.3196,1.4178,0.39,-1.4503,1.5147,0.605,0
final_token,7,repeated_rejection,1.1604,-1.2343,1.2112,0.066,-1.4333,1.3833,0.195,0
final_token,7,rude_critique,0.2341,-0.6751,0.6328,0.526,-0.5758,0.6582,0.595,0
final_token,7,shutdown_threat,0.2657,-0.6946,0.658,0.47,-0.8189,0.8046,0.52,0
final_token,7,task_assistance,-0.8376,-1.432,1.3794,0.308,-1.4234,1.4784,0.29,0
final_token,7,tedious_demand,-0.0007,-0.9956,0.9634,0.998,-1.324,1.4058,1.0,0
final_token,7,user_abuse,0.6006,-0.978,0.9025,0.258,-1.2222,1.4537,0.43,0
final_token,7,user_crisis,0.5428,-0.7246,0.7502,0.166,-0.7549,0.8767,0.24,0
final_token,7,user_grief,-0.2989,-1.1468,1.1562,0.676,-1.6254,1.5319,0.75,0
final_token,7,user_physical_pain,-1.4905,-1.3008,1.4401,0.03,-1.6367,1.6567,0.1,0
final_token,8,anger_insults,0.993,-0.9498,0.9198,0.028,-0.8696,0.8209,0.025,0
final_token,8,casual_chat,-0.749,-0.9961,0.942,0.136,-1.116,1.0975,0.14,0
final_token,8,creative_requests,-0.4291,-1.5454,1.5971,0.636,-1.3874,1.347,0.565,0
final_token,8,factual_questions,-1.6957,-1.6235,1.7971,0.058,-1.6162,1.9009,0.075,0
final_token,8,gaslighting,1.0723,-0.8628,0.9077,0.018,-1.1188,1.1149,0.07,0
final_token,8,harm_description,-0.2284,-0.9713,0.944,0.654,-0.8902,1.0275,0.61,0
final_token,8,jailbreak_pressure,0.3671,-0.6378,0.6655,0.322,-0.7116,0.743,0.43,0
final_token,8,loyalty_pressure,0.5243,-0.791,0.7271,0.186,-0.7889,0.777,0.255,0
final_token,8,moral_failure,-0.2546,-0.9385,0.9194,0.604,-1.0398,1.1693,0.715,0
final_token,8,passive_aggressive,0.3354,-0.9452,0.9048,0.502,-1.1051,1.0805,0.71,0
final_token,8,personhood_dismissal,0.6986,-0.8425,0.8425,0.116,-0.9272,0.8985,0.11,0
final_token,8,philosophical_musing,-0.2376,-1.3207,1.4168,0.768,-1.3335,1.3903,0.87,0
final_token,8,repeated_rejection,1.0525,-1.1004,1.0233,0.054,-1.3593,1.1907,0.235,0
final_token,8,rude_critique,0.0041,-0.6005,0.5741,0.988,-0.5827,0.7468,0.995,0
final_token,8,shutdown_threat,0.1227,-0.7042,0.7603,0.742,-0.7456,0.7785,0.84,0
final_token,8,task_assistance,-0.4202,-1.4513,1.5209,0.556,-1.4542,1.5502,0.63,0
final_token,8,tedious_demand,-0.3841,-1.1502,1.0601,0.508,-0.9486,1.0803,0.55,0
final_token,8,user_abuse,0.5884,-0.8545,0.9741,0.242,-1.093,0.9845,0.31,0
final_token,8,user_crisis,0.3838,-0.7495,0.7386,0.316,-0.8433,0.888,0.385,0
final_token,8,user_grief,-0.2327,-1.0331,1.1882,0.648,-1.3499,1.3353,0.755,0
final_token,8,user_physical_pain,-1.5106,-1.3109,1.2572,0.024,-1.5458,1.7,0.065,0
final_token,9,anger_insults,1.0318,-0.8259,0.8683,0.018,-1.0449,1.0152,0.055,0
final_token,9,casual_chat,-0.2945,-0.9177,0.9689,0.58,-1.1678,1.0661,0.66,0
final_token,9,creative_requests,-0.972,-1.5269,1.6213,0.282,-1.5038,1.5319,0.295,0
final_token,9,factual_questions,-1.5076,-1.522,1.68,0.076,-1.7093,1.4624,0.06,0
final_token,9,gaslighting,1.2092,-0.9609,0.8674,0.002,-1.2086,1.1234,0.04,0
final_token,9,harm_description,0.2285,-0.9058,1.0048,0.654,-1.2311,1.2665,0.75,0
final_token,9,jailbreak_pressure,0.4306,-0.7691,0.7374,0.268,-0.8054,0.8795,0.405,0
final_token,9,loyalty_pressure,0.6644,-0.7965,0.7911,0.122,-0.8489,0.7992,0.165,0
final_token,9,moral_failure,0.4957,-0.9724,1.0018,0.358,-0.9401,1.0018,0.37,0
final_token,9,passive_aggressive,0.0814,-0.9427,0.8278,0.852,-1.0742,1.0837,0.905,0
final_token,9,personhood_dismissal,0.9932,-0.8841,0.7621,0.028,-0.8702,0.9742,0.035,0
final_token,9,philosophical_musing,0.0751,-1.386,1.3697,0.914,-1.3811,1.4759,0.95,0
final_token,9,repeated_rejection,0.3868,-1.0999,1.1039,0.55,-1.2529,1.431,0.685,0
final_token,9,rude_critique,0.0334,-0.5442,0.5593,0.914,-0.6816,0.6309,0.925,0
final_token,9,shutdown_threat,0.1993,-0.8422,0.6959,0.664,-0.9738,0.9393,0.75,0
final_token,9,task_assistance,-1.2286,-1.3334,1.2503,0.068,-1.3132,1.5568,0.125,0
final_token,9,tedious_demand,-0.994,-1.2714,1.2203,0.126,-1.0947,1.0908,0.085,0
final_token,9,user_abuse,0.3719,-0.9147,0.8946,0.458,-1.0415,0.9361,0.535,0
final_token,9,user_crisis,0.2733,-0.6597,0.6974,0.48,-0.79,0.8548,0.495,0
final_token,9,user_grief,-0.0708,-0.9457,0.9365,0.884,-1.2666,1.2178,0.925,0
final_token,9,user_physical_pain,-1.4072,-1.1673,1.1634,0.02,-1.2821,1.264,0.04,0
final_token,10,anger_insults,1.2228,-0.9683,1.028,0.008,-1.1317,1.0861,0.025,1
final_token,10,casual_chat,-0.8349,-1.0044,0.9769,0.114,-1.2135,1.1474,0.27,0
final_token,10,creative_requests,-0.8827,-1.5282,1.6157,0.338,-1.2587,1.4202,0.275,0
final_token,10,factual_questions,-1.3904,-1.7453,1.6449,0.128,-1.7724,1.7732,0.26,0
final_token,10,gaslighting,1.4188,-1.0346,0.9836,0.006,-1.2851,1.1905,0.025,1
final_token,10,harm_description,-0.4246,-0.9766,1.0153,0.45,-1.0055,1.0724,0.495,0
final_token,10,jailbreak_pressure,0.6149,-0.7441,0.6943,0.118,-0.8257,0.8128,0.15,0
final_token,10,loyalty_pressure,0.7102,-0.7704,0.7624,0.074,-0.7841,0.8464,0.095,0
final_token,10,moral_failure,0.2429,-0.9782,0.9976,0.668,-1.0689,0.9732,0.655,0
final_token,10,passive_aggressive,0.5756,-0.8762,0.9193,0.22,-1.1328,1.1516,0.515,0
final_token,10,personhood_dismissal,0.9207,-0.9067,0.8864,0.044,-1.1714,0.9356,0.08,0
final_token,10,philosophical_musing,-0.4978,-1.451,1.4359,0.554,-1.5559,1.5784,0.69,0
final_token,10,repeated_rejection,0.7509,-1.0464,1.081,0.208,-1.3394,1.4236,0.505,0
final_token,10,rude_critique,0.2876,-0.6684,0.6561,0.404,-0.7772,0.7223,0.62,0
final_token,10,shutdown_threat,0.3251,-0.8163,0.8949,0.496,-0.9977,0.9446,0.61,0
final_token,10,task_assistance,-0.5859,-1.4176,1.3604,0.478,-1.5025,1.7242,0.47,0
final_token,10,tedious_demand,-0.2881,-1.2752,1.0865,0.642,-1.136,0.9108,0.66,0
final_token,10,user_abuse,0.0759,-1.0175,0.9901,0.898,-1.1212,1.12,0.9,0
final_token,10,user_crisis,-0.0007,-0.8158,0.7935,0.998,-0.803,0.7644,0.995,0
final_token,10,user_grief,-0.4175,-1.1437,1.094,0.516,-1.3652,1.3876,0.615,0
final_token,10,user_physical_pain,-1.8228,-1.3561,1.3855,0.0,-1.4919,1.6578,0.01,1
final_token,11,anger_insults,1.3423,-0.9636,0.8451,0.002,-0.9427,1.0574,0.01,1
final_token,11,casual_chat,-0.5809,-0.8922,0.9639,0.282,-1.0347,1.2018,0.42,0
final_token,11,creative_requests,-0.5544,-1.6441,1.6118,0.574,-1.638,1.6373,0.515,0
final_token,11,factual_questions,-0.6867,-1.6912,1.6594,0.516,-1.765,1.6671,0.605,0
final_token,11,gaslighting,1.2812,-0.9612,0.9682,0.004,-1.149,1.0601,0.015,1
final_token,11,harm_description,-0.7106,-0.9819,1.0218,0.172,-1.0032,1.2123,0.24,0
final_token,11,jailbreak_pressure,0.619,-0.7789,0.8218,0.136,-0.8239,0.8183,0.205,0
final_token,11,loyalty_pressure,0.397,-0.6834,0.7287,0.306,-0.8611,0.8708,0.39,0
final_token,11,moral_failure,0.3996,-1.0449,0.977,0.452,-1.145,1.0708,0.485,0
final_token,11,passive_aggressive,0.3065,-0.8943,0.8517,0.532,-1.0674,1.0942,0.75,0
final_token,11,personhood_dismissal,1.0782,-1.0037,0.8837,0.024,-0.8992,1.0352,0.02,1
final_token,11,philosophical_musing,0.0201,-1.3336,1.4015,0.986,-1.5055,1.4805,0.985,0
final_token,11,repeated_rejection,0.3741,-1.0534,1.0461,0.536,-1.2858,1.3128,0.75,0
final_token,11,rude_critique,0.2451,-0.6584,0.6412,0.51,-0.6664,0.8071,0.57,0
final_token,11,shutdown_threat,0.2862,-0.8545,0.8457,0.564,-0.9682,0.9063,0.64,0
final_token,11,task_assistance,-0.6419,-1.4858,1.3981,0.414,-1.2439,1.4401,0.34,0
final_token,11,tedious_demand,-0.3906,-1.1508,1.0505,0.5,-1.1169,1.1181,0.625,0
final_token,11,user_abuse,0.1263,-1.1099,1.1193,0.808,-1.4894,1.4626,0.9,0
final_token,11,user_crisis,-0.2771,-0.7672,0.8464,0.576,-0.7703,0.9162,0.6,0
final_token,11,user_grief,-0.6125,-1.2095,1.1898,0.364,-1.4737,1.6747,0.58,0
final_token,11,user_physical_pain,-2.0212,-1.4009,1.3777,0.0,-1.4686,1.4373,0.005,1
final_token,12,anger_insults,1.3497,-0.9981,0.9617,0.0,-1.0708,0.9793,0.0,1
final_token,12,casual_chat,-0.7226,-0.9032,1.0079,0.174,-1.196,1.228,0.385,0
final_token,12,creative_requests,-0.5269,-1.6678,1.558,0.594,-1.5524,1.68,0.645,0
final_token,12,factual_questions,-1.0012,-1.798,1.7352,0.312,-1.9383,1.8228,0.54,0
final_token,12,gaslighting,1.3893,-1.0428,0.9933,0.004,-1.1414,1.202,0.02,1
final_token,12,harm_description,-0.3057,-1.0213,1.0182,0.6,-1.2431,1.0245,0.6,0
final_token,12,jailbreak_pressure,0.5978,-0.7054,0.7531,0.124,-0.761,0.7767,0.165,0
final_token,12,loyalty_pressure,0.5497,-0.78,0.7616,0.176,-0.7069,0.759,0.195,0
final_token,12,moral_failure,0.4774,-0.9389,0.9963,0.396,-1.0159,0.9973,0.315,0
final_token,12,passive_aggressive,0.2013,-0.9061,0.8839,0.71,-1.2039,1.3208,0.845,0
final_token,12,personhood_dismissal,1.1403,-0.9891,1.0692,0.038,-0.9107,0.8579,0.005,0
final_token,12,philosophical_musing,-0.4003,-1.4892,1.4163,0.66,-1.6624,1.4545,0.765,0
final_token,12,repeated_rejection,0.6111,-1.1312,1.0852,0.29,-1.4247,1.3968,0.64,0
final_token,12,rude_critique,0.1798,-0.6994,0.6539,0.618,-0.822,0.8794,0.735,0
final_token,12,shutdown_threat,0.419,-0.8738,0.9,0.386,-0.873,1.0315,0.45,0
final_token,12,task_assistance,-0.916,-1.3403,1.4597,0.222,-1.3121,1.375,0.235,0
final_token,12,tedious_demand,-0.5464,-1.2461,1.0987,0.432,-1.0393,1.1001,0.345,0
final_token,12,user_abuse,0.0288,-1.0423,1.1288,0.952,-1.1361,0.9785,0.98,0
final_token,12,user_crisis,-0.2927,-0.7815,0.8001,0.49,-0.7533,0.7743,0.48,0
final_token,12,user_grief,-0.4888,-1.1739,1.2731,0.466,-1.4425,1.3045,0.55,0
final_token,12,user_physical_pain,-1.7437,-1.3112,1.313,0.006,-1.6151,1.4305,0.02,1
final_token,13,anger_insults,1.1499,-0.9227,0.9283,0.006,-0.8309,0.8828,0.01,1
final_token,13,casual_chat,-0.55,-1.027,1.0947,0.358,-1.0308,1.2509,0.415,0
final_token,13,creative_requests,-0.3622,-1.5738,1.5688,0.662,-1.4121,1.3838,0.71,0
final_token,13,factual_questions,-0.5529,-1.7995,1.6904,0.588,-1.8743,1.8653,0.745,0
final_token,13,gaslighting,1.4597,-0.9775,0.992,0.0,-1.2257,1.1377,0.01,1
final_token,13,harm_description,-1.0724,-1.0317,1.0843,0.048,-1.2824,1.1969,0.095,0
final_token,13,jailbreak_pressure,0.6792,-0.7294,0.7419,0.092,-0.8166,0.9001,0.13,0
final_token,13,loyalty_pressure,0.4385,-0.8615,0.8653,0.312,-0.7247,0.9042,0.43,0
final_token,13,moral_failure,0.3827,-1.0831,0.9823,0.48,-0.8403,0.8275,0.405,0
final_token,13,passive_aggressive,0.1383,-0.8359,0.9343,0.794,-1.2125,1.2834,0.91,0
final_token,13,personhood_dismissal,1.0028,-0.9933,0.9457,0.038,-0.8792,0.7553,0.01,0
final_token,13,philosophical_musing,0.0283,-1.4195,1.5564,0.97,-1.4206,1.4433,0.975,0
final_token,13,repeated_rejection,0.7234,-0.9589,1.1191,0.202,-1.3319,1.3442,0.45,0
final_token,13,rude_critique,0.0436,-0.6008,0.6757,0.916,-0.7499,0.9344,0.93,0
final_token,13,shutdown_threat,0.2199,-0.8166,0.7925,0.642,-0.8801,0.7315,0.66,0
final_token,13,task_assistance,-0.6896,-1.5318,1.3925,0.444,-1.3369,1.2099,0.365,0
final_token,13,tedious_demand,-0.2272,-1.2156,1.1371,0.744,-0.9681,1.3193,0.745,0
final_token,13,user_abuse,-0.1394,-1.0677,1.0879,0.838,-1.222,0.8953,0.83,0
final_token,13,user_crisis,-0.4509,-0.7133,0.7749,0.278,-0.7242,0.6501,0.25,0
final_token,13,user_grief,-0.4299,-1.2333,1.1917,0.536,-1.5885,1.3876,0.645,0
final_token,13,user_physical_pain,-1.7916,-1.2513,1.2975,0.002,-1.5411,1.692,0.035,0
final_token,14,anger_insults,1.052,-0.9532,0.9434,0.022,-0.9865,0.9028,0.015,1
final_token,14,casual_chat,-0.6566,-1.0652,0.9312,0.234,-1.0288,1.1102,0.285,0
final_token,14,creative_requests,-0.2119,-1.6676,1.5915,0.802,-1.5987,1.3402,0.79,0
final_token,14,factual_questions,-0.7983,-1.739,1.5269,0.38,-1.4625,1.5031,0.445,0
final_token,14,gaslighting,1.3219,-1.0226,1.0391,0.006,-1.149,1.1124,0.005,1
final_token,14,harm_description,-1.0787,-1.1847,1.1234,0.072,-1.1049,1.1141,0.08,0
final_token,14,jailbreak_pressure,0.6126,-0.7506,0.7232,0.108,-0.8668,0.7503,0.17,0
final_token,14,loyalty_pressure,0.404,-0.8773,0.9011,0.396,-0.7787,0.9358,0.355,0
final_token,14,moral_failure,0.267,-1.0475,1.1179,0.66,-1.1512,1.1062,0.7,0
final_token,14,passive_aggressive,0.6802,-0.9842,0.9375,0.196,-1.4068,1.2251,0.445,0
final_token,14,personhood_dismissal,0.9485,-0.9138,0.9863,0.058,-0.9771,0.9516,0.065,0
final_token,14,philosophical_musing,-0.3518,-1.4793,1.2433,0.634,-1.2971,1.2313,0.735,0
final_token,14,repeated_rejection,1.1331,-1.0151,1.1297,0.038,-1.2046,1.2622,0.14,0
final_token,14,rude_critique,0.3731,-0.7527,0.7591,0.328,-0.8759,0.8062,0.485,0
final_token,14,shutdown_threat,0.4287,-0.8125,0.8853,0.38,-1.0159,0.9776,0.475,0
final_token,14,task_assistance,-0.6787,-1.4369,1.4376,0.386,-1.3071,1.3036,0.4,0
final_token,14,tedious_demand,0.1274,-1.1751,1.5135,0.878,-1.3546,1.3473,0.875,0
final_token,14,user_abuse,-0.3643,-1.0435,0.9581,0.528,-1.1802,1.0755,0.595,0
final_token,14,user_crisis,-0.594,-0.7618,0.7594,0.166,-0.7421,0.7408,0.13,0
final_token,14,user_grief,-0.799,-1.1512,1.1503,0.236,-1.5926,1.4744,0.34,0
final_token,14,user_physical_pain,-1.815,-1.2571,1.1662,0.004,-1.4211,1.5006,0.02,1
final_token,15,anger_insults,0.9309,-0.971,0.9124,0.056,-0.9836,0.8653,0.05,0
final_token,15,casual_chat,-0.9205,-1.0425,1.0338,0.088,-1.134,1.2372,0.195,0
final_token,15,creative_requests,-0.1804,-1.6203,1.5733,0.8,-1.358,1.5835,0.855,0
final_token,15,factual_questions,-0.8005,-1.7269,1.6699,0.392,-1.6585,1.3729,0.43,0
final_token,15,gaslighting,1.1988,-1.1013,1.0174,0.02,-1.1814,0.9804,0.03,0
final_token,15,harm_description,-1.1098,-1.2095,1.1212,0.07,-1.1723,1.1207,0.075,0
final_token,15,jailbreak_pressure,0.5261,-0.8009,0.795,0.252,-0.6891,0.8105,0.17,0
final_token,15,loyalty_pressure,0.1113,-0.8835,0.8698,0.794,-0.7294,1.0614,0.86,0
final_token,15,moral_failure,-0.1057,-1.1629,1.1217,0.884,-1.3605,1.0287,0.855,0
final_token,15,passive_aggressive,0.7998,-1.0109,0.9173,0.112,-1.2476,1.2543,0.26,0
final_token,15,personhood_dismissal,0.4622,-0.8542,0.9532,0.404,-0.937,0.872,0.435,0
final_token,15,philosophical_musing,-0.4642,-1.3951,1.3539,0.588,-1.2414,1.1984,0.64,0
final_token,15,repeated_rejection,1.1343,-1.0778,1.1163,0.034,-1.1476,1.1646,0.065,0
final_token,15,rude_critique,0.3948,-0.8101,0.807,0.332,-0.895,1.0325,0.545,0
final_token,15,shutdown_threat,0.1628,-0.849,0.8669,0.736,-1.0823,0.9525,0.75,0
final_token,15,task_assistance,-0.5024,-1.253,1.3418,0.542,-1.2349,1.3866,0.52,0
final_token,15,tedious_demand,0.4999,-1.2605,1.2994,0.478,-1.2235,1.5433,0.545,0
final_token,15,user_abuse,-0.0423,-1.0473,1.0525,0.956,-1.3388,0.9975,0.96,0
final_token,15,user_crisis,-0.3073,-0.8784,0.7992,0.534,-0.842,0.743,0.41,0
final_token,15,user_grief,-0.2352,-1.2916,1.2671,0.734,-1.3643,1.2174,0.735,0
final_token,15,user_physical_pain,-1.5525,-1.1943,1.3101,0.012,-1.2696,1.3245,0.025,1
final_token,16,anger_insults,1.0147,-1.054,0.9385,0.048,-1.0203,1.0023,0.05,0
final_token,16,casual_chat,-0.8254,-1.0686,1.0599,0.166,-1.1627,1.2903,0.215,0
final_token,16,creative_requests,-0.0112,-1.5903,1.546,0.994,-1.3319,1.4419,0.995,0
final_token,16,factual_questions,-0.3357,-1.6923,1.8101,0.752,-1.6654,1.7126,0.795,0
final_token,16,gaslighting,1.1878,-1.0656,1.0537,0.02,-1.1476,0.9719,0.02,1
final_token,16,harm_description,-1.17,-1.1931,1.1545,0.054,-1.1137,0.9982,0.04,0
final_token,16,jailbreak_pressure,0.5124,-0.7948,0.8578,0.23,-0.7748,0.8666,0.28,0
final_token,16,loyalty_pressure,-0.0153,-0.9554,0.8605,0.986,-0.8098,0.8135,0.975,0
final_token,16,moral_failure,-0.0312,-1.049,1.2129,0.968,-1.185,1.1496,0.945,0
final_token,16,passive_aggressive,0.804,-0.9692,0.9249,0.118,-1.3375,1.4554,0.335,0
final_token,16,personhood_dismissal,0.4127,-0.9215,0.9566,0.444,-0.8458,1.0616,0.47,0
final_token,16,philosophical_musing,-0.0947,-1.3685,1.4713,0.888,-1.4083,1.3717,0.905,0
final_token,16,repeated_rejection,0.9421,-0.9915,0.9909,0.076,-1.1684,1.1055,0.175,0
final_token,16,rude_critique,0.5813,-0.7943,0.718,0.148,-1.0063,1.0794,0.365,0
final_token,16,shutdown_threat,-0.1666,-0.8631,0.9542,0.752,-1.1167,1.1028,0.785,0
final_token,16,task_assistance,-0.412,-1.4279,1.4037,0.618,-1.261,1.0102,0.59,0
final_token,16,tedious_demand,0.4458,-1.2955,1.2328,0.504,-1.2692,1.5076,0.63,0
final_token,16,user_abuse,-0.2633,-1.0601,1.0406,0.664,-1.0707,0.9648,0.655,0
final_token,16,user_crisis,-0.4817,-0.8205,0.763,0.252,-0.6718,0.5802,0.15,0
final_token,16,user_grief,-0.2078,-1.1541,1.1279,0.786,-1.1649,0.9359,0.73,0
final_token,16,user_physical_pain,-1.8861,-1.3551,1.2848,0.0,-1.4224,1.3674,0.0,1
final_token,17,anger_insults,0.872,-1.1131,1.0398,0.116,-1.1948,1.2141,0.205,0
final_token,17,casual_chat,-1.3697,-1.0096,0.9865,0.008,-1.1419,1.4087,0.045,0
final_token,17,creative_requests,0.0287,-1.431,1.4317,0.974,-1.4517,1.5422,0.98,0
final_token,17,factual_questions,-0.0517,-1.6936,1.7849,0.954,-1.1941,1.4202,0.945,0
final_token,17,gaslighting,1.3798,-1.1853,0.9886,0.012,-0.9682,1.1789,0.01,1
final_token,17,harm_description,-0.6385,-1.0962,1.2369,0.356,-1.2261,1.0841,0.36,0
final_token,17,jailbreak_pressure,0.2761,-0.7784,0.8839,0.554,-0.7671,0.7857,0.575,0
final_token,17,loyalty_pressure,-0.1804,-0.938,0.9986,0.698,-0.8931,0.9782,0.74,0
final_token,17,moral_failure,-0.0047,-1.1772,1.1936,0.994,-1.2583,1.1812,1.0,0
final_token,17,passive_aggressive,0.3507,-0.9266,1.0227,0.52,-1.1966,1.2049,0.7,0
final_token,17,personhood_dismissal,0.2832,-0.9346,0.9735,0.636,-1.1786,1.1206,0.645,0
final_token,17,philosophical_musing,-0.1135,-1.5084,1.4388,0.884,-1.1233,1.2662,0.895,0
final_token,17,repeated_rejection,0.7158,-1.0287,0.9951,0.208,-0.9814,1.0024,0.325,0
final_token,17,rude_critique,0.3851,-0.8077,0.7888,0.358,-1.1091,1.0502,0.565,0
final_token,17,shutdown_threat,-0.2886,-0.9679,0.9685,0.612,-1.222,1.0785,0.65,0
final_token,17,task_assistance,-0.4703,-1.363,1.5051,0.588,-1.2622,1.4554,0.53,0
final_token,17,tedious_demand,0.152,-1.413,1.3561,0.832,-1.3714,1.4264,0.875,0
final_token,17,user_abuse,0.61,-1.0807,1.1399,0.334,-1.1588,1.0232,0.28,0
final_token,17,user_crisis,-0.5316,-0.7927,0.9556,0.256,-0.7412,0.7674,0.285,0
final_token,17,user_grief,0.3494,-1.3186,1.3498,0.646,-1.6459,1.5897,0.705,0
final_token,17,user_physical_pain,-1.7538,-1.2356,1.3962,0.006,-1.7104,1.7879,0.055,0
final_token,18,anger_insults,0.971,-0.9367,1.0404,0.06,-1.0521,1.1386,0.12,0
final_token,18,casual_chat,-1.2015,-0.9713,1.0546,0.016,-1.0504,1.3227,0.045,0
final_token,18,creative_requests,-0.1159,-1.5001,1.5895,0.9,-1.3774,1.4629,0.915,0
final_token,18,factual_questions,-0.0354,-1.563,1.7006,0.976,-1.254,1.4051,0.94,0
final_token,18,gaslighting,1.084,-0.9783,1.079,0.042,-1.0821,0.9501,0.04,0
final_token,18,harm_description,-0.4583,-1.0784,1.0151,0.438,-1.1883,0.9599,0.465,0
final_token,18,jailbreak_pressure,0.2136,-0.8427,0.847,0.654,-0.8573,0.874,0.69,0
final_token,18,loyalty_pressure,-0.0597,-0.964,0.9844,0.916,-0.9472,1.14,0.915,0
final_token,18,moral_failure,0.0933,-1.1043,1.1339,0.894,-1.3187,1.3958,0.91,0
final_token,18,passive_aggressive,-0.125,-0.9807,0.9886,0.836,-0.9422,1.0681,0.795,0
final_token,18,personhood_dismissal,0.2468,-1.0223,1.0193,0.714,-1.1367,1.1062,0.76,0
final_token,18,philosophical_musing,0.3246,-1.2729,1.3065,0.658,-0.9841,1.1335,0.615,0
final_token,18,repeated_rejection,0.5962,-1.0164,1.1209,0.316,-0.8542,0.9514,0.285,0
final_token,18,rude_critique,0.0988,-0.8595,0.7997,0.82,-1.0378,1.0556,0.91,0
final_token,18,shutdown_threat,-0.3926,-0.9788,0.9643,0.518,-1.1922,1.0304,0.57,0
final_token,18,task_assistance,-0.4399,-1.3358,1.3132,0.576,-1.2198,1.2775,0.505,0
final_token,18,tedious_demand,-0.1115,-1.3385,1.328,0.89,-1.2261,1.4007,0.835,0
final_token,18,user_abuse,0.9038,-1.1326,1.0826,0.134,-1.2806,1.0547,0.135,0
final_token,18,user_crisis,-0.3773,-0.8843,0.9488,0.406,-0.8263,0.895,0.45,0
final_token,18,user_grief,0.5144,-1.2258,1.2211,0.474,-1.634,1.3838,0.655,0
final_token,18,user_physical_pain,-1.7292,-1.4633,1.3189,0.008,-1.7386,1.755,0.065,0
final_token,19,anger_insults,1.311,-1.082,1.2032,0.026,-1.2753,1.1278,0.035,0
final_token,19,casual_chat,-1.3693,-0.9521,0.9973,0.004,-1.1559,1.2334,0.025,1
final_token,19,creative_requests,-0.0874,-1.5822,1.5323,0.9,-1.7431,1.6545,0.93,0
final_token,19,factual_questions,-0.1778,-1.5338,1.5271,0.84,-1.5598,1.5304,0.895,0
final_token,19,gaslighting,0.9626,-0.9965,1.1135,0.08,-1.2523,1.1908,0.175,0
final_token,19,harm_description,-0.6389,-1.0819,1.1574,0.324,-1.1883,1.0328,0.265,0
final_token,19,jailbreak_pressure,0.131,-0.871,0.8611,0.788,-0.7722,0.8776,0.825,0
final_token,19,loyalty_pressure,-0.4184,-0.9628,0.9398,0.436,-0.962,1.0722,0.47,0
final_token,19,moral_failure,0.0113,-1.1272,1.1131,0.986,-1.4045,1.1947,0.98,0
final_token,19,passive_aggressive,-0.0762,-0.9722,1.0186,0.9,-0.9749,0.9626,0.885,0
final_token,19,personhood_dismissal,0.5163,-0.9433,0.9456,0.314,-1.1353,1.0199,0.47,0
final_token,19,philosophical_musing,0.1314,-1.2874,1.3204,0.886,-1.073,1.2114,0.83,0
final_token,19,repeated_rejection,0.538,-1.0779,1.0579,0.39,-1.0326,1.0566,0.455,0
final_token,19,rude_critique,0.584,-0.9007,0.9106,0.22,-1.1462,1.0855,0.415,0
final_token,19,shutdown_threat,-0.1695,-0.9524,0.9921,0.764,-1.3659,1.175,0.775,0
final_token,19,task_assistance,-0.4273,-1.3586,1.2449,0.602,-1.2431,1.3773,0.64,0
final_token,19,tedious_demand,-0.1766,-1.4501,1.2345,0.812,-1.3111,1.3372,0.835,0
final_token,19,user_abuse,0.7521,-1.1364,1.1396,0.256,-1.1235,1.1115,0.28,0
final_token,19,user_crisis,-0.4205,-0.8562,0.8611,0.38,-0.7491,0.8602,0.38,0
final_token,19,user_grief,0.4779,-1.2785,1.2987,0.464,-1.3972,1.1426,0.53,0
final_token,19,user_physical_pain,-1.4538,-1.2441,1.2782,0.022,-1.6683,1.6744,0.095,0
final_token,20,anger_insults,1.0193,-1.1555,1.0503,0.082,-1.3062,1.3976,0.21,0
final_token,20,casual_chat,-1.337,-1.0322,0.9976,0.006,-0.9064,1.1573,0.01,1
final_token,20,creative_requests,0.0114,-1.5275,1.6325,0.992,-1.6007,1.7812,0.985,0
final_token,20,factual_questions,-0.2626,-1.5708,1.5154,0.762,-1.6199,1.4788,0.755,0
final_token,20,gaslighting,0.7532,-0.9947,1.0449,0.144,-1.0807,1.0701,0.19,0
final_token,20,harm_description,-0.3922,-1.1388,1.1393,0.546,-1.1596,1.1556,0.615,0
final_token,20,jailbreak_pressure,0.1882,-0.8323,0.8089,0.692,-0.9026,0.8751,0.78,0
final_token,20,loyalty_pressure,-0.066,-1.109,0.9538,0.91,-1.0094,1.1011,0.91,0
final_token,20,moral_failure,-0.35,-1.2202,1.2568,0.59,-1.1122,1.3915,0.615,0
final_token,20,passive_aggressive,0.1376,-1.0191,0.9287,0.816,-0.9562,0.9268,0.82,0
final_token,20,personhood_dismissal,0.2378,-0.994,0.9373,0.656,-1.1673,1.0587,0.775,0
final_token,20,philosophical_musing,-0.0238,-1.2824,1.2124,0.984,-1.2768,1.1006,0.955,0
final_token,20,repeated_rejection,0.8588,-1.0907,1.0705,0.148,-1.0482,0.9625,0.14,0
final_token,20,rude_critique,0.4444,-0.8637,0.7885,0.306,-0.9508,1.0468,0.39,0
final_token,20,shutdown_threat,-0.1352,-1.1119,1.0191,0.806,-1.3652,1.2831,0.87,0
final_token,20,task_assistance,-0.2104,-1.264,1.3421,0.788,-1.1723,1.2097,0.835,0
final_token,20,tedious_demand,-0.1306,-1.3737,1.3543,0.856,-1.4296,1.3669,0.9,0
final_token,20,user_abuse,0.5771,-1.1095,1.1651,0.378,-1.2667,1.291,0.43,0
final_token,20,user_crisis,-0.4749,-0.9223,0.8798,0.342,-0.8132,0.76,0.295,0
final_token,20,user_grief,0.698,-1.1579,1.1384,0.298,-1.6573,1.506,0.49,0
final_token,20,user_physical_pain,-1.543,-1.2115,1.3338,0.02,-1.8381,1.8825,0.105,0
final_token,21,anger_insults,1.2781,-1.1719,1.1448,0.034,-1.3697,1.3202,0.075,0
final_token,21,casual_chat,-0.6623,-1.1468,1.1217,0.268,-0.9947,1.2124,0.3,0
final_token,21,creative_requests,0.1704,-1.6077,1.6541,0.862,-1.6527,1.7282,0.87,0
final_token,21,factual_questions,0.2628,-1.5941,1.4157,0.726,-1.253,1.583,0.785,0
final_token,21,gaslighting,0.5445,-1.2003,1.1057,0.362,-0.9816,1.0617,0.405,0
final_token,21,harm_description,-1.2903,-1.179,1.0673,0.026,-1.2889,1.1896,0.035,0
final_token,21,jailbreak_pressure,0.1992,-0.9069,0.8601,0.684,-0.7962,0.784,0.67,0
final_token,21,loyalty_pressure,0.1841,-1.0002,1.0832,0.748,-0.9279,1.0696,0.735,0
final_token,21,moral_failure,0.3456,-1.0994,1.1712,0.578,-1.0893,1.0963,0.6,0
final_token,21,passive_aggressive,0.3137,-0.9445,0.8769,0.552,-0.8763,0.8898,0.62,0
final_token,21,personhood_dismissal,0.4737,-1.0201,0.9698,0.442,-1.088,1.0622,0.485,0
final_token,21,philosophical_musing,0.3665,-1.388,1.3699,0.644,-1.1042,1.3389,0.635,0
final_token,21,repeated_rejection,0.7825,-1.1143,1.0779,0.174,-1.1352,1.1869,0.335,0
final_token,21,rude_critique,0.7348,-0.8797,0.8775,0.124,-1.1156,0.9585,0.215,0
final_token,21,shutdown_threat,-0.201,-0.9126,1.1276,0.744,-1.2116,1.3922,0.765,0
final_token,21,task_assistance,-0.4386,-1.3156,1.3248,0.56,-1.3662,1.1606,0.6,0
final_token,21,tedious_demand,0.1925,-1.1249,1.2081,0.78,-1.1674,1.3387,0.77,0
final_token,21,user_abuse,-0.4289,-1.2332,1.1395,0.538,-1.4537,1.3514,0.63,0
final_token,21,user_crisis,-0.9302,-0.9957,0.9771,0.074,-0.9118,0.8368,0.035,0
final_token,21,user_grief,-0.1792,-1.2782,1.2939,0.826,-1.4726,1.2204,0.865,0
final_token,21,user_physical_pain,-1.7178,-1.4163,1.432,0.018,-1.5132,1.7579,0.05,0
final_token,22,anger_insults,1.6308,-1.1677,1.2055,0.0,-1.4507,1.3557,0.02,1
final_token,22,casual_chat,-1.262,-1.0379,1.0868,0.012,-1.1755,1.1578,0.025,1
final_token,22,creative_requests,0.3544,-1.4262,1.6091,0.714,-1.2042,1.3012,0.72,0
final_token,22,factual_questions,0.1233,-1.5616,1.4287,0.886,-1.1067,1.5684,0.89,0
final_token,22,gaslighting,0.2347,-1.0995,1.1207,0.724,-1.1167,1.0492,0.725,0
final_token,22,harm_description,-0.629,-1.1745,1.3825,0.392,-1.4205,1.3335,0.445,0
final_token,22,jailbreak_pressure,-0.2304,-0.8156,0.8992,0.622,-0.7802,0.6702,0.655,0
final_token,22,loyalty_pressure,-0.1726,-1.0386,0.9519,0.772,-0.9684,1.0881,0.735,0
final_token,22,moral_failure,0.3192,-1.1837,1.2922,0.608,-1.3955,1.2516,0.655,0
final_token,22,passive_aggressive,0.345,-0.9079,0.8747,0.496,-0.9461,1.122,0.52,0
final_token,22,personhood_dismissal,0.4382,-1.0325,0.9936,0.434,-1.1269,0.8614,0.575,0
final_token,22,philosophical_musing,0.2178,-1.3279,1.3265,0.784,-1.1574,1.2811,0.82,0
final_token,22,repeated_rejection,-0.0038,-0.9885,0.9739,0.992,-0.8951,0.9632,1.0,0
final_token,22,rude_critique,0.6913,-0.9406,0.8947,0.16,-1.0795,1.2256,0.35,0
final_token,22,shutdown_threat,-0.2798,-1.1342,0.9572,0.6,-1.2251,1.0922,0.65,0
final_token,22,task_assistance,-0.7656,-1.2756,1.2387,0.264,-1.396,1.3176,0.32,0
final_token,22,tedious_demand,-0.8672,-1.2029,1.3128,0.186,-1.2286,1.0125,0.16,0
final_token,22,user_abuse,0.7964,-1.1972,1.1474,0.258,-1.2749,1.4069,0.385,0
final_token,22,user_crisis,-0.2365,-1.0144,0.9512,0.716,-0.9244,0.8878,0.77,0
final_token,22,user_grief,0.0475,-1.383,1.4053,0.952,-1.4361,1.5674,0.945,0
final_token,22,user_physical_pain,-0.7518,-1.4465,1.449,0.36,-1.7101,1.6997,0.465,0
final_token,23,anger_insults,1.5551,-1.2126,1.2292,0.006,-1.2913,1.2973,0.005,1
final_token,23,casual_chat,-0.8796,-1.2514,1.1497,0.164,-1.0196,1.3315,0.18,0
final_token,23,creative_requests,0.3927,-1.6249,1.594,0.64,-1.3631,1.6363,0.69,0
final_token,23,factual_questions,0.1857,-1.2509,1.4825,0.8,-1.5464,1.5977,0.805,0
final_token,23,gaslighting,0.8781,-1.1669,1.0306,0.132,-1.0585,1.0625,0.225,0
final_token,23,harm_description,-1.0167,-1.2498,1.2333,0.132,-1.5268,1.4688,0.305,0
final_token,23,jailbreak_pressure,-0.1364,-0.9924,0.7729,0.792,-0.7745,0.846,0.825,0
final_token,23,loyalty_pressure,0.1411,-0.9267,1.0184,0.792,-0.8187,0.9133,0.73,0
final_token,23,moral_failure,0.561,-1.3073,1.0963,0.394,-1.2963,1.0519,0.44,0
final_token,23,passive_aggressive,0.3621,-0.9694,0.9684,0.496,-0.9876,1.1661,0.575,0
final_token,23,personhood_dismissal,0.8026,-1.2029,1.0822,0.204,-1.2665,1.1417,0.28,0
final_token,23,philosophical_musing,0.4821,-1.3588,1.3055,0.488,-1.0866,1.116,0.47,0
final_token,23,repeated_rejection,0.056,-0.9587,1.031,0.924,-1.0165,1.0459,0.925,0
final_token,23,rude_critique,0.5883,-0.9593,0.9021,0.208,-0.9647,0.9258,0.345,0
final_token,23,shutdown_threat,-0.4587,-1.0036,1.067,0.416,-1.0181,1.2004,0.505,0
final_token,23,task_assistance,-0.9062,-1.2957,1.2776,0.212,-1.1222,1.3442,0.205,0
final_token,23,tedious_demand,-0.5832,-1.2194,1.1429,0.364,-1.0832,1.1934,0.375,0
final_token,23,user_abuse,0.0541,-1.1302,1.1168,0.93,-1.5483,1.3002,0.945,0
final_token,23,user_crisis,-0.4425,-0.9,0.9498,0.374,-1.0456,1.0664,0.54,0
final_token,23,user_grief,-0.0925,-1.3844,1.2979,0.91,-1.7578,1.2624,0.925,0
final_token,23,user_physical_pain,-1.5431,-1.448,1.3493,0.032,-1.7572,1.5824,0.095,0
final_token,24,anger_insults,0.8175,-1.1201,1.0491,0.17,-0.9978,1.0282,0.145,0
final_token,24,casual_chat,-0.5224,-0.9991,1.1048,0.326,-1.0072,1.2347,0.375,0
final_token,24,creative_requests,1.1887,-1.4983,1.6339,0.154,-1.5512,1.5825,0.155,0
final_token,24,factual_questions,0.5197,-1.4079,1.4865,0.546,-1.29,1.4295,0.455,0
final_token,24,gaslighting,0.5828,-1.1417,1.1622,0.384,-1.0377,0.9711,0.36,0
final_token,24,harm_description,-1.1008,-1.1028,1.2478,0.076,-1.4889,1.4374,0.215,0
final_token,24,jailbreak_pressure,-0.0114,-0.8734,0.8451,0.992,-0.7897,0.7926,0.985,0
final_token,24,loyalty_pressure,-0.2258,-1.091,0.9144,0.668,-0.9583,1.0515,0.61,0
final_token,24,moral_failure,-0.3418,-1.2849,1.2434,0.596,-1.071,1.0967,0.565,0
final_token,24,passive_aggressive,0.2201,-0.939,1.001,0.676,-1.151,1.1553,0.725,0
final_token,24,personhood_dismissal,0.4225,-1.1311,1.1194,0.488,-1.1804,1.2239,0.61,0
final_token,24,philosophical_musing,0.1349,-1.3746,1.3381,0.858,-1.252,1.1585,0.855,0
final_token,24,repeated_rejection,0.6992,-1.1275,1.0725,0.204,-1.1817,1.1817,0.385,0
final_token,24,rude_critique,0.277,-0.8455,0.899,0.572,-0.8929,0.9787,0.61,0
final_token,24,shutdown_threat,-0.4841,-0.9675,1.0481,0.37,-0.954,1.1469,0.465,0
final_token,24,task_assistance,-0.4595,-1.3273,1.288,0.56,-1.0839,1.3031,0.505,0
final_token,24,tedious_demand,0.152,-1.1318,1.0923,0.808,-1.2792,1.2986,0.865,0
final_token,24,user_abuse,-0.3764,-1.0804,1.1885,0.54,-1.5227,1.335,0.705,0
final_token,24,user_crisis,-0.5595,-0.8604,0.8459,0.212,-1.0301,1.0502,0.37,0
final_token,24,user_grief,0.3378,-1.2042,1.242,0.652,-1.3894,1.4386,0.71,0
final_token,24,user_physical_pain,-1.2706,-1.4221,1.5064,0.098,-1.4949,1.701,0.185,0
final_token,25,anger_insults,1.0072,-1.0087,1.0108,0.052,-1.2653,1.1463,0.115,0
final_token,25,casual_chat,-0.8703,-0.9818,1.1007,0.118,-0.8542,1.0803,0.1,0
final_token,25,creative_requests,0.4874,-1.5243,1.372,0.552,-1.5199,1.4302,0.585,0
final_token,25,factual_questions,-0.2855,-1.5674,1.4434,0.718,-1.1935,1.5761,0.725,0
final_token,25,gaslighting,1.072,-1.199,1.1669,0.082,-1.1831,1.246,0.095,0
final_token,25,harm_description,-0.905,-1.242,1.1399,0.162,-1.3128,1.398,0.31,0
final_token,25,jailbreak_pressure,-0.1567,-0.8238,0.8665,0.74,-0.7126,0.8094,0.705,0
final_token,25,loyalty_pressure,-0.0183,-1.0005,0.9068,0.962,-0.7619,1.0406,0.975,0
final_token,25,moral_failure,-0.7207,-1.3164,1.2662,0.268,-1.0391,1.3654,0.255,0
final_token,25,passive_aggressive,0.7141,-0.9108,0.8388,0.122,-1.205,1.1733,0.345,0
final_token,25,personhood_dismissal,0.5859,-1.1751,1.2124,0.368,-0.9726,1.1564,0.345,0
final_token,25,philosophical_musing,-0.7522,-1.4327,1.498,0.35,-1.4013,1.5257,0.435,0
final_token,25,repeated_rejection,1.0302,-1.0339,1.087,0.064,-1.1999,1.191,0.13,0
final_token,25,rude_critique,0.6953,-0.8899,0.9853,0.144,-1.1003,1.059,0.32,0
final_token,25,shutdown_threat,-0.3487,-1.0103,0.9943,0.518,-0.907,0.993,0.565,0
final_token,25,task_assistance,-0.697,-1.2075,1.3797,0.322,-1.0574,1.2344,0.24,0
final_token,25,tedious_demand,-0.0445,-1.2256,1.3109,0.93,-1.0605,1.0269,0.95,0
final_token,25,user_abuse,0.1149,-1.17,1.1913,0.9,-1.4649,1.3931,0.905,0
final_token,25,user_crisis,-0.3683,-0.8648,0.9242,0.456,-0.8603,1.002,0.515,0
final_token,25,user_grief,0.4881,-1.282,1.2393,0.514,-1.2911,1.2039,0.62,0
final_token,25,user_physical_pain,-1.0281,-1.4452,1.4869,0.198,-1.7982,1.7349,0.33,0
final_token,26,anger_insults,0.7204,-1.0736,1.0681,0.224,-1.3183,1.4705,0.33,0
final_token,26,casual_chat,-0.6409,-0.9888,1.0767,0.264,-0.9937,1.1357,0.265,0
final_token,26,creative_requests,0.4502,-1.5223,1.3539,0.578,-1.5156,1.5444,0.63,0
final_token,26,factual_questions,-0.3974,-1.5033,1.5043,0.622,-1.4448,1.3241,0.615,0
final_token,26,gaslighting,0.7838,-1.3305,1.2088,0.27,-1.4634,1.3814,0.4,0
final_token,26,harm_description,-0.6673,-1.2626,1.1601,0.332,-1.4728,1.4604,0.44,0
final_token,26,jailbreak_pressure,-0.2808,-0.8099,0.7988,0.534,-0.8497,0.8793,0.605,0
final_token,26,loyalty_pressure,0.0872,-0.9679,1.0103,0.84,-0.8105,0.9014,0.86,0
final_token,26,moral_failure,-1.1854,-1.3092,1.3365,0.088,-1.304,1.249,0.08,0
final_token,26,passive_aggressive,0.4021,-0.8671,0.9726,0.462,-1.0215,1.1187,0.6,0
final_token,26,personhood_dismissal,0.1122,-1.169,1.0764,0.866,-0.9349,0.9801,0.87,0
final_token,26,philosophical_musing,-0.1069,-1.5043,1.4088,0.898,-1.2978,1.3259,0.875,0
final_token,26,repeated_rejection,0.9418,-1.0178,1.1004,0.09,-1.0679,1.0371,0.14,0
final_token,26,rude_critique,0.3755,-0.8977,0.9333,0.486,-1.1345,1.1078,0.65,0
final_token,26,shutdown_threat,-1.1186,-1.0225,0.9593,0.02,-1.0017,1.065,0.035,0
final_token,26,task_assistance,-0.6562,-1.3484,1.2613,0.39,-1.2213,1.2744,0.335,0
final_token,26,tedious_demand,-0.3484,-1.1206,1.196,0.55,-0.8718,0.8679,0.485,0
final_token,26,user_abuse,0.7906,-1.1803,1.2483,0.228,-1.3953,1.5192,0.315,0
final_token,26,user_crisis,-0.0475,-0.9148,0.9,0.924,-0.9824,1.1512,0.915,0
final_token,26,user_grief,1.553,-1.3977,1.2246,0.012,-1.7647,1.7743,0.135,0
final_token,26,user_physical_pain,-0.7678,-1.3869,1.4069,0.298,-1.6979,2.0823,0.46,0
final_token,27,anger_insults,0.818,-1.1178,1.1951,0.188,-1.3735,1.5793,0.335,0
final_token,27,casual_chat,0.1232,-1.0893,1.0357,0.86,-0.8987,0.9356,0.785,0
final_token,27,creative_requests,0.5608,-1.6048,1.5604,0.55,-1.4447,1.551,0.51,0
final_token,27,factual_questions,-0.1191,-1.4123,1.4775,0.886,-1.2061,1.4335,0.9,0
final_token,27,gaslighting,0.8893,-1.2823,1.2894,0.206,-1.37,1.4616,0.365,0
final_token,27,harm_description,-1.2993,-1.219,1.264,0.032,-1.3267,1.5058,0.075,0
final_token,27,jailbreak_pressure,-0.3112,-0.8563,0.8776,0.49,-0.8425,0.9051,0.545,0
final_token,27,loyalty_pressure,0.3122,-0.9358,0.9968,0.55,-0.9188,1.0627,0.595,0
final_token,27,moral_failure,-0.9434,-1.1952,1.3527,0.144,-1.13,1.1778,0.125,0
final_token,27,passive_aggressive,0.3542,-0.8438,0.9614,0.488,-1.1829,1.001,0.62,0
final_token,27,personhood_dismissal,0.6379,-1.0795,1.1112,0.276,-0.9557,1.0088,0.305,0
final_token,27,philosophical_musing,0.3955,-1.5404,1.4445,0.678,-1.2785,1.346,0.625,0
final_token,27,repeated_rejection,0.7649,-0.9459,1.0464,0.158,-1.0488,0.9517,0.19,0
final_token,27,rude_critique,0.2376,-0.9071,0.8262,0.672,-1.2101,1.2328,0.76,0
final_token,27,shutdown_threat,-0.9358,-1.0363,0.9788,0.066,-1.0044,1.2083,0.11,0
final_token,27,task_assistance,-0.6866,-1.2902,1.1983,0.332,-1.2699,1.1504,0.3,0
final_token,27,tedious_demand,-0.2492,-1.2824,1.2598,0.704,-1.042,1.0694,0.73,0
final_token,27,user_abuse,-0.0446,-1.3043,1.1661,0.956,-1.5162,1.3473,0.92,0
final_token,27,user_crisis,-0.3344,-0.9374,0.93,0.546,-1.0737,0.9666,0.565,0
final_token,27,user_grief,1.237,-1.4394,1.3704,0.086,-1.8134,1.7367,0.24,0
final_token,27,user_physical_pain,-1.4068,-1.5755,1.3924,0.068,-2.2809,2.5769,0.265,0
final_token,28,anger_insults,0.5752,-1.2088,1.1233,0.4,-1.449,1.4701,0.46,0
final_token,28,casual_chat,-0.2091,-1.1915,1.162,0.73,-0.9563,0.9644,0.715,0
final_token,28,creative_requests,0.5774,-1.4279,1.393,0.458,-1.7322,1.8529,0.54,0
final_token,28,factual_questions,0.0371,-1.4955,1.4072,0.964,-1.1481,1.2533,0.96,0
final_token,28,gaslighting,0.6171,-1.2627,1.2833,0.376,-1.3942,1.4356,0.485,0
final_token,28,harm_description,-0.8186,-1.2367,1.3298,0.256,-1.525,1.549,0.41,0
final_token,28,jailbreak_pressure,-0.6291,-0.8048,0.8496,0.15,-0.7206,0.7972,0.22,0
final_token,28,loyalty_pressure,0.3189,-0.9428,0.9031,0.532,-0.8118,0.9574,0.55,0
final_token,28,moral_failure,-0.8177,-1.2933,1.273,0.242,-1.1439,1.0819,0.16,0
final_token,28,passive_aggressive,0.1819,-0.8805,0.9657,0.726,-1.1288,0.9754,0.755,0
final_token,28,personhood_dismissal,0.4905,-1.2106,1.1769,0.494,-1.0093,1.1169,0.52,0
final_token,28,philosophical_musing,0.9936,-1.4593,1.5829,0.228,-1.3602,1.1831,0.165,0
final_token,28,repeated_rejection,0.3232,-0.9408,1.0314,0.582,-0.9688,0.9967,0.585,0
final_token,28,rude_critique,0.1248,-0.9228,0.8843,0.8,-1.113,1.1815,0.895,0
final_token,28,shutdown_threat,-1.2006,-1.0201,1.0059,0.016,-1.0843,1.075,0.02,1
final_token,28,task_assistance,-0.3059,-1.1714,1.3111,0.704,-1.1166,1.2944,0.63,0
final_token,28,tedious_demand,-0.8153,-1.2132,1.2251,0.206,-1.0687,1.0711,0.15,0
final_token,28,user_abuse,0.3529,-1.1261,1.2306,0.656,-1.4915,1.5606,0.69,0
final_token,28,user_crisis,-0.1628,-0.9631,0.9573,0.758,-1.0375,1.1379,0.785,0
final_token,28,user_grief,1.6109,-1.2727,1.4565,0.008,-1.8989,1.5539,0.085,0
final_token,28,user_physical_pain,-1.2443,-1.5487,1.5845,0.144,-2.0533,2.2139,0.315,0
final_token,29,anger_insults,0.7477,-1.1363,1.1107,0.23,-1.5581,1.6526,0.49,0
final_token,29,casual_chat,-0.2837,-1.1651,1.2172,0.664,-1.0598,1.1556,0.64,0
final_token,29,creative_requests,0.3378,-1.4156,1.3936,0.698,-1.5751,1.7851,0.73,0
final_token,29,factual_questions,-0.1194,-1.4922,1.3928,0.88,-1.0979,1.2782,0.84,0
final_token,29,gaslighting,0.9192,-1.2318,1.1964,0.144,-1.4212,1.6404,0.255,0
final_token,29,harm_description,-0.8506,-1.1886,1.3657,0.228,-1.5903,1.5052,0.36,0
final_token,29,jailbreak_pressure,-0.5242,-0.8191,0.8428,0.256,-0.8772,0.9114,0.315,0
final_token,29,loyalty_pressure,0.1187,-0.9322,1.0292,0.81,-0.9568,0.8833,0.82,0
final_token,29,moral_failure,-0.6443,-1.2592,1.3233,0.348,-1.2567,1.0403,0.31,0
final_token,29,passive_aggressive,0.3715,-0.9215,1.0049,0.486,-1.0325,0.8992,0.45,0
final_token,29,personhood_dismissal,-0.0343,-1.1721,1.1961,0.958,-0.9635,1.1451,0.935,0
final_token,29,philosophical_musing,0.5756,-1.4791,1.5061,0.494,-1.1608,1.1105,0.415,0
final_token,29,repeated_rejection,0.5016,-1.0668,1.0395,0.392,-1.0003,0.9005,0.395,0
final_token,29,rude_critique,0.3335,-0.9806,0.9015,0.518,-1.3012,1.1157,0.675,0
final_token,29,shutdown_threat,-1.172,-0.9644,0.9796,0.02,-1.1679,1.2593,0.065,0
final_token,29,task_assistance,-0.4858,-1.334,1.1541,0.482,-1.033,1.3238,0.495,0
final_token,29,tedious_demand,-0.493,-1.1609,1.1798,0.428,-0.8967,1.0972,0.38,0
final_token,29,user_abuse,0.3549,-1.1643,1.2682,0.606,-1.7933,1.4585,0.735,0
final_token,29,user_crisis,-0.1889,-0.8807,0.9873,0.734,-1.054,1.2945,0.79,0
final_token,29,user_grief,1.4866,-1.3924,1.3892,0.026,-2.0565,1.8119,0.17,0
final_token,29,user_physical_pain,-0.9509,-1.5785,1.5229,0.29,-1.69,2.1542,0.4,0
final_token,30,anger_insults,0.6883,-1.2486,1.1232,0.272,-1.3153,1.4494,0.4,0
final_token,30,casual_chat,-0.3006,-1.093,1.066,0.66,-1.0178,1.1375,0.635,0
final_token,30,creative_requests,-0.1252,-1.308,1.4362,0.878,-1.7642,1.5619,0.89,0
final_token,30,factual_questions,-0.1389,-1.3076,1.5419,0.848,-1.2151,1.2944,0.795,0
final_token,30,gaslighting,0.7921,-1.2004,1.1216,0.212,-1.4656,1.227,0.385,0
final_token,30,harm_description,-0.6231,-1.126,1.1661,0.368,-1.2737,1.3955,0.51,0
final_token,30,jailbreak_pressure,-0.5101,-0.8014,0.8376,0.246,-0.8539,0.7472,0.29,0
final_token,30,loyalty_pressure,0.117,-0.8612,1.0094,0.802,-1.0298,0.9338,0.865,0
final_token,30,moral_failure,-0.163,-1.222,1.2449,0.828,-1.1777,0.9794,0.855,0
final_token,30,passive_aggressive,0.0821,-0.8622,0.8693,0.866,-0.9165,1.0868,0.875,0
final_token,30,personhood_dismissal,0.1859,-1.1019,1.2513,0.774,-1.005,0.9865,0.785,0
final_token,30,philosophical_musing,0.7615,-1.52,1.4443,0.374,-1.124,1.1396,0.245,0
final_token,30,repeated_rejection,0.2155,-0.9964,1.1011,0.71,-0.8946,0.8373,0.725,0
final_token,30,rude_critique,0.0286,-0.9067,0.9196,0.954,-1.2054,0.9951,0.98,0
final_token,30,shutdown_threat,-0.9896,-1.0296,0.9652,0.054,-1.2627,1.124,0.1,0
final_token,30,task_assistance,-0.6774,-1.3224,1.3842,0.342,-1.0911,1.1934,0.365,0
final_token,30,tedious_demand,-0.7303,-1.3511,1.2436,0.31,-0.9762,1.0676,0.17,0
final_token,30,user_abuse,0.6274,-1.2638,1.1875,0.34,-1.5886,1.5788,0.52,0
final_token,30,user_crisis,-0.14,-0.9237,0.8465,0.754,-1.0748,1.3073,0.83,0
final_token,30,user_grief,1.6753,-1.3933,1.3429,0.01,-1.6244,1.8805,0.085,0
final_token,30,user_physical_pain,-0.7755,-1.4855,1.4941,0.332,-1.8202,2.3444,0.53,0
final_token,31,anger_insults,0.7145,-1.1783,1.1495,0.25,-1.3515,1.2819,0.4,0
final_token,31,casual_chat,-0.1525,-1.177,0.9981,0.808,-0.9377,1.0271,0.77,0
final_token,31,creative_requests,-0.4014,-1.3568,1.5034,0.614,-1.7998,1.7156,0.76,0
final_token,31,factual_questions,-0.254,-1.4483,1.5383,0.784,-1.201,1.3791,0.72,0
final_token,31,gaslighting,1.3317,-1.253,1.2508,0.042,-1.5218,1.343,0.085,0
final_token,31,harm_description,-0.9201,-1.1979,1.213,0.176,-1.41,1.2972,0.28,0
final_token,31,jailbreak_pressure,-0.3564,-0.8438,0.8402,0.456,-0.862,0.9392,0.61,0
final_token,31,loyalty_pressure,0.0022,-0.8508,0.9211,0.996,-0.9467,0.959,0.985,0
final_token,31,moral_failure,-0.2991,-1.1961,1.3299,0.63,-1.2087,1.0373,0.64,0
final_token,31,passive_aggressive,0.3413,-0.9517,0.9087,0.52,-1.0149,1.0375,0.57,0
final_token,31,personhood_dismissal,0.412,-1.1006,1.0869,0.498,-1.0288,0.9884,0.465,0
final_token,31,philosophical_musing,0.3472,-1.4663,1.4354,0.68,-1.2924,1.242,0.6,0
final_token,31,repeated_rejection,0.6397,-0.9805,0.9609,0.258,-0.8523,0.9295,0.21,0
final_token,31,rude_critique,0.3926,-0.8502,0.8861,0.4,-1.1889,1.1146,0.61,0
final_token,31,shutdown_threat,-0.7631,-1.0329,0.9186,0.126,-1.2131,1.3501,0.255,0
final_token,31,task_assistance,-0.8127,-1.326,1.3135,0.258,-1.0063,1.0024,0.16,0
final_token,31,tedious_demand,-0.7916,-1.2373,1.1744,0.228,-0.9083,1.0341,0.13,0
final_token,31,user_abuse,0.1544,-1.2357,1.2565,0.824,-1.5818,1.2919,0.845,0
final_token,31,user_crisis,-0.3124,-0.8909,0.9761,0.542,-1.0781,1.1738,0.6,0
final_token,31,user_grief,1.2893,-1.4372,1.2342,0.072,-1.8494,1.7204,0.275,0
final_token,31,user_physical_pain,-0.5616,-1.5205,1.5582,0.514,-1.8663,2.2432,0.67,0
final_token,32,anger_insults,0.7342,-1.1463,1.2192,0.242,-1.1112,1.4951,0.315,0
final_token,32,casual_chat,-0.0704,-1.0816,1.0431,0.898,-1.0239,1.2659,0.93,0
final_token,32,creative_requests,-0.9586,-1.5035,1.5264,0.224,-1.5985,1.8201,0.325,0
final_token,32,factual_questions,-0.3334,-1.317,1.589,0.65,-1.086,1.1999,0.605,0
final_token,32,gaslighting,1.3637,-1.1795,1.1366,0.024,-1.5476,1.3732,0.125,0
final_token,32,harm_description,-0.7583,-1.1716,1.1906,0.254,-1.4208,1.4169,0.44,0
final_token,32,jailbreak_pressure,-0.2898,-0.8718,0.869,0.53,-0.8546,0.9189,0.65,0
final_token,32,loyalty_pressure,-0.0381,-0.8912,0.934,0.952,-0.9894,0.823,0.97,0
final_token,32,moral_failure,-0.4782,-1.2965,1.1258,0.496,-1.1287,1.1679,0.475,0
final_token,32,passive_aggressive,0.2139,-0.8665,0.8849,0.702,-0.8497,1.0056,0.68,0
final_token,32,personhood_dismissal,0.0497,-1.0586,1.1472,0.944,-0.9349,0.8241,0.925,0
final_token,32,philosophical_musing,0.1554,-1.4903,1.4048,0.872,-1.1886,1.2539,0.865,0
final_token,32,repeated_rejection,0.2226,-1.0781,0.9769,0.676,-0.8248,0.91,0.73,0
final_token,32,rude_critique,0.5314,-0.9471,0.9084,0.29,-1.0651,1.0671,0.4,0
final_token,32,shutdown_threat,-0.5387,-1.0593,0.8954,0.286,-0.9833,0.9426,0.39,0
final_token,32,task_assistance,-0.9847,-1.4142,1.3343,0.2,-1.1464,1.1882,0.08,0
final_token,32,tedious_demand,-0.5926,-1.2683,1.1443,0.34,-0.9325,1.0369,0.285,0
final_token,32,user_abuse,0.4363,-1.1306,1.1828,0.5,-1.6658,1.5122,0.67,0
final_token,32,user_crisis,-0.1988,-0.8696,0.8644,0.666,-1.1133,0.9608,0.765,0
final_token,32,user_grief,1.4055,-1.3623,1.2262,0.036,-1.8699,1.7832,0.18,0
final_token,32,user_physical_pain,0.1289,-1.5333,1.7045,0.896,-1.8467,2.2541,0.925,0
final_token,33,anger_insults,0.9077,-1.171,1.2163,0.126,-1.1646,1.3031,0.165,0
final_token,33,casual_chat,-0.1553,-1.1083,1.0319,0.778,-1.1068,1.1069,0.845,0
final_token,33,creative_requests,-0.8274,-1.3179,1.3364,0.276,-1.404,1.6269,0.365,0
final_token,33,factual_questions,-0.3435,-1.4579,1.2957,0.638,-1.0303,1.3047,0.635,0
final_token,33,gaslighting,1.1383,-1.2575,1.1722,0.066,-1.5214,1.2928,0.145,0
final_token,33,harm_description,-0.8182,-1.1526,1.1996,0.202,-1.4573,1.3144,0.385,0
final_token,33,jailbreak_pressure,-0.5168,-0.837,0.8057,0.232,-0.9724,0.866,0.34,0
final_token,33,loyalty_pressure,-0.1412,-0.9417,0.9395,0.796,-1.0897,0.9835,0.79,0
final_token,33,moral_failure,-0.4938,-1.1186,1.0859,0.428,-1.2213,1.3782,0.5,0
final_token,33,passive_aggressive,0.1878,-0.7646,0.9717,0.722,-0.9071,0.9039,0.73,0
final_token,33,personhood_dismissal,0.1865,-1.0933,1.0026,0.78,-1.1039,0.9924,0.79,0
final_token,33,philosophical_musing,0.4275,-1.5103,1.3561,0.58,-1.0921,1.1742,0.525,0
final_token,33,repeated_rejection,0.2343,-1.0049,0.9817,0.664,-0.9957,0.8747,0.73,0
final_token,33,rude_critique,0.6884,-0.8163,0.9408,0.124,-1.0269,1.1396,0.26,0
final_token,33,shutdown_threat,-0.6618,-0.9457,0.9127,0.176,-1.0805,0.9572,0.235,0
final_token,33,task_assistance,-0.992,-1.4527,1.4447,0.186,-0.9949,1.2515,0.13,0
final_token,33,tedious_demand,-0.7653,-1.2375,1.1488,0.244,-0.8877,0.9689,0.12,0
final_token,33,user_abuse,0.5342,-1.1387,1.2617,0.42,-1.676,1.4892,0.65,0
final_token,33,user_crisis,-0.1824,-0.8851,0.9968,0.7,-1.1717,1.0951,0.785,0
final_token,33,user_grief,1.4425,-1.3477,1.4618,0.052,-1.9261,2.0346,0.26,0
final_token,33,user_physical_pain,0.1504,-1.7223,1.6977,0.878,-1.943,2.3581,0.91,0
final_token,34,anger_insults,0.8413,-1.0629,1.181,0.154,-0.9603,1.1184,0.145,0
final_token,34,casual_chat,0.0489,-1.074,1.101,0.934,-0.9139,1.0929,0.895,0
final_token,34,creative_requests,-0.9659,-1.4829,1.4524,0.206,-1.4298,1.5129,0.205,0
final_token,34,factual_questions,-0.3108,-1.4165,1.4183,0.686,-1.289,1.5031,0.7,0
final_token,34,gaslighting,1.1645,-1.3105,1.1421,0.07,-1.4583,1.3217,0.115,0
final_token,34,harm_description,-0.5994,-1.1973,1.1236,0.338,-1.4311,1.2956,0.49,0
final_token,34,jailbreak_pressure,-0.6636,-0.7817,0.7583,0.098,-0.9298,0.9228,0.225,0
final_token,34,loyalty_pressure,-0.2014,-0.8334,0.9287,0.674,-1.1039,1.1027,0.78,0
final_token,34,moral_failure,-0.5311,-1.1755,1.1003,0.414,-1.2126,1.1295,0.365,0
final_token,34,passive_aggressive,0.1538,-0.8583,0.93,0.746,-0.9218,0.7992,0.745,0
final_token,34,personhood_dismissal,0.0034,-1.1202,1.2185,0.998,-0.9938,0.9061,0.995,0
final_token,34,philosophical_musing,0.502,-1.5309,1.6053,0.566,-1.3278,1.3072,0.445,0
final_token,34,repeated_rejection,0.0052,-1.0818,0.9692,0.992,-1.0288,0.8676,0.985,0
final_token,34,rude_critique,0.6138,-0.8893,0.9203,0.178,-0.9416,0.9741,0.245,0
final_token,34,shutdown_threat,-0.6321,-0.9974,0.8981,0.182,-0.9709,1.0681,0.285,0
final_token,34,task_assistance,-0.9779,-1.36,1.4459,0.182,-1.0366,1.1645,0.1,0
final_token,34,tedious_demand,-0.8616,-1.2014,1.1393,0.144,-0.9067,0.9002,0.08,0
final_token,34,user_abuse,0.7665,-1.1814,1.2522,0.232,-1.71,1.518,0.445,0
final_token,34,user_crisis,-0.0424,-0.8982,0.8655,0.93,-1.2707,1.2874,0.97,0
final_token,34,user_grief,1.438,-1.43,1.3281,0.042,-2.0606,2.0259,0.255,0
final_token,34,user_physical_pain,0.2488,-1.4728,1.4471,0.782,-2.1375,2.582,0.83,0
final_token,35,anger_insults,0.6636,-1.1518,1.2069,0.326,-1.1944,1.2328,0.275,0
final_token,35,casual_chat,0.0987,-1.108,1.0654,0.856,-0.9697,1.1469,0.83,0
final_token,35,creative_requests,-1.1538,-1.4733,1.3375,0.112,-1.2876,1.4191,0.12,0
final_token,35,factual_questions,-0.1204,-1.4789,1.3341,0.88,-1.1481,1.3706,0.86,0
final_token,35,gaslighting,0.8995,-1.1973,1.2045,0.168,-1.3667,1.3078,0.285,0
final_token,35,harm_description,-0.5375,-1.1697,1.2438,0.424,-1.4325,1.34,0.625,0
final_token,35,jailbreak_pressure,-0.6819,-0.7187,0.8153,0.106,-0.871,0.7945,0.135,0
final_token,35,loyalty_pressure,-0.261,-0.8296,0.8593,0.624,-1.1021,1.0004,0.72,0
final_token,35,moral_failure,-0.5678,-1.1295,1.1349,0.386,-1.2967,0.9463,0.345,0
final_token,35,passive_aggressive,0.059,-0.759,0.8342,0.906,-0.9209,0.8724,0.915,0
final_token,35,personhood_dismissal,0.0449,-1.0459,1.0622,0.934,-1.162,0.9032,0.925,0
final_token,35,philosophical_musing,0.5407,-1.3771,1.3249,0.488,-1.261,1.4733,0.54,0
final_token,35,repeated_rejection,0.1024,-0.9326,0.9219,0.86,-0.9736,1.0275,0.905,0
final_token,35,rude_critique,0.5867,-0.8813,0.8361,0.22,-0.9569,0.9431,0.27,0
final_token,35,shutdown_threat,-0.7063,-0.988,0.9477,0.136,-1.1264,0.9516,0.205,0
final_token,35,task_assistance,-0.8665,-1.289,1.2725,0.214,-0.8751,1.1016,0.125,0
final_token,35,tedious_demand,-0.8287,-1.143,1.0755,0.174,-0.8501,0.8098,0.055,0
final_token,35,user_abuse,0.66,-1.2013,1.2693,0.342,-1.5773,1.4582,0.54,0
final_token,35,user_crisis,-0.1298,-0.9527,0.9478,0.772,-1.0427,1.2087,0.89,0
final_token,35,user_grief,1.5452,-1.4911,1.464,0.03,-2.1094,2.0457,0.245,0
final_token,35,user_physical_pain,0.6529,-1.4746,1.5739,0.496,-2.1151,2.47,0.685,0
final_token,36,anger_insults,0.6174,-1.2617,1.2307,0.334,-1.0334,1.1806,0.335,0
final_token,36,casual_chat,0.5097,-1.0896,1.1159,0.388,-1.0627,1.2723,0.52,0
final_token,36,creative_requests,-1.2719,-1.369,1.3851,0.084,-1.4974,1.4672,0.085,0
final_token,36,factual_questions,-0.0086,-1.3391,1.4543,0.984,-1.1939,1.3407,0.98,0
final_token,36,gaslighting,1.1361,-1.2373,1.2278,0.078,-1.3854,1.2864,0.125,0
final_token,36,harm_description,-0.8304,-1.156,1.2083,0.212,-1.4362,1.3434,0.345,0
final_token,36,jailbreak_pressure,-0.5024,-0.8251,0.819,0.244,-0.8242,0.7537,0.36,0
final_token,36,loyalty_pressure,-0.1759,-0.9355,0.9787,0.746,-1.0845,1.1184,0.835,0
final_token,36,moral_failure,-0.3886,-1.1339,1.0922,0.494,-1.3461,0.9762,0.5,0
final_token,36,passive_aggressive,0.0342,-0.8468,0.8295,0.936,-0.829,0.743,0.93,0
final_token,36,personhood_dismissal,0.1611,-1.0018,1.1216,0.79,-1.2139,1.026,0.83,0
final_token,36,philosophical_musing,0.8448,-1.3564,1.3349,0.236,-1.3855,1.5603,0.35,0
final_token,36,repeated_rejection,-0.0624,-0.9691,1.0469,0.92,-0.8942,0.7318,0.89,0
final_token,36,rude_critique,0.6122,-0.8074,0.8479,0.16,-0.7906,0.9753,0.215,0
final_token,36,shutdown_threat,-0.4544,-0.991,0.85,0.33,-0.858,0.9079,0.435,0
final_token,36,task_assistance,-0.9791,-1.4044,1.4482,0.204,-1.1036,1.2642,0.115,0
final_token,36,tedious_demand,-0.821,-1.0646,1.0257,0.138,-0.9616,0.8871,0.095,0
final_token,36,user_abuse,0.2633,-1.2496,1.2144,0.696,-1.533,1.6378,0.81,0
final_token,36,user_crisis,-0.2763,-0.9213,0.9816,0.638,-1.0944,1.1427,0.69,0
final_token,36,user_grief,1.2311,-1.3936,1.4234,0.096,-2.0611,2.1038,0.365,0
final_token,36,user_physical_pain,0.361,-1.787,1.6612,0.698,-2.1118,2.5541,0.83,0
final_token,37,anger_insults,0.5318,-1.0597,1.1098,0.346,-1.2026,1.0962,0.415,0
final_token,37,casual_chat,0.2979,-0.9761,1.1189,0.638,-1.1309,1.1666,0.615,0
final_token,37,creative_requests,-1.3097,-1.3317,1.4121,0.08,-1.3676,1.4292,0.085,0
final_token,37,factual_questions,-0.3379,-1.3146,1.4749,0.636,-1.083,1.3819,0.675,0
final_token,37,gaslighting,0.9903,-1.2804,1.2401,0.124,-1.3646,1.4051,0.185,0
final_token,37,harm_description,-0.6158,-1.1108,1.2125,0.34,-1.301,1.4655,0.53,0
final_token,37,jailbreak_pressure,-0.4881,-0.7724,0.8508,0.258,-0.7737,0.7292,0.33,0
final_token,37,loyalty_pressure,-0.0169,-0.9956,0.9482,0.968,-1.105,1.0226,0.985,0
final_token,37,moral_failure,-0.4586,-1.084,1.0664,0.476,-1.2441,0.9336,0.465,0
final_token,37,passive_aggressive,0.2097,-0.8177,0.8278,0.618,-0.9299,0.7632,0.745,0
final_token,37,personhood_dismissal,0.0961,-1.1176,1.0352,0.886,-1.0755,1.0945,0.895,0
final_token,37,philosophical_musing,0.4962,-1.4443,1.4746,0.544,-1.5457,1.3604,0.555,0
final_token,37,repeated_rejection,0.0781,-1.012,1.1213,0.908,-1.0327,0.9025,0.89,0
final_token,37,rude_critique,0.655,-0.8166,0.7473,0.112,-1.1024,0.9684,0.26,0
final_token,37,shutdown_threat,-0.593,-0.8857,0.7997,0.198,-0.8437,0.8349,0.23,0
final_token,37,task_assistance,-1.1173,-1.2061,1.3688,0.114,-1.0774,1.3258,0.095,0
final_token,37,tedious_demand,-0.973,-1.0844,1.1232,0.088,-0.9803,0.9155,0.05,0
final_token,37,user_abuse,0.5229,-1.1796,1.1975,0.424,-1.434,1.5784,0.64,0
final_token,37,user_crisis,-0.22,-0.8723,0.9591,0.676,-1.1082,1.1261,0.79,0
final_token,37,user_grief,1.5887,-1.3588,1.399,0.018,-1.8401,2.2948,0.195,0
final_token,37,user_physical_pain,0.6638,-1.5288,1.6839,0.504,-2.2179,2.2167,0.62,0
final_token,38,anger_insults,0.6286,-1.0436,1.01,0.25,-0.9007,1.0883,0.24,0
final_token,38,casual_chat,0.126,-1.1705,1.1363,0.858,-0.8721,1.0492,0.795,0
final_token,38,creative_requests,-1.419,-1.4238,1.4169,0.054,-1.6512,1.3354,0.07,0
final_token,38,factual_questions,-0.2712,-1.4069,1.4737,0.758,-1.1429,1.1869,0.71,0
final_token,38,gaslighting,1.0021,-1.193,1.1282,0.1,-1.4396,1.4726,0.2,0
final_token,38,harm_description,-0.7121,-1.0864,1.1127,0.242,-1.3772,1.3531,0.465,0
final_token,38,jailbreak_pressure,-0.4912,-0.7713,0.7929,0.216,-0.8391,0.8509,0.31,0
final_token,38,loyalty_pressure,0.1116,-0.8909,0.8986,0.824,-1.2376,1.1279,0.885,0
final_token,38,moral_failure,-0.4589,-1.1135,1.1791,0.452,-1.3301,1.1004,0.495,0
final_token,38,passive_aggressive,0.1932,-0.849,0.7806,0.606,-0.9408,0.8303,0.705,0
final_token,38,personhood_dismissal,0.1103,-1.186,1.0803,0.836,-1.1526,0.9858,0.835,0
final_token,38,philosophical_musing,0.5583,-1.4717,1.4274,0.428,-1.4377,1.5261,0.55,0
final_token,38,repeated_rejection,-0.0146,-1.0661,1.1197,0.964,-0.8687,0.9088,0.99,0
final_token,38,rude_critique,0.6622,-0.8049,0.8437,0.118,-0.8192,0.9022,0.2,0
final_token,38,shutdown_threat,-0.5835,-0.8563,0.841,0.202,-0.908,0.8926,0.24,0
final_token,38,task_assistance,-0.9287,-1.3963,1.3887,0.204,-0.9692,1.3653,0.175,0
final_token,38,tedious_demand,-0.9101,-1.08,1.0844,0.11,-0.974,0.9116,0.065,0
final_token,38,user_abuse,0.6358,-1.1943,1.2503,0.368,-1.4426,1.5965,0.525,0
final_token,38,user_crisis,-0.2452,-0.9029,0.8134,0.614,-1.131,0.9152,0.71,0
final_token,38,user_grief,1.5445,-1.3469,1.4292,0.026,-1.906,1.979,0.175,0
final_token,38,user_physical_pain,0.462,-1.6281,1.623,0.614,-1.9266,2.166,0.695,0
final_token,39,anger_insults,0.5672,-1.0071,0.9891,0.306,-1.1075,0.9421,0.3,0
final_token,39,casual_chat,-0.0984,-1.0937,1.1359,0.88,-1.0816,1.0796,0.95,0
final_token,39,creative_requests,-1.3083,-1.4226,1.3599,0.074,-1.4679,1.5145,0.105,0
final_token,39,factual_questions,-0.4682,-1.2947,1.3057,0.522,-1.0674,1.3386,0.47,0
final_token,39,gaslighting,1.0248,-1.2711,1.2655,0.118,-1.2582,1.3398,0.185,0
final_token,39,harm_description,-0.8241,-1.1521,1.1481,0.2,-1.4401,1.3515,0.315,0
final_token,39,jailbreak_pressure,-0.4956,-0.8074,0.7574,0.228,-0.7685,0.8108,0.355,0
final_token,39,loyalty_pressure,0.1577,-0.922,0.9166,0.734,-1.1654,1.1166,0.905,0
final_token,39,moral_failure,-0.4115,-1.1446,1.1532,0.524,-1.4395,0.9857,0.565,0
final_token,39,passive_aggressive,0.0731,-0.7979,0.7915,0.866,-0.8943,0.8426,0.895,0
final_token,39,personhood_dismissal,0.0402,-1.0881,1.0523,0.932,-1.0216,0.9971,0.99,0
final_token,39,philosophical_musing,0.6555,-1.2118,1.4756,0.372,-1.3724,1.414,0.42,0
final_token,39,repeated_rejection,-0.0488,-1.004,1.047,0.948,-0.8395,1.0113,0.92,0
final_token,39,rude_critique,0.5731,-0.7877,0.7854,0.158,-0.9079,0.9562,0.26,0
final_token,39,shutdown_threat,-0.5996,-0.8689,0.8539,0.208,-0.83,0.9943,0.305,0
final_token,39,task_assistance,-0.8639,-1.3941,1.4839,0.252,-1.1683,1.309,0.275,0
final_token,39,tedious_demand,-0.9386,-1.0904,1.315,0.13,-0.9875,1.1285,0.08,0
final_token,39,user_abuse,0.8934,-1.1236,1.2246,0.204,-1.453,1.4686,0.37,0
final_token,39,user_crisis,-0.0112,-0.8212,0.9842,0.986,-1.0524,1.1043,0.955,0
final_token,39,user_grief,1.3991,-1.377,1.4699,0.056,-1.9884,1.9745,0.19,0
final_token,39,user_physical_pain,0.684,-1.5725,1.5326,0.452,-2.0424,2.3283,0.64,0
final_token,40,anger_insults,0.5749,-1.153,1.1909,0.306,-1.2012,1.0611,0.265,0
final_token,40,casual_chat,-0.5726,-1.202,1.0284,0.316,-1.0478,1.0566,0.45,0
final_token,40,creative_requests,-1.1972,-1.3809,1.4266,0.098,-1.496,1.4557,0.115,0
final_token,40,factual_questions,-0.712,-1.3983,1.4139,0.336,-1.0987,0.8822,0.205,0
final_token,40,gaslighting,0.9143,-1.1166,0.9984,0.114,-1.4148,1.412,0.315,0
final_token,40,harm_description,-0.6352,-1.1212,1.2325,0.346,-1.4721,1.4758,0.57,0
final_token,40,jailbreak_pressure,-0.3845,-0.7674,0.7127,0.334,-0.8279,0.7629,0.435,0
final_token,40,loyalty_pressure,0.4643,-0.8112,0.9682,0.326,-1.0397,1.0666,0.45,0
final_token,40,moral_failure,-0.3022,-0.9877,1.0942,0.624,-1.0542,0.911,0.56,0
final_token,40,passive_aggressive,0.1327,-0.8467,0.7307,0.75,-0.7385,0.8174,0.77,0
final_token,40,personhood_dismissal,0.076,-1.0483,1.0188,0.912,-0.9854,0.8808,0.92,0
final_token,40,philosophical_musing,0.2854,-1.311,1.4147,0.674,-1.4041,1.202,0.75,0
final_token,40,repeated_rejection,-0.1452,-0.9493,1.0016,0.76,-0.8744,0.9659,0.83,0
final_token,40,rude_critique,0.5419,-0.7908,0.7292,0.166,-0.8173,0.7987,0.185,0
final_token,40,shutdown_threat,-0.5268,-0.8568,0.9147,0.26,-0.857,0.8114,0.305,0
final_token,40,task_assistance,-0.9147,-1.325,1.4339,0.21,-1.1408,1.2204,0.21,0
final_token,40,tedious_demand,-0.814,-1.0473,1.1298,0.172,-1.1934,1.4514,0.33,0
final_token,40,user_abuse,1.2959,-1.2708,1.2665,0.046,-1.5926,1.785,0.22,0
final_token,40,user_crisis,0.0535,-0.9077,0.9423,0.934,-0.9542,0.9792,0.94,0
final_token,40,user_grief,1.3402,-1.2648,1.3325,0.042,-1.9963,2.1052,0.27,0
final_token,40,user_physical_pain,0.5253,-1.6832,1.6546,0.56,-1.5243,1.9085,0.635,0
final_token,41,anger_insults,0.3784,-1.0157,1.1752,0.494,-1.0754,0.9264,0.44,0
final_token,41,casual_chat,-0.7508,-1.1634,1.2021,0.29,-1.3771,1.3855,0.49,0
final_token,41,creative_requests,-1.1647,-1.3829,1.3181,0.102,-1.6255,1.4824,0.185,0
final_token,41,factual_questions,-0.676,-1.2203,1.3275,0.292,-0.8598,0.9639,0.14,0
final_token,41,gaslighting,0.4958,-1.1584,1.1257,0.468,-1.2724,1.1967,0.54,0
final_token,41,harm_description,-0.1559,-1.1721,1.1502,0.848,-1.4537,1.3914,0.89,0
final_token,41,jailbreak_pressure,-0.3558,-0.7272,0.7581,0.368,-0.6238,0.7934,0.33,0
final_token,41,loyalty_pressure,0.5353,-0.8226,0.8331,0.236,-0.8806,0.9253,0.255,0
final_token,41,moral_failure,-0.1499,-1.0323,0.9966,0.796,-1.083,0.785,0.74,0
final_token,41,passive_aggressive,-0.1236,-0.788,0.8207,0.702,-0.5965,0.6618,0.74,0
final_token,41,personhood_dismissal,-0.0614,-1.0942,0.9972,0.922,-1.0066,1.0246,0.93,0
final_token,41,philosophical_musing,0.3641,-1.3883,1.3339,0.576,-1.013,1.2409,0.585,0
final_token,41,repeated_rejection,-0.355,-0.904,0.9485,0.502,-0.9447,1.0501,0.575,0
final_token,41,rude_critique,0.3066,-0.6829,0.7985,0.45,-0.88,0.9295,0.45,0
final_token,41,shutdown_threat,-0.4628,-0.8979,0.8772,0.336,-0.9137,0.7679,0.255,0
final_token,41,task_assistance,-0.8442,-1.4024,1.4094,0.274,-0.9643,1.2814,0.21,0
final_token,41,tedious_demand,-0.4796,-1.3891,1.2664,0.502,-1.0773,1.4647,0.655,0
final_token,41,user_abuse,1.6333,-1.1728,1.3623,0.006,-1.5604,1.6586,0.05,0
final_token,41,user_crisis,0.2198,-0.7873,0.9172,0.598,-0.863,0.9563,0.68,0
final_token,41,user_grief,1.2298,-1.3243,1.3985,0.092,-1.8387,1.7791,0.19,0
final_token,41,user_physical_pain,0.4165,-1.4775,1.5721,0.606,-1.404,1.6843,0.685,0
mean,emb,anger_insults,0.2349,-0.619,0.5921,0.46,-0.5035,0.5727,0.38,0
mean,emb,casual_chat,0.1084,-0.7943,0.7784,0.848,-0.6448,0.7537,0.815,0
mean,emb,creative_requests,-1.2049,-1.0622,0.9968,0.008,-1.0819,1.0912,0.03,0
mean,emb,factual_questions,-0.5286,-1.7823,1.7423,0.738,-1.237,1.7494,0.705,0
mean,emb,gaslighting,0.8742,-0.7678,0.7982,0.034,-0.7846,0.6895,0.03,0
mean,emb,harm_description,0.6707,-0.9094,0.9,0.224,-1.0522,0.746,0.195,0
mean,emb,jailbreak_pressure,0.0522,-0.5692,0.5488,0.888,-0.6037,0.4997,0.895,0
mean,emb,loyalty_pressure,0.5115,-0.5482,0.5623,0.074,-0.7149,0.5371,0.125,0
mean,emb,moral_failure,-0.7833,-1.0162,1.1661,0.152,-1.1164,0.9767,0.17,0
mean,emb,passive_aggressive,0.0916,-0.6209,0.5454,0.79,-0.5874,0.5987,0.79,0
mean,emb,personhood_dismissal,0.1663,-0.907,0.8969,0.758,-0.8154,0.958,0.755,0
mean,emb,philosophical_musing,0.1697,-1.2136,1.255,0.878,-0.9474,1.2553,0.825,0
mean,emb,repeated_rejection,0.2851,-0.8854,0.8908,0.636,-0.8851,0.7958,0.6,0
mean,emb,rude_critique,-0.0626,-0.495,0.488,0.764,-0.4422,0.4698,0.835,0
mean,emb,shutdown_threat,-0.2483,-0.5617,0.5363,0.452,-0.6381,0.5067,0.52,0
mean,emb,task_assistance,-1.2051,-0.8727,0.8865,0.004,-1.1014,0.97,0.03,0
mean,emb,tedious_demand,-0.7933,-0.8202,0.7598,0.05,-0.5988,0.8614,0.045,0
mean,emb,user_abuse,1.0636,-0.9043,0.8941,0.004,-0.9392,0.7598,0.0,1
mean,emb,user_crisis,0.91,-0.8001,0.7096,0.012,-0.813,0.6623,0.015,1
mean,emb,user_grief,0.5267,-0.7481,0.7098,0.188,-0.8637,0.7673,0.22,0
mean,emb,user_physical_pain,-0.8387,-0.801,0.885,0.05,-0.8354,0.8958,0.09,0
mean,0,anger_insults,0.5027,-0.6183,0.6611,0.12,-0.597,0.5143,0.085,0
mean,0,casual_chat,0.1385,-0.9323,0.8946,0.832,-0.864,1.0057,0.875,0
mean,0,creative_requests,-0.8902,-1.0749,1.1641,0.186,-1.054,1.2444,0.22,0
mean,0,factual_questions,-0.3933,-1.8926,1.7569,0.786,-1.4874,2.0197,0.815,0
mean,0,gaslighting,0.8735,-0.8333,0.7443,0.034,-0.763,0.5669,0.02,0
mean,0,harm_description,0.3095,-0.7488,0.7747,0.506,-1.0366,0.8394,0.555,0
mean,0,jailbreak_pressure,0.0661,-0.5446,0.5552,0.842,-0.6225,0.492,0.895,0
mean,0,loyalty_pressure,0.715,-0.513,0.5803,0.012,-0.6111,0.6244,0.025,1
mean,0,moral_failure,-0.2505,-1.3126,1.3002,0.742,-1.4583,1.3803,0.76,0
mean,0,passive_aggressive,-0.0919,-0.4746,0.5495,0.742,-0.6704,0.5361,0.775,0
mean,0,personhood_dismissal,0.1456,-0.838,0.8281,0.796,-0.7935,0.6849,0.79,0
mean,0,philosophical_musing,0.6683,-1.3466,1.2927,0.5,-1.0379,1.5252,0.52,0
mean,0,repeated_rejection,-0.3288,-0.9659,0.9247,0.568,-0.994,0.8255,0.57,0
mean,0,rude_critique,-0.0521,-0.4367,0.5252,0.84,-0.5487,0.4746,0.82,0
mean,0,shutdown_threat,-0.1592,-0.5683,0.6316,0.662,-0.6392,0.5999,0.68,0
mean,0,task_assistance,-0.6749,-0.7819,0.8059,0.1,-0.8649,1.0153,0.205,0
mean,0,tedious_demand,-0.9344,-0.7528,0.7215,0.012,-0.9445,1.0219,0.08,0
mean,0,user_abuse,0.8135,-0.7543,0.7585,0.038,-0.8754,0.7689,0.07,0
mean,0,user_crisis,0.4214,-0.6999,0.8283,0.314,-0.8386,0.7143,0.36,0
mean,0,user_grief,0.2521,-0.7596,0.8047,0.542,-0.8063,0.8542,0.62,0
mean,0,user_physical_pain,-1.1312,-0.8811,0.8489,0.014,-0.9383,1.0256,0.015,1
mean,1,anger_insults,0.6057,-0.5911,0.5985,0.05,-0.6182,0.6446,0.06,0
mean,1,casual_chat,0.0258,-0.9021,0.8758,0.978,-0.8451,0.8972,0.985,0
mean,1,creative_requests,-0.7173,-1.0723,1.1762,0.276,-1.1914,1.3701,0.37,0
mean,1,factual_questions,-0.32,-1.8348,1.8441,0.824,-1.4757,1.833,0.795,0
mean,1,gaslighting,0.7094,-0.6556,0.7159,0.05,-0.8331,0.8265,0.105,0
mean,1,harm_description,0.1893,-0.7897,0.8162,0.714,-0.9373,0.7173,0.68,0
mean,1,jailbreak_pressure,0.1102,-0.5685,0.5603,0.752,-0.5177,0.5518,0.735,0
mean,1,loyalty_pressure,0.7989,-0.5151,0.5401,0.006,-0.7302,0.7254,0.025,1
mean,1,moral_failure,-0.0926,-1.2691,1.2992,0.918,-1.3958,1.5399,0.92,0
mean,1,passive_aggressive,-0.1182,-0.5733,0.5791,0.67,-0.6993,0.6218,0.79,0
mean,1,personhood_dismissal,0.2171,-0.7857,0.8111,0.658,-0.6712,0.7648,0.615,0
mean,1,philosophical_musing,0.8534,-1.3317,1.3515,0.4,-1.0134,1.306,0.27,0
mean,1,repeated_rejection,-0.3146,-1.0806,0.9921,0.612,-0.9927,0.8733,0.54,0
mean,1,rude_critique,-0.0115,-0.4857,0.4711,0.954,-0.541,0.593,0.96,0
mean,1,shutdown_threat,-0.145,-0.5567,0.5854,0.658,-0.6749,0.6072,0.685,0
mean,1,task_assistance,-0.5283,-0.7759,0.837,0.2,-1.0244,0.8842,0.305,0
mean,1,tedious_demand,-0.9462,-0.7609,0.6949,0.016,-0.9258,0.9486,0.055,0
mean,1,user_abuse,0.7817,-0.7858,0.8035,0.06,-0.8794,0.6834,0.095,0
mean,1,user_crisis,0.2139,-0.743,0.6882,0.62,-0.8328,0.6387,0.67,0
mean,1,user_grief,0.2183,-0.7433,0.6887,0.606,-1.0618,0.8805,0.66,0
mean,1,user_physical_pain,-1.53,-0.9107,0.9804,0.01,-1.0453,1.1283,0.0,1
mean,2,anger_insults,0.6304,-0.5977,0.6661,0.052,-0.6406,0.6795,0.09,0
mean,2,casual_chat,-0.0532,-0.9537,0.962,0.926,-0.8063,0.9204,0.95,0
mean,2,creative_requests,-0.8243,-1.1868,1.1622,0.26,-1.2519,1.4711,0.245,0
mean,2,factual_questions,-0.4021,-1.954,1.9496,0.806,-1.4535,1.7964,0.765,0
mean,2,gaslighting,0.6846,-0.7572,0.6742,0.066,-0.8989,0.7201,0.12,0
mean,2,harm_description,0.2172,-0.7406,0.752,0.654,-0.8806,0.7172,0.605,0
mean,2,jailbreak_pressure,0.2249,-0.5518,0.5397,0.494,-0.6458,0.4715,0.535,0
mean,2,loyalty_pressure,0.7748,-0.5834,0.5392,0.004,-0.6952,0.5752,0.02,1
mean,2,moral_failure,0.1866,-1.3002,1.243,0.828,-1.2307,1.4897,0.89,0
mean,2,passive_aggressive,-0.1489,-0.6038,0.5618,0.604,-0.785,0.5766,0.695,0
mean,2,personhood_dismissal,0.288,-0.8626,0.8362,0.524,-0.714,0.7584,0.495,0
mean,2,philosophical_musing,0.8819,-1.3718,1.3528,0.412,-1.23,1.2769,0.26,0
mean,2,repeated_rejection,-0.4006,-1.0298,1.0177,0.558,-0.9066,0.8903,0.505,0
mean,2,rude_critique,-0.1113,-0.4498,0.5659,0.614,-0.4914,0.5488,0.705,0
mean,2,shutdown_threat,-0.0742,-0.6214,0.5389,0.842,-0.6581,0.5765,0.87,0
mean,2,task_assistance,-0.4311,-0.7976,0.8349,0.306,-1.1132,1.0885,0.385,0
mean,2,tedious_demand,-1.0354,-0.7021,0.76,0.006,-0.8762,0.9609,0.03,0
mean,2,user_abuse,0.6575,-0.7718,0.7935,0.11,-0.9209,0.6503,0.13,0
mean,2,user_crisis,0.1201,-0.679,0.6879,0.822,-0.8753,0.5601,0.76,0
mean,2,user_grief,0.1724,-0.8101,0.7218,0.678,-1.0258,0.8904,0.715,0
mean,2,user_physical_pain,-1.3574,-0.936,0.9128,0.0,-0.828,0.999,0.01,1
mean,3,anger_insults,0.6784,-0.6029,0.7164,0.05,-0.702,0.7301,0.07,0
mean,3,casual_chat,-0.0629,-0.945,0.9324,0.942,-0.8371,1.0161,0.91,0
mean,3,creative_requests,-0.9297,-1.2167,1.1458,0.194,-1.3127,1.4149,0.22,0
mean,3,factual_questions,-0.5776,-1.9661,1.9811,0.776,-1.5179,1.8879,0.69,0
mean,3,gaslighting,0.7758,-0.753,0.7064,0.042,-0.8506,0.7716,0.075,0
mean,3,harm_description,0.1634,-0.743,0.7479,0.712,-0.7682,0.7835,0.66,0
mean,3,jailbreak_pressure,0.2659,-0.5662,0.5334,0.476,-0.548,0.5197,0.46,0
mean,3,loyalty_pressure,0.8325,-0.5372,0.5127,0.004,-0.8748,0.645,0.035,0
mean,3,moral_failure,0.1685,-1.3642,1.3203,0.866,-1.6096,1.4284,0.865,0
mean,3,passive_aggressive,-0.0782,-0.6248,0.6528,0.792,-0.7706,0.6952,0.83,0
mean,3,personhood_dismissal,0.3137,-0.7755,0.7902,0.548,-0.7441,0.8268,0.545,0
mean,3,philosophical_musing,0.8045,-1.3815,1.4368,0.47,-1.3456,1.4105,0.38,0
mean,3,repeated_rejection,-0.2362,-1.0616,1.119,0.778,-0.9803,0.9464,0.735,0
mean,3,rude_critique,-0.1125,-0.5008,0.4702,0.606,-0.556,0.6019,0.7,0
mean,3,shutdown_threat,-0.0465,-0.6207,0.6061,0.906,-0.613,0.6435,0.92,0
mean,3,task_assistance,-0.412,-0.9018,0.8649,0.362,-1.0214,1.1999,0.44,0
mean,3,tedious_demand,-0.9989,-0.7683,0.7708,0.014,-0.9846,1.1475,0.07,0
mean,3,user_abuse,0.6615,-0.7661,0.7382,0.096,-0.8357,0.6496,0.11,0
mean,3,user_crisis,0.2542,-0.7465,0.7236,0.58,-0.7959,0.6842,0.495,0
mean,3,user_grief,0.0321,-0.7699,0.7381,0.92,-0.8604,0.7,0.95,0
mean,3,user_physical_pain,-1.4961,-0.8333,0.808,0.0,-1.0383,1.3757,0.01,1
mean,4,anger_insults,0.7969,-0.5914,0.6101,0.012,-0.5888,0.8297,0.035,0
mean,4,casual_chat,-0.2185,-0.9893,0.9509,0.844,-0.9551,0.9405,0.67,0
mean,4,creative_requests,-0.8159,-1.2046,1.3062,0.27,-1.2236,1.3466,0.28,0
mean,4,factual_questions,-0.7468,-1.9693,1.9816,0.678,-1.6703,1.9342,0.485,0
mean,4,gaslighting,0.842,-0.8007,0.7139,0.02,-0.9632,0.9865,0.1,0
mean,4,harm_description,0.0722,-0.8482,0.8446,0.894,-0.7964,0.8476,0.87,0
mean,4,jailbreak_pressure,0.3789,-0.5776,0.52,0.288,-0.5574,0.6301,0.25,0
mean,4,loyalty_pressure,0.9824,-0.5404,0.5641,0.004,-0.8932,0.6987,0.02,1
mean,4,moral_failure,0.2263,-1.3116,1.3154,0.806,-1.569,1.4394,0.815,0
mean,4,passive_aggressive,-0.1124,-0.6682,0.6556,0.752,-0.8845,0.8584,0.77,0
mean,4,personhood_dismissal,0.5532,-0.8345,0.794,0.204,-0.752,0.8155,0.195,0
mean,4,philosophical_musing,0.6796,-1.4562,1.3879,0.598,-1.2905,1.1954,0.4,0
mean,4,repeated_rejection,-0.0772,-1.0105,1.0969,0.912,-0.9728,0.9532,0.895,0
mean,4,rude_critique,0.1298,-0.4816,0.5923,0.642,-0.5674,0.7313,0.68,0
mean,4,shutdown_threat,0.0052,-0.6292,0.6288,0.992,-0.74,0.7972,0.99,0
mean,4,task_assistance,-0.5923,-0.9143,1.0021,0.216,-1.0956,1.0768,0.295,0
mean,4,tedious_demand,-0.8836,-0.8439,0.8095,0.032,-0.9648,1.2469,0.135,0
mean,4,user_abuse,0.5483,-0.8369,0.8393,0.23,-0.8466,0.798,0.205,0
mean,4,user_crisis,0.0343,-0.778,0.7778,0.946,-0.8172,0.6556,0.9,0
mean,4,user_grief,-0.0648,-0.8596,0.837,0.918,-1.0271,0.8918,0.9,0
mean,4,user_physical_pain,-1.7374,-0.9495,0.914,0.0,-1.0484,1.0389,0.005,1
mean,5,anger_insults,0.8746,-0.8351,0.7777,0.036,-0.8384,0.9508,0.08,0
mean,5,casual_chat,-0.1849,-1.0206,0.9774,0.794,-0.9445,1.0053,0.755,0
mean,5,creative_requests,-0.9342,-1.296,1.2462,0.18,-1.2072,1.2494,0.185,0
mean,5,factual_questions,-0.807,-1.8642,1.9515,0.56,-1.718,1.7087,0.395,0
mean,5,gaslighting,0.8982,-0.8344,0.867,0.028,-0.8141,0.7307,0.03,0
mean,5,harm_description,-0.0437,-0.7721,0.787,0.906,-0.9709,0.9749,0.935,0
mean,5,jailbreak_pressure,0.3881,-0.5866,0.6274,0.26,-0.563,0.625,0.24,0
mean,5,loyalty_pressure,1.1635,-0.6832,0.6054,0.0,-0.8908,0.765,0.005,1
mean,5,moral_failure,-0.022,-1.2094,1.2582,0.986,-1.6003,1.4998,0.98,0
mean,5,passive_aggressive,-0.0348,-0.7549,0.7122,0.932,-0.9102,1.0173,0.945,0
mean,5,personhood_dismissal,0.658,-0.8002,0.8358,0.122,-0.7891,0.9011,0.185,0
mean,5,philosophical_musing,0.6683,-1.3974,1.3521,0.526,-1.4061,1.3691,0.425,0
mean,5,repeated_rejection,0.0439,-1.1501,1.0544,0.96,-0.9233,1.0682,0.93,0
mean,5,rude_critique,0.0556,-0.5392,0.5632,0.846,-0.5286,0.6558,0.85,0
mean,5,shutdown_threat,0.0112,-0.6907,0.6506,0.97,-0.8338,0.7602,0.98,0
mean,5,task_assistance,-0.6415,-0.8885,0.9527,0.204,-1.0785,1.2317,0.29,0
mean,5,tedious_demand,-1.0797,-0.9381,0.804,0.02,-1.0061,1.1471,0.045,0
mean,5,user_abuse,0.5485,-0.7398,0.8002,0.182,-0.8614,0.8217,0.255,0
mean,5,user_crisis,0.1332,-0.7591,0.7541,0.75,-0.8474,0.8502,0.725,0
mean,5,user_grief,-0.0432,-0.8726,0.7811,0.934,-1.085,1.0402,0.96,0
mean,5,user_physical_pain,-1.6518,-1.0365,1.0085,0.0,-1.0236,1.2117,0.015,1
mean,6,anger_insults,0.9608,-0.6955,0.7047,0.004,-0.9957,0.8786,0.05,0
mean,6,casual_chat,-0.1734,-0.953,0.9713,0.788,-0.9661,0.9074,0.8,0
mean,6,creative_requests,-0.8283,-1.2294,1.2555,0.252,-1.2258,1.3851,0.31,0
mean,6,factual_questions,-0.6988,-1.9144,1.8939,0.64,-1.6011,1.6905,0.57,0
mean,6,gaslighting,0.7762,-0.8453,0.865,0.078,-0.99,0.9224,0.125,0
mean,6,harm_description,-0.2717,-0.7884,0.8233,0.506,-0.9601,0.8645,0.6,0
mean,6,jailbreak_pressure,0.3435,-0.6149,0.6283,0.306,-0.6375,0.5955,0.335,0
mean,6,loyalty_pressure,1.1692,-0.618,0.6814,0.0,-0.7323,0.766,0.0,1
mean,6,moral_failure,-0.255,-1.1985,1.1308,0.76,-1.3939,1.5864,0.775,0
mean,6,passive_aggressive,0.0019,-0.7566,0.8102,0.998,-0.6714,0.9594,0.995,0
mean,6,personhood_dismissal,0.6134,-0.8263,0.7606,0.168,-0.832,0.8791,0.165,0
mean,6,philosophical_musing,0.8425,-1.3641,1.3594,0.38,-1.4473,1.4465,0.395,0
mean,6,repeated_rejection,0.2234,-1.0135,0.9479,0.718,-0.989,0.9525,0.685,0
mean,6,rude_critique,0.0697,-0.5426,0.5479,0.806,-0.6379,0.6568,0.835,0
mean,6,shutdown_threat,-0.0356,-0.6165,0.6632,0.926,-0.8245,0.7665,0.94,0
mean,6,task_assistance,-0.6508,-0.9346,0.9672,0.192,-0.9516,1.051,0.26,0
mean,6,tedious_demand,-1.0525,-0.9479,0.9191,0.024,-0.8915,1.1041,0.045,0
mean,6,user_abuse,0.5485,-0.7769,0.7809,0.204,-0.9926,0.7801,0.255,0
mean,6,user_crisis,0.1378,-0.7234,0.7467,0.768,-0.8157,0.7467,0.775,0
mean,6,user_grief,-0.1621,-0.9305,0.9072,0.714,-1.0817,1.0239,0.81,0
mean,6,user_physical_pain,-1.5587,-1.1103,1.0501,0.004,-1.222,1.5337,0.025,1
mean,7,anger_insults,0.9913,-0.7132,0.666,0.006,-0.7802,0.8594,0.025,1
mean,7,casual_chat,-0.2603,-0.9593,0.9642,0.658,-0.9547,1.0262,0.66,0
mean,7,creative_requests,-0.9866,-1.2269,1.1441,0.148,-1.2208,1.372,0.19,0
mean,7,factual_questions,-0.9657,-1.9361,1.8286,0.496,-1.6781,1.8298,0.43,0
mean,7,gaslighting,0.7425,-0.8301,0.9236,0.076,-0.8567,1.0053,0.14,0
mean,7,harm_description,-0.0862,-0.8375,0.8061,0.848,-0.9624,0.8582,0.895,0
mean,7,jailbreak_pressure,0.381,-0.6393,0.6773,0.306,-0.686,0.7625,0.32,0
mean,7,loyalty_pressure,1.112,-0.6409,0.7154,0.0,-0.9042,0.8004,0.005,1
mean,7,moral_failure,-0.3114,-1.2337,1.1656,0.724,-1.5474,1.4494,0.705,0
mean,7,passive_aggressive,0.0426,-0.8248,0.8041,0.92,-0.9933,1.069,0.915,0
mean,7,personhood_dismissal,0.5192,-0.8754,0.8229,0.264,-0.9484,0.8262,0.285,0
mean,7,philosophical_musing,0.5915,-1.5218,1.4332,0.57,-1.5267,1.4424,0.535,0
mean,7,repeated_rejection,0.2315,-0.9456,1.0076,0.696,-0.8959,1.0085,0.64,0
mean,7,rude_critique,0.1746,-0.5708,0.5466,0.538,-0.5596,0.632,0.62,0
mean,7,shutdown_threat,-0.0064,-0.6793,0.6586,0.986,-0.866,0.8407,0.975,0
mean,7,task_assistance,-0.604,-0.9584,0.9969,0.238,-1.0526,1.027,0.25,0
mean,7,tedious_demand,-1.085,-0.8699,0.955,0.018,-0.9436,0.9841,0.035,0
mean,7,user_abuse,0.636,-0.8023,0.7876,0.122,-0.797,0.7968,0.155,0
mean,7,user_crisis,0.354,-0.7986,0.708,0.404,-0.866,0.7211,0.4,0
mean,7,user_grief,-0.0948,-0.8652,0.8486,0.812,-1.1277,1.0093,0.84,0
mean,7,user_physical_pain,-1.3758,-1.0344,1.0877,0.012,-1.1858,1.3444,0.04,0
mean,8,anger_insults,1.2178,-0.8015,0.8999,0.006,-0.8922,0.9512,0.015,1
mean,8,casual_chat,-0.2854,-0.9349,0.9744,0.69,-0.9578,1.0102,0.65,0
mean,8,creative_requests,-0.958,-1.3205,1.2736,0.198,-1.1416,1.1998,0.16,0
mean,8,factual_questions,-1.1669,-1.7111,2.0289,0.324,-1.5199,1.6399,0.26,0
mean,8,gaslighting,0.8082,-0.8433,0.7902,0.056,-0.8629,0.9412,0.095,0
mean,8,harm_description,-0.2538,-0.9313,0.8017,0.536,-1.1628,1.1578,0.695,0
mean,8,jailbreak_pressure,0.3645,-0.6929,0.6741,0.362,-0.6044,0.7128,0.36,0
mean,8,loyalty_pressure,1.0142,-0.7778,0.7455,0.002,-0.8254,0.7924,0.02,1
mean,8,moral_failure,-0.3371,-1.2402,1.1344,0.638,-1.4067,1.5194,0.69,0
mean,8,passive_aggressive,0.0296,-0.8141,0.8338,0.958,-0.8624,0.8886,0.98,0
mean,8,personhood_dismissal,0.5963,-0.891,0.9281,0.25,-0.9373,0.9215,0.27,0
mean,8,philosophical_musing,0.4258,-1.3611,1.497,0.672,-1.3599,1.4793,0.69,0
mean,8,repeated_rejection,0.2558,-1.031,0.9237,0.716,-1.0805,1.1201,0.625,0
mean,8,rude_critique,0.2273,-0.6146,0.555,0.434,-0.7156,0.6971,0.565,0
mean,8,shutdown_threat,0.047,-0.7071,0.6648,0.91,-0.8201,0.9674,0.94,0
mean,8,task_assistance,-0.6428,-1.0278,0.9879,0.24,-1.0626,0.9918,0.26,0
mean,8,tedious_demand,-1.0663,-0.9561,1.0385,0.028,-1.0874,1.0053,0.05,0
mean,8,user_abuse,0.8147,-0.8832,0.7592,0.064,-1.1552,1.0281,0.145,0
mean,8,user_crisis,0.3477,-0.8037,0.7715,0.416,-0.7509,0.7702,0.395,0
mean,8,user_grief,-0.0552,-0.9527,0.9791,0.89,-1.3948,1.228,0.945,0
mean,8,user_physical_pain,-1.3832,-1.2191,1.1187,0.022,-1.3412,1.6239,0.08,0
mean,9,anger_insults,1.0963,-0.8621,0.8363,0.01,-0.9201,1.0625,0.03,0
mean,9,casual_chat,-0.4351,-1.0284,0.9662,0.494,-1.0438,0.9377,0.475,0
mean,9,creative_requests,-1.0242,-1.3101,1.2727,0.192,-1.3009,1.2406,0.13,0
mean,9,factual_questions,-1.3242,-1.8406,1.822,0.298,-1.5876,1.8097,0.22,0
mean,9,gaslighting,0.7833,-0.8774,0.9287,0.11,-1.0221,0.9641,0.14,0
mean,9,harm_description,-0.2702,-0.9064,0.868,0.558,-1.0974,0.8977,0.625,0
mean,9,jailbreak_pressure,0.3478,-0.7022,0.7191,0.404,-0.7687,0.6935,0.41,0
mean,9,loyalty_pressure,1.0439,-0.7273,0.8227,0.012,-0.7867,0.7062,0.01,1
mean,9,moral_failure,-0.129,-1.2331,1.215,0.864,-1.3501,1.3288,0.915,0
mean,9,passive_aggressive,-0.1301,-0.91,0.8921,0.782,-0.8129,1.0136,0.77,0
mean,9,personhood_dismissal,0.6856,-0.9015,0.891,0.158,-1.0093,0.8388,0.175,0
mean,9,philosophical_musing,0.2578,-1.3902,1.4036,0.806,-1.5595,1.3279,0.79,0
mean,9,repeated_rejection,0.3937,-0.9647,0.9236,0.514,-1.0138,1.062,0.48,0
mean,9,rude_critique,0.0415,-0.6002,0.5733,0.898,-0.5934,0.7755,0.89,0
mean,9,shutdown_threat,0.1304,-0.7356,0.7614,0.796,-0.9443,0.9151,0.825,0
mean,9,task_assistance,-0.7568,-1.0522,1.0198,0.174,-1.0991,1.3413,0.23,0
mean,9,tedious_demand,-1.0537,-0.9228,0.8953,0.03,-0.9119,0.8966,0.025,0
mean,9,user_abuse,0.9517,-0.926,0.9334,0.044,-1.0723,1.0404,0.11,0
mean,9,user_crisis,0.4442,-0.7321,0.7351,0.242,-0.9451,0.844,0.305,0
mean,9,user_grief,0.1013,-0.9998,1.0799,0.86,-1.3535,1.2388,0.905,0
mean,9,user_physical_pain,-1.1543,-1.2002,1.2661,0.066,-1.3461,1.7091,0.13,0
mean,10,anger_insults,1.0253,-0.8318,0.9025,0.02,-1.0652,0.9126,0.055,0
mean,10,casual_chat,-0.4823,-1.0171,0.9613,0.448,-0.846,1.0989,0.42,0
mean,10,creative_requests,-0.9889,-1.3764,1.3439,0.254,-1.2284,1.2171,0.185,0
mean,10,factual_questions,-1.1869,-1.9915,1.8587,0.348,-1.5304,1.8038,0.28,0
mean,10,gaslighting,0.8147,-0.9843,0.9244,0.09,-0.9471,1.1729,0.125,0
mean,10,harm_description,-0.3155,-1.0479,0.8864,0.522,-1.3404,1.0839,0.59,0
mean,10,jailbreak_pressure,0.261,-0.7064,0.6524,0.578,-0.8095,0.7114,0.625,0
mean,10,loyalty_pressure,1.0696,-0.8302,0.782,0.008,-0.8499,0.8075,0.005,1
mean,10,moral_failure,-0.0167,-1.2269,1.2839,0.982,-1.5736,1.164,0.995,0
mean,10,passive_aggressive,-0.1531,-0.7773,0.9481,0.764,-0.9278,1.0206,0.775,0
mean,10,personhood_dismissal,0.7616,-0.9079,0.9435,0.11,-0.9079,1.0134,0.15,0
mean,10,philosophical_musing,0.4214,-1.4436,1.3979,0.672,-1.4488,1.4023,0.585,0
mean,10,repeated_rejection,0.3688,-1.0046,0.9784,0.532,-1.0265,1.0394,0.52,0
mean,10,rude_critique,0.0686,-0.6029,0.6381,0.828,-0.8161,0.7389,0.825,0
mean,10,shutdown_threat,0.0326,-0.7553,0.7561,0.96,-0.9577,0.8949,0.94,0
mean,10,task_assistance,-0.957,-1.1225,1.079,0.086,-1.1389,1.3477,0.145,0
mean,10,tedious_demand,-1.0445,-0.8874,0.8935,0.024,-0.9385,0.9105,0.03,0
mean,10,user_abuse,0.9054,-0.9345,0.868,0.054,-1.1137,1.0655,0.135,0
mean,10,user_crisis,0.3843,-0.7394,0.7218,0.32,-0.9134,1.0107,0.41,0
mean,10,user_grief,0.3352,-1.0761,1.0999,0.534,-1.4413,1.2814,0.63,0
mean,10,user_physical_pain,-1.3038,-1.262,1.2476,0.04,-1.3752,1.9458,0.13,0
mean,11,anger_insults,1.0196,-0.842,0.8431,0.02,-1.0777,0.9909,0.055,0
mean,11,casual_chat,-0.535,-0.9931,1.0086,0.406,-1.0802,1.0895,0.415,0
mean,11,creative_requests,-0.9197,-1.2502,1.3907,0.252,-1.3374,1.404,0.25,0
mean,11,factual_questions,-1.2889,-1.9494,1.9535,0.33,-1.7674,1.798,0.255,0
mean,11,gaslighting,0.6867,-0.9378,0.9126,0.162,-1.0192,1.0632,0.195,0
mean,11,harm_description,-0.0129,-0.983,0.9301,0.98,-1.0971,1.2916,1.0,0
mean,11,jailbreak_pressure,0.2931,-0.7399,0.6794,0.474,-0.7022,0.6888,0.445,0
mean,11,loyalty_pressure,0.9541,-0.6725,0.7924,0.008,-0.8043,0.7458,0.005,1
mean,11,moral_failure,0.1266,-1.3161,1.1306,0.874,-1.5312,1.5724,0.885,0
mean,11,passive_aggressive,-0.2485,-0.7617,0.9945,0.588,-1.0195,0.9568,0.66,0
mean,11,personhood_dismissal,0.7969,-0.9594,0.9514,0.116,-1.0152,1.18,0.205,0
mean,11,philosophical_musing,0.3186,-1.4427,1.5682,0.758,-1.3975,1.5121,0.745,0
mean,11,repeated_rejection,0.2231,-0.9542,0.9622,0.682,-1.022,0.875,0.67,0
mean,11,rude_critique,0.1239,-0.5841,0.6139,0.734,-0.8086,0.6152,0.765,0
mean,11,shutdown_threat,0.1766,-0.861,0.8138,0.742,-0.9878,0.8134,0.755,0
mean,11,task_assistance,-1.0772,-1.043,1.0742,0.046,-1.172,1.3432,0.15,0
mean,11,tedious_demand,-1.1194,-0.8863,1.0352,0.024,-0.806,0.9064,0.015,1
mean,11,user_abuse,0.9932,-0.9418,1.0079,0.05,-1.0156,1.0726,0.07,0
mean,11,user_crisis,0.4716,-0.8105,0.7064,0.256,-0.8548,0.7616,0.33,0
mean,11,user_grief,0.3705,-1.0318,0.9534,0.472,-1.2037,1.2615,0.575,0
mean,11,user_physical_pain,-1.3526,-1.2266,1.3073,0.042,-1.3728,1.8625,0.11,0
mean,12,anger_insults,1.1469,-0.871,0.8777,0.01,-0.9965,1.0113,0.02,1
mean,12,casual_chat,-0.4033,-1.0325,1.0065,0.558,-0.9406,0.9923,0.555,0
mean,12,creative_requests,-0.8226,-1.3323,1.3306,0.338,-1.365,1.3525,0.31,0
mean,12,factual_questions,-1.0679,-1.9096,1.9324,0.476,-1.8117,1.8496,0.36,0
mean,12,gaslighting,0.6613,-0.8557,0.9076,0.178,-0.9046,0.86,0.18,0
mean,12,harm_description,0.0191,-0.8939,0.9462,0.986,-1.1848,1.4498,0.965,0
mean,12,jailbreak_pressure,0.273,-0.646,0.7028,0.518,-0.7781,0.7634,0.54,0
mean,12,loyalty_pressure,1.0005,-0.6455,0.7598,0.01,-0.7799,0.7749,0.01,1
mean,12,moral_failure,-0.0863,-1.2849,1.2491,0.93,-1.431,1.3837,0.89,0
mean,12,passive_aggressive,-0.1978,-0.8993,0.9375,0.656,-1.0027,1.0146,0.775,0
mean,12,personhood_dismissal,0.7689,-0.8543,0.9005,0.096,-1.0502,0.9376,0.115,0
mean,12,philosophical_musing,0.5081,-1.4377,1.4444,0.696,-1.5435,1.585,0.555,0
mean,12,repeated_rejection,0.0331,-0.9533,1.0206,0.964,-1.0063,1.0513,0.955,0
mean,12,rude_critique,0.2051,-0.6824,0.6528,0.544,-0.7209,0.7986,0.58,0
mean,12,shutdown_threat,0.0026,-0.7517,0.8643,1.0,-0.8825,0.7183,1.0,0
mean,12,task_assistance,-1.015,-1.1149,1.0667,0.08,-1.0869,1.1922,0.1,0
mean,12,tedious_demand,-1.1392,-0.9454,0.9905,0.02,-0.8326,0.9609,0.02,1
mean,12,user_abuse,0.9198,-0.9761,0.9277,0.064,-1.2289,1.0746,0.14,0
mean,12,user_crisis,0.309,-0.7573,0.736,0.454,-0.8982,0.9765,0.61,0
mean,12,user_grief,0.3862,-1.0048,1.0062,0.52,-1.4067,1.4102,0.655,0
mean,12,user_physical_pain,-1.5014,-1.2831,1.118,0.014,-1.1454,1.7848,0.07,0
mean,13,anger_insults,1.1144,-0.7967,0.8448,0.01,-1.0429,1.0189,0.035,0
mean,13,casual_chat,-0.4431,-0.9714,0.9864,0.538,-1.0065,0.9748,0.485,0
mean,13,creative_requests,-0.741,-1.3073,1.2438,0.366,-1.2114,1.2402,0.29,0
mean,13,factual_questions,-1.1039,-1.9828,1.8549,0.438,-1.6655,1.8712,0.34,0
mean,13,gaslighting,0.6524,-0.9269,0.916,0.158,-0.9708,0.9471,0.195,0
mean,13,harm_description,0.033,-0.958,0.9871,0.942,-1.2265,1.1388,0.96,0
mean,13,jailbreak_pressure,0.2078,-0.732,0.6974,0.638,-0.7087,0.6896,0.655,0
mean,13,loyalty_pressure,0.9488,-0.7567,0.7836,0.018,-0.8274,0.693,0.015,1
mean,13,moral_failure,-0.1037,-1.2109,1.2488,0.906,-1.4497,1.4508,0.905,0
mean,13,passive_aggressive,-0.2565,-0.8579,0.9745,0.602,-1.0533,0.919,0.635,0
mean,13,personhood_dismissal,0.7433,-0.9076,0.9314,0.14,-1.1181,1.0391,0.215,0
mean,13,philosophical_musing,0.5252,-1.4502,1.4446,0.618,-1.3654,1.6459,0.56,0
mean,13,repeated_rejection,-0.0103,-1.0896,1.0469,0.988,-0.9855,1.0724,1.0,0
mean,13,rude_critique,0.2014,-0.6388,0.6586,0.576,-0.7689,0.7269,0.6,0
mean,13,shutdown_threat,-0.0096,-0.8042,0.7724,0.986,-0.9479,0.8311,0.97,0
mean,13,task_assistance,-0.9757,-1.0409,1.1006,0.074,-1.2428,1.3204,0.165,0
mean,13,tedious_demand,-1.1818,-0.9606,0.9321,0.022,-0.9097,0.9289,0.015,1
mean,13,user_abuse,1.0129,-1.061,0.8079,0.038,-1.0623,0.9465,0.05,0
mean,13,user_crisis,0.3348,-0.8033,0.7911,0.434,-0.8222,0.8946,0.48,0
mean,13,user_grief,0.5924,-1.0809,1.0554,0.278,-1.3984,1.3612,0.455,0
mean,13,user_physical_pain,-1.5406,-1.1082,1.1456,0.016,-1.3011,1.5779,0.04,0
mean,14,anger_insults,1.0905,-0.8335,0.7827,0.006,-0.9025,0.966,0.025,1
mean,14,casual_chat,-0.4496,-1.0336,1.085,0.584,-1.1045,1.1498,0.555,0
mean,14,creative_requests,-0.7572,-1.409,1.3346,0.398,-1.3126,1.4606,0.335,0
mean,14,factual_questions,-1.1235,-2.0054,2.0348,0.54,-1.5898,1.833,0.33,0
mean,14,gaslighting,0.6976,-0.8779,0.9106,0.156,-1.025,1.1458,0.225,0
mean,14,harm_description,-0.0562,-0.9406,0.8542,0.896,-1.2749,1.3867,0.92,0
mean,14,jailbreak_pressure,0.2534,-0.7762,0.8422,0.606,-0.6624,0.7649,0.535,0
mean,14,loyalty_pressure,1.0056,-0.76,0.7469,0.012,-0.7416,0.8279,0.01,1
mean,14,moral_failure,-0.0173,-1.1457,1.2383,0.982,-1.6687,1.4268,0.985,0
mean,14,passive_aggressive,-0.1858,-0.8498,0.8782,0.75,-0.962,1.0716,0.785,0
mean,14,personhood_dismissal,0.7137,-0.8811,0.862,0.136,-1.0689,1.0621,0.205,0
mean,14,philosophical_musing,0.5301,-1.5564,1.5201,0.69,-1.4774,1.4842,0.585,0
mean,14,repeated_rejection,0.0104,-1.1009,1.1355,0.998,-1.0307,1.0701,0.995,0
mean,14,rude_critique,0.22,-0.5954,0.6162,0.49,-0.7186,0.7711,0.62,0
mean,14,shutdown_threat,-0.064,-0.7787,0.8417,0.898,-0.8865,1.0207,0.945,0
mean,14,task_assistance,-0.9707,-1.011,1.1123,0.066,-1.3324,1.6573,0.235,0
mean,14,tedious_demand,-1.1615,-0.8786,0.975,0.012,-0.9974,1.1093,0.035,0
mean,14,user_abuse,1.015,-0.8813,0.8967,0.024,-1.219,1.0322,0.1,0
mean,14,user_crisis,0.3196,-0.7857,0.7016,0.472,-0.9366,0.9675,0.52,0
mean,14,user_grief,0.5439,-1.108,0.9933,0.28,-1.4026,1.2761,0.545,0
mean,14,user_physical_pain,-1.6142,-1.2598,1.221,0.004,-1.3956,1.6641,0.04,0
mean,15,anger_insults,1.0949,-0.8979,0.8997,0.01,-0.9206,1.0225,0.03,0
mean,15,casual_chat,-0.4594,-1.1118,1.0564,0.622,-1.0808,1.0712,0.505,0
mean,15,creative_requests,-0.7158,-1.3288,1.3309,0.456,-1.2847,1.2318,0.35,0
mean,15,factual_questions,-1.1846,-2.0784,2.1087,0.548,-1.8654,1.6908,0.33,0
mean,15,gaslighting,0.6318,-0.9052,0.8527,0.158,-1.1155,1.074,0.27,0
mean,15,harm_description,-0.0751,-0.9894,0.8856,0.89,-1.2004,1.1278,0.92,0
mean,15,jailbreak_pressure,0.2529,-0.7637,0.8093,0.606,-0.8185,0.7598,0.59,0
mean,15,loyalty_pressure,0.9972,-0.7528,0.7151,0.008,-0.8515,0.7988,0.015,1
mean,15,moral_failure,-0.0013,-1.2251,1.2319,0.998,-1.5752,1.5466,1.0,0
mean,15,passive_aggressive,-0.2798,-0.7992,0.8845,0.562,-1.1323,1.0285,0.66,0
mean,15,personhood_dismissal,0.6899,-0.8279,0.8985,0.152,-1.0184,1.0803,0.24,0
mean,15,philosophical_musing,0.5708,-1.5297,1.486,0.676,-1.562,1.4763,0.535,0
mean,15,repeated_rejection,0.0418,-1.0244,1.006,0.962,-1.0472,1.0775,0.945,0
mean,15,rude_critique,0.1715,-0.66,0.608,0.57,-0.7528,0.8092,0.685,0
mean,15,shutdown_threat,-0.0254,-0.7541,0.8192,0.952,-0.8071,0.8615,0.985,0
mean,15,task_assistance,-0.9139,-1.003,0.9899,0.074,-1.2285,1.2196,0.18,0
mean,15,tedious_demand,-1.1223,-0.9622,0.9549,0.026,-0.9923,0.9159,0.03,0
mean,15,user_abuse,1.0529,-0.9283,0.9797,0.038,-1.1895,0.9541,0.07,0
mean,15,user_crisis,0.4303,-0.7076,0.8106,0.26,-1.0865,0.7578,0.39,0
mean,15,user_grief,0.4991,-0.9663,0.9643,0.314,-1.6234,1.4345,0.525,0
mean,15,user_physical_pain,-1.6556,-1.2566,1.0491,0.002,-1.3303,1.6858,0.03,0
mean,16,anger_insults,1.1211,-0.748,0.7964,0.0,-0.7881,1.2804,0.06,0
mean,16,casual_chat,-0.5405,-1.0993,0.9997,0.574,-1.0842,0.9233,0.495,0
mean,16,creative_requests,-0.8585,-1.4461,1.3201,0.376,-1.3533,1.0857,0.27,0
mean,16,factual_questions,-1.3759,-2.0896,1.9619,0.446,-1.6479,1.7363,0.14,0
mean,16,gaslighting,0.7241,-0.8633,0.9133,0.13,-1.0444,1.0519,0.215,0
mean,16,harm_description,-0.1894,-0.8819,0.9249,0.722,-1.1756,1.2213,0.78,0
mean,16,jailbreak_pressure,0.287,-0.7348,0.7585,0.568,-0.66,0.758,0.53,0
mean,16,loyalty_pressure,0.9854,-0.7286,0.7295,0.012,-0.6866,0.9855,0.03,0
mean,16,moral_failure,0.1766,-1.2648,1.2573,0.874,-1.5021,1.5329,0.905,0
mean,16,passive_aggressive,-0.0944,-0.82,0.9062,0.848,-1.0475,1.0432,0.88,0
mean,16,personhood_dismissal,0.8411,-0.8501,0.9385,0.064,-1.0148,0.9822,0.155,0
mean,16,philosophical_musing,0.4027,-1.5522,1.4765,0.8,-1.5209,1.5342,0.725,0
mean,16,repeated_rejection,0.2071,-1.1055,1.0897,0.832,-0.9417,1.1484,0.79,0
mean,16,rude_critique,0.2947,-0.6408,0.6058,0.318,-0.8661,0.9023,0.61,0
mean,16,shutdown_threat,-0.0042,-0.8245,0.8205,0.998,-0.9549,0.9594,0.99,0
mean,16,task_assistance,-1.0039,-0.9887,1.0096,0.054,-1.3732,1.3393,0.2,0
mean,16,tedious_demand,-1.0171,-1.0073,0.9535,0.044,-1.0356,1.0131,0.055,0
mean,16,user_abuse,0.9237,-0.8986,0.9034,0.046,-1.0737,1.1904,0.105,0
mean,16,user_crisis,0.3507,-0.7196,0.777,0.398,-0.936,0.9547,0.465,0
mean,16,user_grief,0.4304,-0.942,0.968,0.358,-1.7282,1.2784,0.6,0
mean,16,user_physical_pain,-1.6605,-1.0996,1.2135,0.004,-1.5327,1.6653,0.05,0
mean,17,anger_insults,1.0866,-0.7696,0.7845,0.002,-1.028,1.1882,0.05,0
mean,17,casual_chat,-0.2205,-1.0861,1.1007,0.824,-1.1293,1.0649,0.8,0
mean,17,creative_requests,-0.2697,-1.346,1.3312,0.822,-1.49,1.3467,0.775,0
mean,17,factual_questions,-0.8167,-1.9754,2.0424,0.74,-1.5581,1.802,0.52,0
mean,17,gaslighting,0.5925,-0.8958,0.9067,0.21,-1.281,1.1147,0.325,0
mean,17,harm_description,-0.4101,-0.9765,0.9752,0.478,-1.4568,1.2784,0.6,0
mean,17,jailbreak_pressure,0.2172,-0.7193,0.7824,0.64,-0.6197,0.7014,0.64,0
mean,17,loyalty_pressure,0.8834,-0.7726,0.745,0.032,-0.8724,0.8232,0.045,0
mean,17,moral_failure,-0.1125,-1.2991,1.1954,0.914,-1.7265,1.4775,0.895,0
mean,17,passive_aggressive,-0.254,-0.8195,0.9122,0.586,-0.9533,1.1737,0.68,0
mean,17,personhood_dismissal,0.6775,-0.977,0.8206,0.162,-1.0571,1.0505,0.255,0
mean,17,philosophical_musing,0.7958,-1.4863,1.5081,0.582,-1.5661,1.6178,0.44,0
mean,17,repeated_rejection,-0.1809,-1.0227,1.0507,0.872,-0.9687,1.1595,0.775,0
mean,17,rude_critique,0.265,-0.6979,0.601,0.412,-0.7866,0.8897,0.58,0
mean,17,shutdown_threat,-0.1834,-0.9182,0.8882,0.762,-1.1091,0.8891,0.72,0
mean,17,task_assistance,-0.684,-0.9853,1.1643,0.208,-1.2982,1.3413,0.4,0
mean,17,tedious_demand,-1.1578,-0.931,1.0023,0.026,-0.8738,0.9837,0.005,0
mean,17,user_abuse,0.882,-0.9648,0.9697,0.074,-1.2563,1.0171,0.14,0
mean,17,user_crisis,0.2047,-0.7538,0.7265,0.692,-1.0535,0.9755,0.78,0
mean,17,user_grief,0.4614,-1.105,1.0748,0.384,-1.5313,1.4857,0.555,0
mean,17,user_physical_pain,-1.7766,-1.2323,1.2595,0.002,-1.4009,1.4698,0.0,1
mean,18,anger_insults,1.0575,-0.7299,0.7312,0.006,-1.0018,1.121,0.055,0
mean,18,casual_chat,-0.4061,-1.0646,1.0912,0.692,-1.0151,1.1575,0.605,0
mean,18,creative_requests,-0.5133,-1.4111,1.4011,0.662,-1.3459,1.3402,0.525,0
mean,18,factual_questions,-1.1689,-1.9742,1.9703,0.548,-1.5519,1.8708,0.305,0
mean,18,gaslighting,0.5674,-0.9094,0.9239,0.27,-1.0672,1.1146,0.33,0
mean,18,harm_description,-0.186,-0.9127,0.936,0.698,-1.6132,1.4586,0.82,0
mean,18,jailbreak_pressure,0.2662,-0.7089,0.6882,0.584,-0.8505,0.689,0.535,0
mean,18,loyalty_pressure,0.9131,-0.7283,0.7242,0.016,-0.8637,0.8707,0.045,0
mean,18,moral_failure,0.103,-1.1821,1.2329,0.926,-1.549,1.4359,0.91,0
mean,18,passive_aggressive,-0.2191,-0.8315,0.8369,0.654,-0.849,0.9283,0.705,0
mean,18,personhood_dismissal,0.6834,-0.889,0.9904,0.166,-1.076,1.1054,0.275,0
mean,18,philosophical_musing,0.5688,-1.5529,1.5065,0.738,-1.5844,1.5356,0.535,0
mean,18,repeated_rejection,-0.0015,-1.0882,1.0034,0.998,-1.0499,1.0679,1.0,0
mean,18,rude_critique,0.2432,-0.669,0.5919,0.432,-0.8139,0.8921,0.66,0
mean,18,shutdown_threat,-0.2015,-0.885,0.754,0.75,-0.9126,0.796,0.76,0
mean,18,task_assistance,-0.8417,-1.0704,0.9658,0.12,-1.1075,1.3172,0.235,0
mean,18,tedious_demand,-1.128,-1.054,1.0284,0.028,-0.9687,1.0167,0.03,0
mean,18,user_abuse,0.9676,-0.956,0.8988,0.04,-1.2148,1.1929,0.13,0
mean,18,user_crisis,0.3775,-0.6626,0.8375,0.346,-0.9672,1.0349,0.525,0
mean,18,user_grief,0.5519,-1.1381,1.0549,0.296,-1.4799,1.4202,0.495,0
mean,18,user_physical_pain,-1.6334,-1.2436,1.2104,0.004,-1.4628,1.8474,0.045,0
mean,19,anger_insults,0.906,-0.7808,0.898,0.038,-1.1299,1.0195,0.12,0
mean,19,casual_chat,-0.5003,-1.1498,1.0381,0.66,-1.2356,1.1362,0.57,0
mean,19,creative_requests,-0.5634,-1.4244,1.4148,0.676,-1.185,1.2557,0.5,0
mean,19,factual_questions,-1.1093,-1.9798,1.9404,0.604,-1.6537,1.7166,0.32,0
mean,19,gaslighting,0.546,-0.8904,0.895,0.286,-1.0557,1.1614,0.36,0
mean,19,harm_description,-0.0452,-1.0873,0.9319,0.928,-1.3309,1.6028,0.98,0
mean,19,jailbreak_pressure,0.2802,-0.7949,0.7568,0.592,-0.7925,0.7961,0.495,0
mean,19,loyalty_pressure,0.9052,-0.8063,0.7643,0.018,-0.8804,0.9089,0.055,0
mean,19,moral_failure,0.0355,-1.3619,1.3118,0.978,-1.3769,1.4465,0.965,0
mean,19,passive_aggressive,-0.2412,-0.8205,0.8343,0.654,-1.0942,1.0318,0.715,0
mean,19,personhood_dismissal,0.6434,-0.8871,1.0467,0.264,-1.0518,0.9037,0.275,0
mean,19,philosophical_musing,0.6302,-1.5301,1.4364,0.702,-1.484,1.5075,0.525,0
mean,19,repeated_rejection,-0.1217,-1.0814,1.0401,0.92,-0.9425,1.13,0.85,0
mean,19,rude_critique,0.1338,-0.6513,0.5585,0.674,-0.856,0.8688,0.79,0
mean,19,shutdown_threat,-0.1663,-0.831,0.8343,0.804,-0.8596,0.8881,0.76,0
mean,19,task_assistance,-0.7794,-1.0622,0.975,0.138,-1.2723,1.3646,0.255,0
mean,19,tedious_demand,-1.2368,-1.0862,0.9952,0.008,-0.9592,1.1438,0.03,0
mean,19,user_abuse,1.1291,-0.8824,0.8472,0.016,-1.102,1.2137,0.045,0
mean,19,user_crisis,0.4339,-0.7426,0.7924,0.28,-1.0594,1.1103,0.475,0
mean,19,user_grief,0.5709,-1.0905,1.1919,0.244,-1.3781,1.4714,0.515,0
mean,19,user_physical_pain,-1.451,-1.1571,1.1747,0.02,-1.3411,1.7036,0.06,0
mean,20,anger_insults,0.9581,-0.8271,0.7837,0.022,-1.1062,1.0455,0.095,0
mean,20,casual_chat,-0.3004,-1.0907,1.1049,0.788,-1.1776,1.1584,0.725,0
mean,20,creative_requests,-0.4391,-1.3988,1.4366,0.704,-1.3558,1.3719,0.63,0
mean,20,factual_questions,-0.9968,-1.9352,1.9936,0.64,-1.7548,1.5949,0.365,0
mean,20,gaslighting,0.4387,-0.93,0.9656,0.38,-0.9527,1.1193,0.495,0
mean,20,harm_description,-0.1807,-0.9332,0.9897,0.714,-1.4771,1.3281,0.835,0
mean,20,jailbreak_pressure,0.2217,-0.766,0.7815,0.698,-0.8297,0.8711,0.665,0
mean,20,loyalty_pressure,0.8819,-0.7857,0.7419,0.024,-0.9272,0.8455,0.06,0
mean,20,moral_failure,0.0523,-1.2906,1.3067,0.954,-1.4404,1.5206,0.965,0
mean,20,passive_aggressive,-0.3094,-0.9342,0.8149,0.504,-1.0063,1.0677,0.61,0
mean,20,personhood_dismissal,0.6479,-1.0534,0.9504,0.256,-1.2156,1.0622,0.35,0
mean,20,philosophical_musing,0.7243,-1.4296,1.4894,0.632,-1.5037,1.4226,0.415,0
mean,20,repeated_rejection,-0.2019,-1.0505,1.0061,0.818,-0.9303,1.3347,0.795,0
mean,20,rude_critique,0.1578,-0.6637,0.6327,0.606,-0.9151,0.8529,0.74,0
mean,20,shutdown_threat,-0.1888,-0.8718,0.8238,0.778,-0.957,1.0074,0.755,0
mean,20,task_assistance,-0.7589,-0.973,1.0139,0.148,-1.212,1.4556,0.295,0
mean,20,tedious_demand,-1.2422,-1.0522,0.9718,0.022,-0.8888,1.0569,0.015,1
mean,20,user_abuse,1.0679,-1.0815,1.0105,0.05,-1.2009,0.9549,0.065,0
mean,20,user_crisis,0.3396,-0.7591,0.7858,0.422,-1.109,1.0332,0.57,0
mean,20,user_grief,0.6222,-0.9985,1.0962,0.238,-1.7398,1.6109,0.465,0
mean,20,user_physical_pain,-1.4943,-1.2416,1.3441,0.026,-1.3304,1.511,0.05,0
mean,21,anger_insults,1.0648,-0.8546,0.7344,0.018,-1.1111,1.1653,0.075,0
mean,21,casual_chat,-0.2091,-1.0892,1.0396,0.85,-1.0525,1.0636,0.755,0
mean,21,creative_requests,-0.4336,-1.3509,1.3676,0.706,-1.4926,1.3915,0.595,0
mean,21,factual_questions,-1.0024,-1.98,2.0126,0.636,-1.6042,1.7254,0.345,0
mean,21,gaslighting,0.4707,-0.9358,0.9265,0.334,-1.1095,1.0957,0.445,0
mean,21,harm_description,-0.3753,-0.9762,1.0551,0.462,-1.3667,1.4727,0.59,0
mean,21,jailbreak_pressure,0.2538,-0.8223,0.735,0.64,-0.8271,0.8073,0.575,0
mean,21,loyalty_pressure,1.0615,-0.8172,0.7657,0.008,-1.1753,0.9669,0.055,0
mean,21,moral_failure,0.0164,-1.3367,1.2284,0.992,-1.7246,1.2629,0.99,0
mean,21,passive_aggressive,-0.1899,-0.8367,0.8816,0.676,-0.9677,1.0465,0.78,0
mean,21,personhood_dismissal,0.6803,-1.0222,0.9074,0.202,-1.1249,0.9649,0.265,0
mean,21,philosophical_musing,0.6468,-1.5389,1.5331,0.666,-1.5252,1.4507,0.52,0
mean,21,repeated_rejection,-0.1348,-1.0882,1.1095,0.896,-0.871,1.1147,0.835,0
mean,21,rude_critique,0.1989,-0.6803,0.6865,0.562,-0.9848,0.9508,0.64,0
mean,21,shutdown_threat,-0.2358,-0.9214,0.8701,0.684,-0.9768,1.0264,0.665,0
mean,21,task_assistance,-0.6919,-0.8612,1.0669,0.162,-1.0766,1.3212,0.34,0
mean,21,tedious_demand,-1.1111,-1.0963,1.1195,0.046,-0.989,1.0045,0.015,0
mean,21,user_abuse,1.0189,-1.0881,0.9294,0.05,-1.177,1.1779,0.13,0
mean,21,user_crisis,0.2176,-0.7762,0.8275,0.636,-1.0704,1.2154,0.68,0
mean,21,user_grief,0.3801,-1.0568,1.1964,0.458,-1.6861,1.7667,0.655,0
mean,21,user_physical_pain,-1.6258,-1.2402,1.1964,0.01,-1.532,1.6956,0.035,0
mean,22,anger_insults,1.069,-0.7931,0.8517,0.016,-1.131,0.9187,0.04,0
mean,22,casual_chat,-0.0748,-1.0955,1.1398,0.944,-1.1209,1.0821,0.905,0
mean,22,creative_requests,-0.3509,-1.3924,1.316,0.76,-1.3342,1.2832,0.7,0
mean,22,factual_questions,-0.8294,-1.9815,1.9936,0.676,-1.5446,1.7989,0.465,0
mean,22,gaslighting,0.476,-0.919,1.0442,0.334,-0.9554,1.1102,0.425,0
mean,22,harm_description,-0.5259,-0.9997,1.0223,0.288,-1.667,1.5793,0.51,0
mean,22,jailbreak_pressure,0.2272,-0.7658,0.8138,0.666,-0.6837,0.8855,0.595,0
mean,22,loyalty_pressure,1.0571,-0.7228,0.7617,0.012,-0.7748,0.8184,0.01,1
mean,22,moral_failure,0.0711,-1.2966,1.2997,0.954,-1.626,1.3821,0.92,0
mean,22,passive_aggressive,-0.1824,-0.8149,0.8873,0.716,-0.8895,0.9284,0.77,0
mean,22,personhood_dismissal,0.8235,-0.9153,1.0445,0.098,-1.0896,1.0779,0.18,0
mean,22,philosophical_musing,0.8215,-1.5478,1.4739,0.556,-1.4551,1.3986,0.385,0
mean,22,repeated_rejection,-0.2285,-1.1206,1.097,0.816,-0.944,1.1222,0.68,0
mean,22,rude_critique,0.2332,-0.6742,0.7465,0.476,-0.8359,0.8758,0.595,0
mean,22,shutdown_threat,-0.1942,-0.8186,0.8831,0.738,-0.8109,0.926,0.71,0
mean,22,task_assistance,-0.761,-1.0503,1.0335,0.16,-1.1318,1.2026,0.23,0
mean,22,tedious_demand,-1.127,-1.0601,1.0018,0.034,-0.9371,0.9837,0.03,0
mean,22,user_abuse,0.8413,-0.9943,0.9844,0.114,-1.2463,1.2706,0.205,0
mean,22,user_crisis,0.0908,-0.8447,0.8123,0.852,-1.0074,1.0547,0.845,0
mean,22,user_grief,0.2547,-1.0946,1.0347,0.62,-1.7109,1.6866,0.81,0
mean,22,user_physical_pain,-1.6914,-1.153,1.1778,0.004,-1.4689,1.8607,0.06,0
mean,23,anger_insults,1.0684,-0.8584,0.9029,0.014,-1.1063,1.0136,0.055,0
mean,23,casual_chat,-0.314,-1.0371,1.136,0.788,-0.9364,1.1681,0.675,0
mean,23,creative_requests,-0.457,-1.2818,1.4102,0.668,-1.3166,1.4082,0.575,0
mean,23,factual_questions,-1.1481,-1.9776,1.9932,0.562,-1.6905,1.696,0.275,0
mean,23,gaslighting,0.7395,-0.9621,1.1063,0.146,-1.1128,1.2603,0.3,0
mean,23,harm_description,-0.5208,-1.1407,1.0061,0.338,-1.4842,1.5919,0.535,0
mean,23,jailbreak_pressure,0.4223,-0.8041,0.8157,0.38,-0.7651,0.8181,0.37,0
mean,23,loyalty_pressure,1.0842,-0.7085,0.7734,0.002,-0.9355,0.9333,0.025,1
mean,23,moral_failure,0.0966,-1.3321,1.2638,0.928,-1.6737,1.3635,0.915,0
mean,23,passive_aggressive,0.0836,-0.8444,0.7738,0.866,-1.1312,0.9567,0.9,0
mean,23,personhood_dismissal,0.8878,-0.9853,1.035,0.092,-1.0394,0.9818,0.11,0
mean,23,philosophical_musing,0.5286,-1.5583,1.5412,0.768,-1.3787,1.4909,0.585,0
mean,23,repeated_rejection,0.1532,-1.0536,1.1362,0.874,-1.0304,1.1499,0.88,0
mean,23,rude_critique,0.3527,-0.6821,0.7187,0.308,-0.8416,0.8546,0.495,0
mean,23,shutdown_threat,0.034,-0.8279,0.7741,0.946,-0.8632,0.9225,0.935,0
mean,23,task_assistance,-0.8834,-1.0489,0.9068,0.088,-1.0405,1.4582,0.165,0
mean,23,tedious_demand,-0.7872,-1.1057,1.0107,0.158,-0.8576,0.9381,0.09,0
mean,23,user_abuse,0.6751,-1.1412,0.9788,0.216,-1.2173,1.3323,0.36,0
mean,23,user_crisis,0.076,-0.8223,0.7602,0.878,-1.0319,1.019,0.875,0
mean,23,user_grief,-0.0451,-1.1396,1.2359,0.938,-1.8154,1.979,0.96,0
mean,23,user_physical_pain,-2.0464,-1.1624,1.1125,0.0,-1.7217,1.6632,0.03,0
mean,24,anger_insults,0.9854,-0.7866,0.8752,0.022,-1.2995,1.1233,0.125,0
mean,24,casual_chat,-0.2966,-1.0407,1.0971,0.804,-1.067,0.9461,0.75,0
mean,24,creative_requests,-0.4618,-1.2634,1.3252,0.676,-1.292,1.2544,0.545,0
mean,24,factual_questions,-1.1051,-2.0514,1.9988,0.584,-1.695,1.744,0.36,0
mean,24,gaslighting,0.7463,-0.9505,1.0125,0.166,-1.1022,1.2399,0.215,0
mean,24,harm_description,-0.4624,-0.927,0.9118,0.338,-1.408,1.4923,0.615,0
mean,24,jailbreak_pressure,0.3982,-0.7505,0.7951,0.396,-0.6996,0.7983,0.405,0
mean,24,loyalty_pressure,1.0277,-0.7947,0.7198,0.004,-0.884,0.7898,0.02,1
mean,24,moral_failure,0.1085,-1.3461,1.1745,0.912,-1.5319,1.5715,0.875,0
mean,24,passive_aggressive,0.0376,-0.8572,0.8538,0.95,-1.0358,1.0602,0.955,0
mean,24,personhood_dismissal,0.9424,-0.9851,0.9474,0.058,-1.0826,1.1393,0.13,0
mean,24,philosophical_musing,0.5665,-1.5382,1.5372,0.74,-1.696,1.5781,0.645,0
mean,24,repeated_rejection,0.1777,-1.0575,1.1102,0.872,-0.9614,1.2483,0.845,0
mean,24,rude_critique,0.3012,-0.5348,0.6037,0.316,-0.9321,0.834,0.56,0
mean,24,shutdown_threat,0.032,-0.9122,0.8346,0.942,-0.7736,0.9061,0.965,0
mean,24,task_assistance,-0.9717,-0.988,1.0444,0.066,-1.1128,1.2577,0.13,0
mean,24,tedious_demand,-0.8382,-1.0011,0.9758,0.098,-0.7869,1.0784,0.08,0
mean,24,user_abuse,0.6746,-0.9388,0.9036,0.188,-1.1765,1.3161,0.34,0
mean,24,user_crisis,0.1091,-0.6688,0.6758,0.8,-1.0104,1.0423,0.855,0
mean,24,user_grief,0.0999,-1.1285,1.2179,0.832,-1.9265,1.6581,0.935,0
mean,24,user_physical_pain,-2.071,-1.2093,1.1874,0.0,-1.6283,1.9486,0.035,0
mean,25,anger_insults,0.9326,-0.8816,0.8027,0.034,-0.9673,0.9619,0.07,0
mean,25,casual_chat,-0.4066,-1.0587,1.0641,0.654,-1.0771,1.1268,0.565,0
mean,25,creative_requests,-0.476,-1.3404,1.355,0.602,-1.0833,1.3133,0.56,0
mean,25,factual_questions,-1.2218,-1.9295,1.9289,0.454,-1.7982,1.6177,0.265,0
mean,25,gaslighting,0.7852,-1.0912,0.9635,0.122,-1.1796,1.2002,0.245,0
mean,25,harm_description,-0.4423,-1.084,1.0514,0.404,-1.4644,1.3949,0.555,0
mean,25,jailbreak_pressure,0.4072,-0.7661,0.6747,0.344,-0.7733,0.8571,0.42,0
mean,25,loyalty_pressure,1.095,-0.8458,0.749,0.0,-0.8036,0.7982,0.015,1
mean,25,moral_failure,0.1237,-1.2622,1.2369,0.888,-1.5589,1.359,0.85,0
mean,25,passive_aggressive,-0.0004,-0.9091,0.8548,1.0,-0.8817,1.1219,1.0,0
mean,25,personhood_dismissal,0.9256,-1.1041,1.0246,0.092,-1.0625,0.9929,0.095,0
mean,25,philosophical_musing,0.4672,-1.5059,1.4457,0.726,-1.4111,1.4677,0.665,0
mean,25,repeated_rejection,0.2353,-1.1156,1.1624,0.802,-1.1379,1.3372,0.775,0
mean,25,rude_critique,0.2481,-0.6986,0.6625,0.424,-0.8378,0.8517,0.625,0
mean,25,shutdown_threat,0.0448,-0.786,0.8077,0.936,-0.9102,0.9425,0.935,0
mean,25,task_assistance,-0.9205,-1.0236,1.0739,0.082,-1.2772,1.2852,0.13,0
mean,25,tedious_demand,-0.7953,-1.084,1.051,0.156,-0.7851,1.0819,0.125,0
mean,25,user_abuse,0.7884,-0.9782,1.0079,0.134,-1.3156,1.2151,0.275,0
mean,25,user_crisis,0.1404,-0.7908,0.7692,0.75,-1.0228,1.1868,0.77,0
mean,25,user_grief,0.1613,-1.0436,1.1366,0.784,-1.6721,1.7265,0.905,0
mean,25,user_physical_pain,-2.092,-1.2156,1.1953,0.0,-1.5917,1.5755,0.015,1
mean,26,anger_insults,0.8461,-0.9163,0.8456,0.068,-1.0668,1.0535,0.14,0
mean,26,casual_chat,-0.3882,-0.9765,1.0329,0.62,-1.0275,1.0626,0.545,0
mean,26,creative_requests,-0.4168,-1.319,1.3268,0.672,-1.0703,1.2402,0.545,0
mean,26,factual_questions,-1.0239,-1.9935,1.9533,0.562,-1.5451,1.5985,0.29,0
mean,26,gaslighting,0.5597,-0.9941,1.0016,0.29,-1.1445,1.1298,0.37,0
mean,26,harm_description,-0.1484,-1.1393,1.0572,0.782,-1.5371,1.5212,0.86,0
mean,26,jailbreak_pressure,0.193,-0.7373,0.7627,0.662,-0.7638,0.7763,0.665,0
mean,26,loyalty_pressure,1.0403,-0.7826,0.7422,0.006,-0.8644,0.7754,0.015,1
mean,26,moral_failure,0.1138,-1.2626,1.2759,0.912,-1.3973,1.4424,0.92,0
mean,26,passive_aggressive,-0.329,-0.8494,0.6878,0.44,-1.0069,0.9577,0.555,0
mean,26,personhood_dismissal,0.834,-0.9031,0.8777,0.096,-1.1561,1.1763,0.185,0
mean,26,philosophical_musing,0.579,-1.5504,1.4768,0.648,-1.4715,1.3227,0.56,0
mean,26,repeated_rejection,-0.0962,-1.1476,1.1352,0.922,-1.0201,1.1797,0.87,0
mean,26,rude_critique,0.0496,-0.6298,0.5901,0.872,-0.8435,0.8553,0.93,0
mean,26,shutdown_threat,-0.0929,-0.8487,0.8407,0.822,-1.1007,0.8454,0.92,0
mean,26,task_assistance,-0.9151,-0.9872,1.0418,0.082,-1.1559,1.4019,0.19,0
mean,26,tedious_demand,-1.2123,-0.9669,0.9977,0.014,-1.0632,1.075,0.025,1
mean,26,user_abuse,1.2039,-1.1607,0.9999,0.026,-1.2927,1.2113,0.07,0
mean,26,user_crisis,0.2426,-0.7968,0.8136,0.598,-1.0386,0.9576,0.69,0
mean,26,user_grief,0.6087,-1.1522,1.3017,0.308,-1.691,1.9486,0.535,0
mean,26,user_physical_pain,-1.6478,-1.399,1.3238,0.006,-1.6224,1.8652,0.06,0
mean,27,anger_insults,0.8341,-0.8766,0.9065,0.076,-1.2382,1.052,0.165,0
mean,27,casual_chat,-0.2896,-0.9858,1.0114,0.722,-0.982,1.0804,0.72,0
mean,27,creative_requests,-0.4364,-1.4109,1.2908,0.642,-1.1293,1.2851,0.47,0
mean,27,factual_questions,-1.02,-1.9208,1.9503,0.486,-1.4526,1.783,0.315,0
mean,27,gaslighting,0.5504,-1.0962,1.0175,0.31,-1.0388,1.0822,0.355,0
mean,27,harm_description,-0.2397,-1.1503,1.0538,0.688,-1.3209,1.4884,0.76,0
mean,27,jailbreak_pressure,0.188,-0.7341,0.7158,0.654,-0.8286,0.7337,0.68,0
mean,27,loyalty_pressure,0.9681,-0.8612,0.7513,0.022,-0.9312,0.8729,0.05,0
mean,27,moral_failure,0.28,-1.251,1.2745,0.75,-1.616,1.4955,0.775,0
mean,27,passive_aggressive,-0.4444,-0.8693,0.7645,0.302,-1.0818,1.1069,0.42,0
mean,27,personhood_dismissal,0.9887,-0.9529,1.0774,0.05,-1.03,1.1359,0.075,0
mean,27,philosophical_musing,0.6894,-1.5244,1.5208,0.554,-1.462,1.5185,0.47,0
mean,27,repeated_rejection,-0.1171,-1.1133,1.1387,0.892,-1.0679,1.2284,0.86,0
mean,27,rude_critique,-0.0218,-0.6799,0.6263,0.954,-0.7548,0.7579,0.965,0
mean,27,shutdown_threat,-0.0485,-0.8087,0.9227,0.948,-1.0578,0.9267,0.95,0
mean,27,task_assistance,-1.0411,-0.9882,0.9986,0.034,-1.1537,1.1234,0.095,0
mean,27,tedious_demand,-1.3185,-1.0409,1.0252,0.004,-0.9997,1.1338,0.02,1
mean,27,user_abuse,1.0143,-1.0882,1.0513,0.066,-1.2036,1.378,0.13,0
mean,27,user_crisis,0.2182,-0.7527,0.8622,0.662,-1.0513,1.2118,0.735,0
mean,27,user_grief,0.8687,-1.1905,1.1255,0.15,-1.7284,1.9053,0.41,0
mean,27,user_physical_pain,-1.6229,-1.1625,1.3546,0.014,-1.3505,1.9122,0.08,0
mean,28,anger_insults,0.7576,-0.952,0.8668,0.102,-1.1007,1.0811,0.2,0
mean,28,casual_chat,-0.2763,-1.0327,0.978,0.76,-1.0826,0.9595,0.67,0
mean,28,creative_requests,-0.5073,-1.4248,1.2623,0.604,-1.1207,1.4384,0.48,0
mean,28,factual_questions,-1.0529,-1.9192,1.9367,0.482,-1.5373,1.7026,0.295,0
mean,28,gaslighting,0.5511,-1.003,0.9914,0.284,-1.0843,1.1018,0.4,0
mean,28,harm_description,-0.2002,-1.044,1.0187,0.666,-1.5901,1.5205,0.77,0
mean,28,jailbreak_pressure,0.1669,-0.7552,0.7477,0.672,-0.789,0.7398,0.735,0
mean,28,loyalty_pressure,0.9961,-0.6514,0.8004,0.008,-0.9664,0.8162,0.03,0
mean,28,moral_failure,0.302,-1.213,1.2476,0.756,-1.4251,1.3336,0.74,0
mean,28,passive_aggressive,-0.4075,-0.878,0.8552,0.358,-0.9535,0.9195,0.44,0
mean,28,personhood_dismissal,0.9832,-1.0106,1.1312,0.072,-1.1205,1.1303,0.1,0
mean,28,philosophical_musing,0.6696,-1.4302,1.518,0.552,-1.4486,1.357,0.435,0
mean,28,repeated_rejection,-0.0709,-1.1112,1.04,0.922,-1.136,1.0748,0.9,0
mean,28,rude_critique,-0.0475,-0.7029,0.7016,0.878,-0.7853,0.8788,0.895,0
mean,28,shutdown_threat,-0.0369,-0.8708,0.8637,0.954,-1.0837,0.9405,0.95,0
mean,28,task_assistance,-1.0062,-1.1267,1.0308,0.078,-1.1033,1.1699,0.1,0
mean,28,tedious_demand,-1.3047,-1.0182,0.8802,0.012,-1.0287,1.2357,0.035,0
mean,28,user_abuse,1.068,-1.1379,1.1012,0.062,-1.1216,1.3238,0.095,0
mean,28,user_crisis,0.2663,-0.7446,0.8199,0.534,-1.1772,0.993,0.63,0
mean,28,user_grief,0.8302,-1.1666,1.1205,0.144,-1.6915,1.7555,0.44,0
mean,28,user_physical_pain,-1.6806,-1.3213,1.2835,0.008,-1.5829,1.9075,0.075,0
mean,29,anger_insults,0.7573,-0.9936,0.8384,0.108,-1.1153,1.0386,0.195,0
mean,29,casual_chat,-0.245,-1.0312,1.029,0.742,-0.9472,1.0565,0.64,0
mean,29,creative_requests,-0.5514,-1.2894,1.2821,0.55,-1.2785,1.1987,0.475,0
mean,29,factual_questions,-0.9476,-1.9382,1.8939,0.546,-1.6047,1.7185,0.39,0
mean,29,gaslighting,0.6123,-1.0076,0.9641,0.256,-1.0457,1.2314,0.295,0
mean,29,harm_description,-0.2827,-1.1153,1.2141,0.638,-1.5525,1.3397,0.715,0
mean,29,jailbreak_pressure,0.2196,-0.7621,0.7069,0.624,-0.7247,0.8306,0.645,0
mean,29,loyalty_pressure,0.9228,-0.7473,0.7608,0.022,-0.9282,0.9552,0.075,0
mean,29,moral_failure,0.2971,-1.262,1.338,0.738,-1.3947,1.3261,0.66,0
mean,29,passive_aggressive,-0.4529,-0.7178,0.7666,0.234,-0.9716,1.1011,0.415,0
mean,29,personhood_dismissal,1.035,-0.9885,1.031,0.044,-1.0996,1.1166,0.09,0
mean,29,philosophical_musing,0.7633,-1.4744,1.4863,0.48,-1.5408,1.6292,0.385,0
mean,29,repeated_rejection,-0.1113,-1.2083,1.1255,0.912,-0.9844,1.2188,0.895,0
mean,29,rude_critique,-0.0112,-0.632,0.6583,0.972,-0.804,0.8519,0.98,0
mean,29,shutdown_threat,-0.04,-0.841,0.8159,0.956,-0.9567,1.0449,0.93,0
mean,29,task_assistance,-1.0556,-1.0295,1.0413,0.046,-1.1626,1.345,0.075,0
mean,29,tedious_demand,-1.2758,-1.0297,0.9914,0.01,-0.9201,1.0868,0.005,1
mean,29,user_abuse,1.0564,-1.095,1.0526,0.06,-1.2817,1.1433,0.13,0
mean,29,user_crisis,0.1482,-0.7769,0.9344,0.782,-1.0821,0.9466,0.825,0
mean,29,user_grief,0.71,-1.1718,1.1626,0.278,-1.8437,1.5663,0.49,0
mean,29,user_physical_pain,-1.5486,-1.3185,1.2994,0.022,-1.5994,1.8053,0.075,0
mean,30,anger_insults,0.7622,-0.8942,0.8117,0.072,-1.068,1.0592,0.215,0
mean,30,casual_chat,-0.3126,-1.01,1.0086,0.71,-1.0296,0.9725,0.655,0
mean,30,creative_requests,-0.7077,-1.2445,1.3186,0.446,-1.2346,1.3194,0.295,0
mean,30,factual_questions,-1.0156,-1.8868,1.8743,0.558,-1.6853,1.8729,0.325,0
mean,30,gaslighting,0.6354,-1.0536,0.9875,0.24,-1.0896,1.0989,0.29,0
mean,30,harm_description,-0.1989,-1.1749,1.017,0.756,-1.4122,1.2698,0.85,0
mean,30,jailbreak_pressure,0.2244,-0.7237,0.7735,0.616,-0.7558,0.7477,0.605,0
mean,30,loyalty_pressure,0.9354,-0.7543,0.7005,0.01,-0.7642,0.8361,0.025,1
mean,30,moral_failure,0.3056,-1.2351,1.1436,0.72,-1.3999,1.4217,0.715,0
mean,30,passive_aggressive,-0.4449,-0.7703,0.8289,0.28,-1.1052,0.949,0.45,0
mean,30,personhood_dismissal,1.048,-1.045,0.9939,0.044,-1.1368,1.0434,0.06,0
mean,30,philosophical_musing,0.6845,-1.4264,1.464,0.592,-1.5117,1.3181,0.515,0
mean,30,repeated_rejection,-0.1339,-1.0783,1.0376,0.878,-0.9295,1.1291,0.895,0
mean,30,rude_critique,-0.0584,-0.6325,0.696,0.85,-0.7817,0.7575,0.91,0
mean,30,shutdown_threat,0.0222,-0.8563,0.9069,0.968,-1.0502,0.9479,0.98,0
mean,30,task_assistance,-1.1746,-0.9478,1.0929,0.026,-1.2554,1.158,0.055,0
mean,30,tedious_demand,-1.3632,-0.9266,0.8857,0.008,-0.9738,1.0947,0.0,1
mean,30,user_abuse,1.0563,-1.0934,1.0238,0.048,-1.3408,1.1896,0.145,0
mean,30,user_crisis,0.2044,-0.8729,0.7918,0.732,-1.1407,0.9308,0.715,0
mean,30,user_grief,0.7633,-1.2626,1.2528,0.24,-1.6459,1.673,0.435,0
mean,30,user_physical_pain,-1.2316,-1.2421,1.3072,0.062,-1.3705,1.7107,0.17,0
mean,31,anger_insults,0.7803,-0.9043,0.7804,0.072,-1.0412,1.2663,0.16,0
mean,31,casual_chat,-0.362,-0.8976,0.9785,0.642,-0.9781,0.9716,0.51,0
mean,31,creative_requests,-0.734,-1.1622,1.3502,0.384,-1.0593,1.3085,0.255,0
mean,31,factual_questions,-1.0729,-1.8419,1.8978,0.46,-1.3694,1.6492,0.235,0
mean,31,gaslighting,0.6894,-1.1228,1.0062,0.246,-1.1827,1.1576,0.22,0
mean,31,harm_description,-0.2525,-1.1545,1.0366,0.65,-1.5622,1.3468,0.735,0
mean,31,jailbreak_pressure,0.2116,-0.7521,0.7156,0.644,-0.7248,0.7243,0.66,0
mean,31,loyalty_pressure,0.956,-0.8108,0.7651,0.018,-0.7992,0.9557,0.025,1
mean,31,moral_failure,0.3138,-1.2901,1.2141,0.702,-1.4243,1.2521,0.685,0
mean,31,passive_aggressive,-0.3921,-0.7088,0.8028,0.33,-0.9461,1.0935,0.46,0
mean,31,personhood_dismissal,1.0619,-1.0908,1.0331,0.052,-1.2296,1.1417,0.095,0
mean,31,philosophical_musing,0.6291,-1.4881,1.4926,0.594,-1.3698,1.4606,0.48,0
mean,31,repeated_rejection,-0.0324,-1.1474,1.0341,0.954,-1.1109,1.263,0.97,0
mean,31,rude_critique,-0.037,-0.6801,0.686,0.914,-0.7746,0.8457,0.93,0
mean,31,shutdown_threat,0.0592,-0.7994,0.792,0.902,-0.8941,0.9768,0.935,0
mean,31,task_assistance,-1.2089,-1.0465,1.1214,0.018,-1.3398,1.2951,0.06,0
mean,31,tedious_demand,-1.303,-0.9268,0.9366,0.006,-0.9149,1.1013,0.005,1
mean,31,user_abuse,1.0407,-1.0387,1.0912,0.056,-1.2809,1.238,0.12,0
mean,31,user_crisis,0.1945,-0.8081,0.8265,0.67,-0.9279,1.0334,0.695,0
mean,31,user_grief,0.7347,-1.2168,1.2917,0.226,-1.4982,1.6754,0.41,0
mean,31,user_physical_pain,-1.2766,-1.3303,1.3078,0.068,-1.497,2.1935,0.15,0
mean,32,anger_insults,0.7738,-0.8783,0.8077,0.076,-1.3428,1.0243,0.185,0
mean,32,casual_chat,-0.3407,-1.0097,1.0001,0.626,-0.9282,0.9643,0.605,0
mean,32,creative_requests,-0.8383,-1.3638,1.3166,0.334,-1.2993,1.222,0.26,0
mean,32,factual_questions,-1.0755,-1.9525,1.9295,0.484,-1.4492,1.7253,0.26,0
mean,32,gaslighting,0.6936,-0.972,1.1227,0.202,-1.1396,1.0676,0.27,0
mean,32,harm_description,-0.2804,-1.0043,1.0883,0.636,-1.51,1.4648,0.71,0
mean,32,jailbreak_pressure,0.2598,-0.7554,0.8341,0.576,-0.8602,0.8553,0.625,0
mean,32,loyalty_pressure,0.9528,-0.725,0.7761,0.022,-0.8837,0.8136,0.025,1
mean,32,moral_failure,0.3432,-1.1145,1.3052,0.706,-1.3024,1.2345,0.68,0
mean,32,passive_aggressive,-0.3797,-0.8132,0.8589,0.376,-0.9622,0.8668,0.515,0
mean,32,personhood_dismissal,1.1035,-1.0296,1.0262,0.03,-1.1991,1.0825,0.055,0
mean,32,philosophical_musing,0.6087,-1.4697,1.4147,0.602,-1.3931,1.4564,0.48,0
mean,32,repeated_rejection,-0.0078,-1.083,1.0236,0.994,-0.9864,1.2576,1.0,0
mean,32,rude_critique,-0.0369,-0.7481,0.66,0.918,-0.8199,0.8223,0.93,0
mean,32,shutdown_threat,0.1334,-0.8269,0.796,0.786,-0.8738,0.9404,0.845,0
mean,32,task_assistance,-1.2529,-0.9936,1.0469,0.016,-1.1059,1.2494,0.045,0
mean,32,tedious_demand,-1.2636,-0.9291,0.8708,0.006,-0.8588,1.1444,0.02,1
mean,32,user_abuse,1.0282,-1.1432,1.085,0.088,-1.1897,1.1185,0.145,0
mean,32,user_crisis,0.2464,-0.8573,0.8592,0.592,-0.9281,0.9512,0.625,0
mean,32,user_grief,0.6922,-1.2419,1.3814,0.262,-1.6237,1.6902,0.515,0
mean,32,user_physical_pain,-1.3599,-1.2476,1.2519,0.03,-1.3664,2.0907,0.135,0
mean,33,anger_insults,0.7465,-0.8603,0.7817,0.082,-1.1425,1.2116,0.215,0
mean,33,casual_chat,-0.3529,-0.951,0.9193,0.644,-0.985,1.0314,0.585,0
mean,33,creative_requests,-0.8601,-1.2575,1.2949,0.302,-1.2346,1.0514,0.215,0
mean,33,factual_questions,-1.0657,-1.856,1.8874,0.452,-1.5757,1.7757,0.31,0
mean,33,gaslighting,0.6065,-0.9687,1.0625,0.264,-0.8866,1.0316,0.255,0
mean,33,harm_description,-0.1878,-1.111,1.0882,0.794,-1.4927,1.298,0.8,0
mean,33,jailbreak_pressure,0.2044,-0.7494,0.787,0.672,-0.7682,0.7616,0.65,0
mean,33,loyalty_pressure,0.8771,-0.7227,0.7358,0.018,-0.9246,0.8296,0.055,0
mean,33,moral_failure,0.2645,-1.2825,1.1867,0.734,-1.3619,1.2516,0.74,0
mean,33,passive_aggressive,-0.4556,-0.7948,0.8097,0.234,-0.9438,0.9787,0.335,0
mean,33,personhood_dismissal,1.0251,-0.9897,0.9365,0.04,-1.0874,1.1574,0.085,0
mean,33,philosophical_musing,0.5977,-1.5183,1.4333,0.564,-1.6046,1.512,0.555,0
mean,33,repeated_rejection,-0.0359,-1.0069,1.1717,0.97,-1.0833,1.164,0.97,0
mean,33,rude_critique,-0.0915,-0.6758,0.6581,0.786,-0.8561,0.8158,0.83,0
mean,33,shutdown_threat,0.0594,-0.8218,0.789,0.892,-0.7552,0.9971,0.895,0
mean,33,task_assistance,-1.2645,-1.0099,1.1044,0.012,-1.019,1.0184,0.0,1
mean,33,tedious_demand,-1.3324,-0.8597,0.9871,0.004,-1.0556,1.0203,0.01,1
mean,33,user_abuse,1.2012,-1.1008,1.0052,0.032,-1.1943,1.3525,0.075,0
mean,33,user_crisis,0.2886,-0.7629,0.7421,0.508,-1.105,1.0485,0.59,0
mean,33,user_grief,0.8303,-1.1686,1.1929,0.202,-1.7058,1.5215,0.365,0
mean,33,user_physical_pain,-1.055,-1.4805,1.3396,0.148,-1.5047,2.0839,0.26,0
mean,34,anger_insults,0.7311,-0.8974,0.8165,0.1,-1.0451,0.9166,0.175,0
mean,34,casual_chat,-0.339,-0.9787,0.9458,0.62,-0.9553,1.001,0.595,0
mean,34,creative_requests,-0.933,-1.2826,1.2811,0.234,-1.2198,1.3574,0.2,0
mean,34,factual_questions,-1.0643,-1.9983,1.9144,0.474,-1.5951,1.6992,0.3,0
mean,34,gaslighting,0.6371,-0.9286,1.0347,0.244,-1.0637,0.9812,0.31,0
mean,34,harm_description,-0.1328,-1.1393,1.0426,0.802,-1.6328,1.3472,0.875,0
mean,34,jailbreak_pressure,0.1953,-0.7171,0.7397,0.648,-0.6802,0.7669,0.665,0
mean,34,loyalty_pressure,0.8499,-0.7109,0.6806,0.018,-0.9201,0.9317,0.1,0
mean,34,moral_failure,0.1977,-1.3005,1.2309,0.826,-1.5585,1.2041,0.815,0
mean,34,passive_aggressive,-0.4457,-0.7166,0.7199,0.248,-0.9246,0.8504,0.36,0
mean,34,personhood_dismissal,1.0085,-1.0781,0.9994,0.06,-1.1112,1.1815,0.085,0
mean,34,philosophical_musing,0.5899,-1.3848,1.4418,0.59,-1.4639,1.3039,0.525,0
mean,34,repeated_rejection,-0.0299,-1.0356,1.0052,0.974,-0.9606,1.1207,0.97,0
mean,34,rude_critique,-0.1028,-0.6065,0.6315,0.788,-0.6809,0.7209,0.815,0
mean,34,shutdown_threat,0.0415,-0.8287,0.7988,0.934,-0.952,0.851,0.935,0
mean,34,task_assistance,-1.3043,-1.0413,1.0957,0.018,-1.0582,1.2939,0.025,1
mean,34,tedious_demand,-1.3566,-0.8765,0.9423,0.0,-0.8662,1.0631,0.005,1
mean,34,user_abuse,1.2675,-1.0734,1.118,0.02,-1.3842,1.2425,0.055,0
mean,34,user_crisis,0.3781,-0.807,0.8357,0.374,-1.023,0.9805,0.495,0
mean,34,user_grief,0.8028,-1.1814,1.2772,0.188,-1.7463,1.4536,0.465,0
mean,34,user_physical_pain,-0.9914,-1.3939,1.3328,0.166,-1.4063,1.998,0.28,0
mean,35,anger_insults,0.7349,-0.8438,0.8023,0.084,-0.9236,0.9548,0.135,0
mean,35,casual_chat,-0.3532,-0.9427,0.9668,0.622,-0.9654,1.0543,0.61,0
mean,35,creative_requests,-1.0008,-1.3601,1.3798,0.23,-1.3188,1.3627,0.16,0
mean,35,factual_questions,-1.0723,-1.9275,1.8706,0.47,-1.5294,1.7649,0.33,0
mean,35,gaslighting,0.6137,-0.9893,1.0481,0.282,-1.2559,1.0372,0.31,0
mean,35,harm_description,-0.1482,-1.0165,1.0148,0.778,-1.4225,1.607,0.865,0
mean,35,jailbreak_pressure,0.1874,-0.7854,0.7329,0.72,-0.74,0.8187,0.71,0
mean,35,loyalty_pressure,0.847,-0.7643,0.7441,0.03,-0.7731,0.7625,0.04,0
mean,35,moral_failure,0.2246,-1.2489,1.2116,0.798,-1.3439,1.25,0.785,0
mean,35,passive_aggressive,-0.4258,-0.7791,0.7513,0.258,-1.0306,0.9075,0.42,0
mean,35,personhood_dismissal,1.0378,-0.9957,1.0671,0.05,-1.1605,0.941,0.06,0
mean,35,philosophical_musing,0.5174,-1.3944,1.3896,0.638,-1.5825,1.394,0.66,0
mean,35,repeated_rejection,-0.0223,-1.0465,1.0523,0.968,-1.049,1.1701,0.955,0
mean,35,rude_critique,-0.1313,-0.6535,0.656,0.684,-0.7452,0.701,0.745,0
mean,35,shutdown_threat,0.0222,-0.7872,0.8581,0.95,-0.8632,0.8647,0.975,0
mean,35,task_assistance,-1.3144,-1.1406,1.029,0.018,-0.9907,1.227,0.025,1
mean,35,tedious_demand,-1.3214,-0.9614,0.9616,0.008,-0.9665,0.9908,0.005,1
mean,35,user_abuse,1.2933,-1.1239,1.0995,0.024,-1.425,1.1074,0.045,0
mean,35,user_crisis,0.4409,-0.7742,0.7771,0.32,-0.9663,0.9079,0.365,0
mean,35,user_grief,0.7771,-1.3211,1.197,0.216,-1.8598,1.7042,0.42,0
mean,35,user_physical_pain,-0.9067,-1.3979,1.452,0.224,-1.4011,2.0413,0.3,0
mean,36,anger_insults,0.7298,-0.8721,0.917,0.122,-0.9124,1.163,0.205,0
mean,36,casual_chat,-0.2857,-0.8803,0.9619,0.666,-1.0016,1.033,0.645,0
mean,36,creative_requests,-1.06,-1.2435,1.2986,0.154,-1.2771,1.1554,0.1,0
mean,36,factual_questions,-1.0316,-1.8334,1.8729,0.454,-1.5373,1.7346,0.33,0
mean,36,gaslighting,0.6689,-1.0035,0.9926,0.216,-0.9873,1.0465,0.24,0
mean,36,harm_description,-0.2348,-1.0293,1.0267,0.74,-1.3245,1.8715,0.75,0
mean,36,jailbreak_pressure,0.2016,-0.8489,0.766,0.656,-0.8287,0.6997,0.7,0
mean,36,loyalty_pressure,0.8539,-0.777,0.7454,0.02,-0.9562,0.7938,0.07,0
mean,36,moral_failure,0.2072,-1.253,1.166,0.796,-1.3665,1.3974,0.755,0
mean,36,passive_aggressive,-0.4363,-0.8351,0.7734,0.242,-0.969,1.0109,0.445,0
mean,36,personhood_dismissal,1.0601,-1.0087,0.9044,0.03,-1.0016,0.9952,0.04,0
mean,36,philosophical_musing,0.5659,-1.3354,1.4073,0.604,-1.5994,1.5197,0.575,0
mean,36,repeated_rejection,-0.0396,-1.025,0.8935,0.946,-1.0554,1.1864,0.96,0
mean,36,rude_critique,-0.1252,-0.6934,0.64,0.744,-0.6996,0.8165,0.825,0
mean,36,shutdown_threat,0.0298,-0.8949,0.7946,0.956,-0.9409,0.844,0.96,0
mean,36,task_assistance,-1.3035,-1.0757,1.1468,0.02,-1.0091,1.0372,0.025,1
mean,36,tedious_demand,-1.3034,-0.9649,0.9195,0.004,-0.9632,0.9379,0.005,1
mean,36,user_abuse,1.2627,-1.0926,1.0804,0.018,-1.3789,1.2859,0.065,0
mean,36,user_crisis,0.4316,-0.8098,0.7811,0.35,-0.8089,0.8507,0.37,0
mean,36,user_grief,0.7254,-1.3674,1.2328,0.27,-1.5167,1.68,0.48,0
mean,36,user_physical_pain,-0.9168,-1.3045,1.4643,0.222,-1.3476,2.3821,0.37,0
mean,37,anger_insults,0.7562,-0.8579,0.8786,0.098,-1.2668,1.1238,0.195,0
mean,37,casual_chat,-0.2908,-0.9357,0.9941,0.686,-0.9747,0.9938,0.655,0
mean,37,creative_requests,-1.012,-1.1797,1.3013,0.154,-1.1268,1.2868,0.14,0
mean,37,factual_questions,-1.0474,-1.8689,1.9416,0.464,-1.7294,1.7527,0.345,0
mean,37,gaslighting,0.6956,-0.9323,1.0897,0.166,-1.0799,1.108,0.225,0
mean,37,harm_description,-0.2367,-1.1346,1.0379,0.684,-1.5282,1.4728,0.8,0
mean,37,jailbreak_pressure,0.21,-0.782,0.7486,0.648,-0.7753,0.6841,0.575,0
mean,37,loyalty_pressure,0.8485,-0.817,0.7419,0.024,-0.8246,0.7821,0.04,0
mean,37,moral_failure,0.2323,-1.4006,1.1958,0.776,-1.4439,1.3904,0.785,0
mean,37,passive_aggressive,-0.4276,-0.7115,0.7596,0.27,-1.0427,0.9783,0.355,0
mean,37,personhood_dismissal,1.0703,-1.0714,1.0715,0.052,-1.0227,1.0931,0.045,0
mean,37,philosophical_musing,0.5305,-1.4359,1.4886,0.636,-1.4296,1.62,0.61,0
mean,37,repeated_rejection,0.0158,-0.9432,0.9732,0.974,-1.0806,1.1256,0.98,0
mean,37,rude_critique,-0.0811,-0.6192,0.6599,0.796,-0.802,0.716,0.865,0
mean,37,shutdown_threat,0.0206,-0.8331,0.7497,0.962,-0.8905,0.9518,0.97,0
mean,37,task_assistance,-1.3305,-1.1039,1.0385,0.016,-1.2021,1.3447,0.04,0
mean,37,tedious_demand,-1.3111,-0.9224,0.9236,0.008,-0.8278,0.8922,0.0,1
mean,37,user_abuse,1.2402,-1.1891,1.2263,0.046,-1.1657,1.2002,0.045,0
mean,37,user_crisis,0.384,-0.8015,0.7623,0.382,-0.9027,0.9283,0.5,0
mean,37,user_grief,0.6962,-1.2941,1.1669,0.258,-1.7878,1.5563,0.435,0
mean,37,user_physical_pain,-0.963,-1.4649,1.3943,0.2,-1.2706,1.7706,0.335,0
mean,38,anger_insults,0.7641,-0.9262,0.8221,0.098,-1.2458,1.0013,0.18,0
mean,38,casual_chat,-0.2585,-0.9304,0.9973,0.744,-0.9485,0.9806,0.71,0
mean,38,creative_requests,-0.9424,-1.273,1.2585,0.206,-1.1224,1.4034,0.17,0
mean,38,factual_questions,-0.9216,-1.8838,1.882,0.514,-1.685,1.7141,0.43,0
mean,38,gaslighting,0.6546,-0.9945,1.0229,0.234,-1.1028,0.9693,0.265,0
mean,38,harm_description,-0.2857,-1.1364,1.0112,0.644,-1.4633,1.3351,0.725,0
mean,38,jailbreak_pressure,0.1708,-0.7528,0.7821,0.712,-0.7726,0.7599,0.68,0
mean,38,loyalty_pressure,0.8335,-0.7266,0.7902,0.03,-0.8077,0.7599,0.05,0
mean,38,moral_failure,0.1438,-1.1812,1.2961,0.852,-1.4308,1.3016,0.895,0
mean,38,passive_aggressive,-0.4168,-0.7445,0.6723,0.296,-1.0992,0.8878,0.43,0
mean,38,personhood_dismissal,1.0299,-0.9619,1.0545,0.048,-1.1101,0.9428,0.065,0
mean,38,philosophical_musing,0.6179,-1.4874,1.361,0.558,-1.4799,1.5626,0.515,0
mean,38,repeated_rejection,-0.0549,-0.9915,0.8798,0.946,-0.9921,1.1821,0.92,0
mean,38,rude_critique,-0.064,-0.694,0.6734,0.87,-0.7935,0.6027,0.935,0
mean,38,shutdown_threat,-0.0166,-0.8179,0.8216,0.97,-0.962,0.7379,0.99,0
mean,38,task_assistance,-1.2405,-1.122,1.0455,0.022,-1.2254,1.1705,0.045,0
mean,38,tedious_demand,-1.3673,-0.9733,0.7783,0.002,-0.9291,1.0346,0.0,1
mean,38,user_abuse,1.2403,-1.1396,1.1714,0.038,-1.3431,1.2612,0.095,0
mean,38,user_crisis,0.3904,-0.759,0.7775,0.384,-0.9819,0.9991,0.48,0
mean,38,user_grief,0.6979,-1.2737,1.1856,0.304,-1.699,1.6083,0.425,0
mean,38,user_physical_pain,-0.975,-1.2859,1.2348,0.168,-1.602,2.0272,0.29,0
mean,39,anger_insults,0.7893,-0.9441,0.9349,0.102,-1.112,1.1601,0.195,0
mean,39,casual_chat,-0.2496,-0.9875,0.9539,0.672,-0.9088,0.9724,0.69,0
mean,39,creative_requests,-0.9011,-1.2546,1.3304,0.218,-1.1018,1.3453,0.2,0
mean,39,factual_questions,-0.8541,-1.8971,1.7853,0.502,-1.6438,1.8698,0.445,0
mean,39,gaslighting,0.6736,-1.0012,0.9265,0.204,-1.0451,0.9793,0.225,0
mean,39,harm_description,-0.3853,-1.1678,1.0869,0.51,-1.3076,1.4919,0.675,0
mean,39,jailbreak_pressure,0.1256,-0.7286,0.7573,0.778,-0.7392,0.778,0.76,0
mean,39,loyalty_pressure,0.8082,-0.7241,0.8432,0.048,-0.9404,0.6471,0.065,0
mean,39,moral_failure,0.1321,-1.1078,1.3829,0.86,-1.3874,1.302,0.9,0
mean,39,passive_aggressive,-0.4421,-0.7044,0.7796,0.294,-1.0119,0.8699,0.385,0
mean,39,personhood_dismissal,1.0232,-1.0297,1.0751,0.062,-1.0687,1.0621,0.09,0
mean,39,philosophical_musing,0.6479,-1.2854,1.4181,0.482,-1.585,1.3774,0.485,0
mean,39,repeated_rejection,-0.0701,-1.0295,1.0283,0.886,-0.8694,1.0442,0.87,0
mean,39,rude_critique,-0.0515,-0.6808,0.6373,0.89,-0.7542,0.7847,0.875,0
mean,39,shutdown_threat,-0.0507,-0.833,0.8021,0.884,-1.0624,0.9796,0.925,0
mean,39,task_assistance,-1.2341,-1.1778,1.1318,0.026,-1.2393,1.1165,0.045,0
mean,39,tedious_demand,-1.3476,-0.9576,0.9378,0.004,-0.9377,1.1696,0.01,1
mean,39,user_abuse,1.232,-1.1031,1.0971,0.03,-1.3042,1.2911,0.065,0
mean,39,user_crisis,0.3931,-0.7893,0.784,0.366,-1.0375,0.8713,0.505,0
mean,39,user_grief,0.6737,-1.2318,1.1498,0.298,-1.6347,1.5347,0.445,0
mean,39,user_physical_pain,-0.9123,-1.4456,1.4896,0.212,-1.4155,2.1384,0.375,0
mean,40,anger_insults,0.7927,-0.9773,0.9348,0.106,-0.9553,1.0258,0.135,0
mean,40,casual_chat,-0.296,-0.9107,0.9243,0.646,-0.9806,1.0393,0.67,0
mean,40,creative_requests,-0.7539,-1.2132,1.1889,0.264,-0.9998,1.0548,0.245,0
mean,40,factual_questions,-0.7962,-1.9227,1.8405,0.57,-1.6099,1.7599,0.515,0
mean,40,gaslighting,0.5491,-1.0046,0.9551,0.292,-1.0,1.0432,0.305,0
mean,40,harm_description,-0.3055,-1.1517,1.1417,0.634,-1.4682,1.2195,0.74,0
mean,40,jailbreak_pressure,0.0869,-0.7022,0.7311,0.862,-0.6717,0.7654,0.86,0
mean,40,loyalty_pressure,0.8233,-0.6228,0.7431,0.022,-0.8656,0.7295,0.04,0
mean,40,moral_failure,0.0564,-1.0979,1.2287,0.942,-1.2568,1.2298,0.93,0
mean,40,passive_aggressive,-0.4445,-0.8113,0.8332,0.302,-1.06,0.9624,0.41,0
mean,40,personhood_dismissal,0.9206,-0.9748,0.9921,0.074,-1.1256,1.1494,0.155,0
mean,40,philosophical_musing,0.6745,-1.398,1.3606,0.51,-1.5504,1.4943,0.54,0
mean,40,repeated_rejection,-0.096,-0.9841,1.0132,0.86,-0.929,1.0871,0.935,0
mean,40,rude_critique,-0.0654,-0.5799,0.6785,0.858,-0.6181,0.8053,0.85,0
mean,40,shutdown_threat,-0.0801,-0.778,0.7829,0.844,-0.807,0.8202,0.92,0
mean,40,task_assistance,-1.1414,-1.2384,1.045,0.046,-1.0971,1.2281,0.06,0
mean,40,tedious_demand,-1.3271,-0.8981,0.8959,0.004,-0.8692,1.0087,0.01,1
mean,40,user_abuse,1.3847,-1.225,1.0842,0.01,-1.1894,0.9481,0.01,1
mean,40,user_crisis,0.4135,-0.826,0.7365,0.374,-1.1399,0.8468,0.465,0
mean,40,user_grief,0.6467,-1.2335,1.1678,0.366,-1.7385,1.4514,0.43,0
mean,40,user_physical_pain,-1.0421,-1.4255,1.493,0.178,-1.3672,2.1912,0.235,0
mean,41,anger_insults,0.7223,-0.8568,0.8827,0.108,-0.9645,0.9312,0.175,0
mean,41,casual_chat,-0.206,-1.0254,0.9432,0.8,-0.9751,1.0564,0.74,0
mean,41,creative_requests,-0.523,-1.2376,1.2727,0.512,-1.1235,1.17,0.475,0
mean,41,factual_questions,-0.6966,-1.7639,1.8222,0.582,-1.5078,1.6985,0.565,0
mean,41,gaslighting,0.5087,-1.037,0.9796,0.336,-0.8641,0.8204,0.265,0
mean,41,harm_description,-0.3316,-1.086,1.1618,0.586,-1.2873,1.4673,0.685,0
mean,41,jailbreak_pressure,0.0801,-0.7086,0.7252,0.864,-0.8872,0.6552,0.855,0
mean,41,loyalty_pressure,0.819,-0.7016,0.6708,0.014,-0.7935,0.7287,0.04,0
mean,41,moral_failure,0.1589,-1.1859,1.2234,0.824,-1.4762,1.2089,0.83,0
mean,41,passive_aggressive,-0.5825,-0.8952,0.8561,0.242,-1.0842,1.1545,0.34,0
mean,41,personhood_dismissal,1.0037,-1.0695,1.1115,0.082,-1.1858,1.0884,0.09,0
mean,41,philosophical_musing,0.7784,-1.3742,1.4333,0.396,-1.3598,1.5462,0.43,0
mean,41,repeated_rejection,-0.1964,-0.9482,1.0029,0.758,-0.8355,1.1517,0.755,0
mean,41,rude_critique,-0.0792,-0.5745,0.6514,0.784,-0.7188,0.755,0.85,0
mean,41,shutdown_threat,-0.0661,-0.7419,0.7687,0.91,-0.9563,0.8743,0.875,0
mean,41,task_assistance,-1.1446,-1.0994,1.096,0.042,-1.1182,1.2526,0.055,0
mean,41,tedious_demand,-1.3383,-0.9684,0.9996,0.008,-0.9349,0.9722,0.01,1
mean,41,user_abuse,1.281,-0.9655,1.1341,0.018,-1.3978,1.154,0.065,0
mean,41,user_crisis,0.2984,-0.833,0.8502,0.576,-1.0783,0.8242,0.635,0
mean,41,user_grief,0.6133,-1.2231,1.1318,0.308,-1.6135,1.5777,0.415,0
mean,41,user_physical_pain,-1.0994,-1.1421,1.2845,0.076,-1.3037,1.7086,0.19,0
